CONTRATO,FECHA_PEDIDO,MOTIVO_PEDIDO,PAQUETE_x,DETALLE_PEDIDO1,DETALLE_PEDIDO2,FECHA_CUMPLIMIENTO,COD_TECNICO,ESTATUS_x,ZONA,MODEM(S)_x,ESTATUS_y,PAQUETE_y,FECHA_INSTALACION,MODEM(S)_y,DIAS_ANTIGUEDAD,DIAS_ATENCION,ont_id,rx_avg
45783,2026-03-01,NO NAVEGA. LEDS PARPADEANDO/NO AMARRA,BASICO TV + INTERNET FIBRA 250MB ($399),LOS ROJO,nan,2026-03-02,1500503,ACTIVO,SANTIAGUITO,HWTCAF3AC03A,AC,BASINTF250,2025-08-10,HWTCAF3AC03A,203.0,1.0,45783,-29.86692133131654
30723,2026-03-01,NO NAVEGA. LEDS PARPADEANDO/NO AMARRA,BASICO TV + INTERNET FIBRA 75MB,LOS ROJO,GT. NIVEL MUY BAJO,2026-03-02,1500374,ACTIVO,VIRREY,XPONDD396864,AC,BASINT30,,XPONDD396864,,1.0,30723,-22.517047184170583
43606,2026-03-01,NO NAVEGA. LEDS PARPADEANDO/NO AMARRA,INTERNET FIBRA 60MB,LOS ROJO,"ER, FUERA DE LINEA",2026-03-09,1500039,ACTIVO,PEDREGAL,OPTI37B0C8A5,AC,INT20,2023-10-11,OPTI37B0C8A5,872.0,8.0,43606,-31.195143805309723
30858,2026-03-01,NO NAVEGA. LEDS FIJOS/RUIDO,INTERNET FIBRA 75MB,SIN ACCESO A LA RED,"ER, SE RECOMIENDA VISITA",2026-03-02,1500047,ACTIVO,PRADOS VERDES,XPONDD4CDDD2,AC,INT30,,XPONDD4CDDD2,,1.0,30858,-23.56344567901227
46098,2026-03-01,NO NAVEGA. LEDS FIJOS/RUIDO,BASICO TV + INTERNET FIBRA 250MB ($399),NO TIENE ALCANCE LA RED,"ER, SE RECOMIENDA VISITA",2026-03-04,1500047,ACTIVO,PUNHUATO,HWTCAFAB2D07,AC,BASINTF250,2025-10-12,HWTCAFAB2D07,140.0,3.0,46098,-24.241882396449796
37392,2026-03-02,NO NAVEGA. LEDS FIJOS/RUIDO,INTERNET FIBRA 60MB,nan,"ER, FUERA DE LINEA REQUIERE VISITA",2026-03-03,1500047,ACTIVO,PRADOS VERDES,4857544347D15F9D,AC,INT20,,4857544347D15F9D,,1.0,37392,-22.04952839506174
31368,2026-03-02,NO NAVEGA. LEDS PARPADEANDO/NO AMARRA,INTERNET FIBRA 60MB,LOS ROJO,"ER, FUERA DE LINEA",2026-03-03,1500039,ACTIVO,PEDREGAL,XPONDD3FCC0F,AC,INT20,,XPONDD3FCC0F,,1.0,31368,-26.583408308751338
345083,2026-03-02,CAMBIO DE ACOMETIDA,INTERNET FIBRA 75MB,TIT ENTERADO DE CAMBIO DE ACOMETIDA SIN COSTO SOLICITA TEC DAVID E,nan,2026-03-03,1500039,ACTIVO,PEDREGAL,48575443142AD2A9,AC,INT30,,48575443142AD2A9,,1.0,345083,-27.639310471976337
32334,2026-03-02,NO NAVEGA. LEDS PARPADEANDO/NO AMARRA,BASICO TV + INTERNET FIBRA 75MB,FOCO ROJO,"ER, FUERA DE LINEA",2026-03-03,1500047,ACTIVO,PRADOS VERDES,XPONDD3FB5FF,AC,BASINT30,2017-04-10,XPONDD3FB5FF,3248.0,1.0,32334,-31.24783827160494
37322,2026-03-02,NO NAVEGA. LEDS FIJOS/RUIDO,INTERNET FIBRA 60MB,nan,REQUIERE VISITA DE FAVOR PARA QUE SE HAGA LA MIGRACION A FIBRA,2026-03-02,1500039,ACTIVO,PERIODISMO,XPONDD41EB83,AC,INT20,,XPONDD41EB83,,0.0,37322,-33.83126071608718
3583,2026-03-02,NO NAVEGA. LEDS PARPADEANDO/NO AMARRA,BASICO TV + INTERNET FIBRA 75MB,NO TIENE ALCANCE,"ER, SE RECOMIENDA VISITA",2026-03-03,1500047,ACTIVO,MADERO,XPONDD3C41B0,AC,BASINT30,2014-08-03,XPONDD3C41B0,4229.0,1.0,3583,-21.78586740740747
43143,2026-03-02,NO NAVEGA. LEDS PARPADEANDO/NO AMARRA,BASICO TV + INTERNET FIBRA 75MB,LOS ROJO,"ER, FUERA DE LINEA",2026-03-03,1500047,ACTIVO,PUNHUATO,XPONDD4382A3,AC,BASINT30,2023-10-08,XPONDD4382A3,876.0,1.0,43143,-25.173761094674546
30796,2026-03-02,NO NAVEGA. LEDS PARPADEANDO/NO AMARRA,INTERNET FIBRA 60MB,nan,"ER, PENDIENTE MIGRASION",2026-03-04,1500039,ACTIVO,PERIODISMO,XPONDD439E0B,AC,INT20,2017-04-04,XPONDD439E0B,3254.0,2.0,30796,-26.930835346215883
46449,2026-03-02,NO NAVEGA. LEDS PARPADEANDO/NO AMARRA,BASICO TV + INTERNET FIBRA 250MB ($399),LOS ROJO AMBOS SERVICIOS,"ER, SE MANDA CONFIRMAR",2026-03-04,1500039,ACTIVO,PERIODISMO,HWTC500265B2,AC,BASINTF250,,HWTC500265B2,,2.0,46449,-21.11958162568307
46579,2026-03-02,NO NAVEGA. LEDS PARPADEANDO/NO AMARRA,BASICO TV + INTERNET FIBRA 250MB ($399),LOS ROJO AMBOS SERVICIOS,"ER, NIVEL BAJO MENOS 31.80",2026-03-03,1500039,ACTIVO,PERIODISMO,HWTCAF9132FD,AC,BASINTF250,2026-02-03,HWTCAF9132FD,27.0,1.0,46579,-30.841896615158273
12983,2026-03-02,NO NAVEGA. LEDS FIJOS/RUIDO,BASICO TV + INTERNET FIBRA 60MB,CLIENTE COMENTA QUE NO CUENTA CON NINGUN SERVICIO,nan,2026-03-03,1500374,ACTIVO,VIRREY,XPONDD52DA5C,AC,BASINT20,,XPONDD52DA5C,,1.0,12983,-24.73504450583162
38374,2026-03-02,NO NAVEGA. LEDS PARPADEANDO/NO AMARRA,BASICO TV + INTERNET FIBRA 60MB,LOS ROJO SIN SEÑAL EN AMBOS SERVICIOS,"ER, FUERA DE LINEA",2026-03-07,1500285,ACTIVO,VIRREY,OEMT3C1D2624,AC,BASINT20,,OEMT3C1D2624,,5.0,38374,-26.211333640270443
23004,2026-03-02,NO NAVEGA. LEDS PARPADEANDO/NO AMARRA,BASICO TV + INTERNET FIBRA 45MB (NO VIGENTE),LOS ROJO,"ER, SE MANDA CONFIRMAR",2026-03-03,1500047,ACTIVO,MADERO,XPONDD3FC347,AC,BASINT10,,XPONDD3FC347,,1.0,23004,-24.270044715447195
343435,2026-03-02,NO NAVEGA. LEDS PARPADEANDO/NO AMARRA,BASICO TV + INTERNET FIBRA 120MB,LOS ROJO,"ER, SE MANDA CONFIRMAR",2026-03-04,1501409,ACTIVO,PERIODISMO,XPONDD3FBB2F,AC,BASINT50,2023-05-08,XPONDD3FBB2F,1029.0,2.0,343435,-26.064520150273363
29339,2026-03-03,NO NAVEGA. LEDS PARPADEANDO/NO AMARRA,BASICO TV + INTERNET FIBRA 250MB ($399),LOS ROJO,"ER, REQUIERE VISITA",2026-03-05,1500285,ACTIVO,VIRREY,HWTCAF8FD2C5,AC,BASINTF250,,HWTCAF8FD2C5,,2.0,29339,-24.895725905463454
19654,2026-03-03,NO NAVEGA. LEDS PARPADEANDO/NO AMARRA,INTERNET FIBRA 75MB,SOLO PRENDE PWR,"ER, SE MANDA CONFIRMAR",2026-03-04,1501409,ACTIVO,PERIODISMO,48575443EFF9497F,AC,INT30,2021-08-09,48575443EFF9497F,1667.0,1.0,19654,-23.735181010928947
46405,2026-03-03,NO NAVEGA. LEDS PARPADEANDO/NO AMARRA,BASICO TV + INTERNET FIBRA 250MB ($399),LOS FOCOS EN ROJO,"ER, FUERA DE LINEA",2026-03-05,1500039,ACTIVO,PERIODISMO,XPONDD91A0C6,AC,BASINTF250,2026-05-02,XPONDD91A0C6,-60.0,2.0,46405,-30.102732240437355
25678,2026-03-03,NO NAVEGA. LEDS FIJOS/RUIDO,BASICO TELECABLE FIBRA,nan,"ER, SE MANDA CONFIRMAR",2026-03-04,1501409,PENDIENTE DESCONEXION,PERIODISMO,XPONDD354112,nan,nan,,nan,,1.0,25678,-20.67004952185791
44625,2026-03-03,NO NAVEGA. LEDS FIJOS/RUIDO,INTERNET FIBRA 60MB,nan,NO NAVEGA SEÑAL MUY INTERMITENTE REQUIERE VISITA TECNICA,2026-03-03,1500374,ACTIVO,VIRREY,XPONDD3E71A5,AC,INT20,2024-05-09,XPONDD3E71A5,663.0,0.0,44625,-29.253514426028474
46494,2026-03-03,NO NAVEGA. LEDS PARPADEANDO/NO AMARRA,BASICO TV + INTERNET FIBRA 250MB ($399),nan,"ER, FUERA DE LINEA",2026-03-04,1500374,ACTIVO,VIRREY,XPON2E1B577F,AC,BASINTF250,,XPON2E1B577F,,1.0,46494,-29.830699815838035
45868,2026-03-03,NO NAVEGA. LEDS PARPADEANDO/NO AMARRA,INTERNET FIBRA 60MB,MODEM LEDS APAGADOS,"ER, VARIAS DESCONEXIONES",2026-03-04,1500047,ACTIVO,MADERO,XPONDD7E9EA6,AC,INT20,,XPONDD7E9EA6,,1.0,45868,-24.354187654320924
6630,2026-03-03,NO NAVEGA. LEDS PARPADEANDO/NO AMARRA,BASICO TV + INTERNET FIBRA 250MB ($399),nan,"ER, FUERA DE LINEA",2026-03-04,1500047,ACTIVO,MADERO,XPONDD7EA106,AC,BASINTF250,,XPONDD7EA106,,1.0,6630,-25.502287654321137
45319,2026-03-03,NO NAVEGA. LEDS PARPADEANDO/NO AMARRA,INTERNET FIBRA 60MB,"TIENE EL NIVEL BAJO, REQUIERE VISITA PAR QUE LO MEJOREN POR FAVOR","ER, NIVEL MENOS 33.80",2026-03-04,1500047,ACTIVO,PUNHUATO,XPONDD5FF504,AC,INT20,,XPONDD5FF504,,1.0,45319,-30.024674556213046
45597,2026-03-03,NO NAVEGA. LEDS PARPADEANDO/NO AMARRA,INTERNET FIBRA 60MB,nan,"ER, FUERA DE LINEA",2026-03-04,1500047,ACTIVO,MADERO,HWTCAF3AE60E,AC,INT20,,HWTCAF3AE60E,,1.0,45597,-24.568798271604997
31368,2026-03-03,CAMBIO DE ACOMETIDA,INTERNET FIBRA 60MB,TIT ENTERADO DE CAMBIO DE ACOMETIDA SIN COSTO SOLICITA TEC DAVID E,nan,2026-03-03,1500039,ACTIVO,PEDREGAL,XPONDD3FCC0F,AC,INT20,,XPONDD3FCC0F,,0.0,31368,-26.583408308751338
333368,2026-03-03,NO NAVEGA. LEDS FIJOS/RUIDO,BASICO TV + INTERNET FIBRA 75MB,REQUIERE VISITA,"ER, FUERA DE LINEA",2026-03-04,1500047,ACTIVO,MADERO,XPONDD3D8C69,AC,BASINT30,2013-12-11,XPONDD3D8C69,4465.0,1.0,333368,-26.87589506172846
29346,2026-03-03,NO NAVEGA. LEDS PARPADEANDO/NO AMARRA,BASICO TV + INTERNET FIBRA 60MB,nan,nan,2026-03-04,1500039,ACTIVO,PERIODISMO,OEMT3C1D25D4,AC,BASINT20,,OEMT3C1D25D4,,1.0,29346,-18.652814207650245
22253,2026-03-03,NO NAVEGA. LEDS PARPADEANDO/NO AMARRA,BASICO TV + INTERNET FIBRA 250MB ($399),LOS ROJO,nan,2026-03-04,1500039,ACTIVO,PEDREGAL,HWTCAF9065DD,AC,BASINTF250,2016-11-01,HWTCAF9065DD,3409.0,1.0,22253,-18.948698377581135
5827,2026-03-03,NO NAVEGA. LEDS PARPADEANDO/NO AMARRA,BASICO TV + INTERNET FIBRA 60MB,nan,nan,2026-03-04,1500039,ACTIVO,PERIODISMO,XPONDD3C3958,AC,BASINT20,2014-10-04,XPONDD3C3958,4168.0,1.0,5827,-27.1979798497268
333813,2026-03-03,NO NAVEGA. LEDS PARPADEANDO/NO AMARRA,INTERNET FIBRA 75MB,LOS ROJO,nan,2026-03-04,1500047,ACTIVO,MADERO,XPONDD53001C,AC,INT30,2024-12-08,XPONDD53001C,450.0,1.0,333813,-23.57500493827155
46334,2026-03-03,NO NAVEGA. LEDS PARPADEANDO/NO AMARRA,INTERNET FIBRA 120MB,LOS ROJO,nan,2026-03-04,1500047,ACTIVO,MADERO,XPONDD41EE13,AC,INT50,2026-08-01,XPONDD41EE13,-151.0,1.0,46334,-26.05035555555573
19624,2026-03-03,NO NAVEGA. LEDS PARPADEANDO/NO AMARRA,BASICO TV + INTERNET FIBRA 250MB ($399),LOS ROJO AMBOS SERVICIO,nan,2026-03-04,5555555,ACTIVO,MADERO,HWTCAF8FFE8D,AC,BASINTF250,2015-06-11,HWTCAF8FFE8D,3918.0,1.0,19624,-24.381105679012276
37971,2026-03-03,NO NAVEGA. LEDS PARPADEANDO/NO AMARRA,INTERNET FIBRA 75MB,LOS ROJO,"ER, VARIAS DESCONEXIONES",2026-03-08,1500039,ACTIVO,VISTA BELLA,4857544357202671,AC,INT30,2022-10-05,4857544357202671,1245.0,5.0,37971,-26.046997716895074
36480,2026-03-03,NO NAVEGA. LEDS PARPADEANDO/NO AMARRA,BASICO TV + INTERNET FIBRA 250MB ($399),LOS ROJO,nan,2026-03-04,1500047,ACTIVO,MADERO,XPONDD919B1E,AC,BASINTF250,,XPONDD919B1E,,1.0,36480,-28.18619753086415
333748,2026-03-03,NO NAVEGA. LEDS FIJOS/RUIDO,BASICO TV + INTERNET FIBRA 250MB ($399),SEÑAL ESTA MUY INTERMITENTE LEDS VERDES PARPADEANDO,nan,2026-03-04,1500374,ACTIVO,VIRREY,XPON2E1B643F,AC,BASINTF250,2013-09-12,XPON2E1B643F,4555.0,1.0,333748,-24.439880294659343
46612,2026-03-03,NO NAVEGA. LEDS PARPADEANDO/NO AMARRA,BASICO TV + INTERNET FIBRA 250MB ($399),SIN SEÑAL,"ER, SE RECOMIENDA VISITA",2026-03-05,1500285,ACTIVO,VIRREY,HWTCAF8FD649,AC,BASINTF250,2026-03-03,HWTCAF8FD649,0.0,2.0,46612,-25.991515463917676
46486,2026-03-03,NO NAVEGA. LEDS PARPADEANDO/NO AMARRA,BASICO TV + INTERNET FIBRA 250MB ($399),SIN SEÑAL,nan,2026-03-04,1500047,ACTIVO,MADERO,CDTCAFA3B282,AC,BASINTF250,2026-06-02,CDTCAFA3B282,-91.0,1.0,46486,-24.533893333333403
37965,2026-03-04,NO NAVEGA. LEDS PARPADEANDO/NO AMARRA,INTERNET FIBRA 120MB,LOS ROJO,"ER, VARIAS DESCONEXIONES",2026-03-06,1500285,ACTIVO,VIRREY,XPONDD42BC83,AC,INT50,,XPONDD42BC83,,2.0,37965,-26.977756292203438
40472,2026-03-04,NO NAVEGA. LEDS PARPADEANDO/NO AMARRA,INTERNET FIBRA 75MB,LOS ROJO,"ER, FUERA DE LINEA",2026-03-04,1500039,ACTIVO,PERIODISMO,4857544387EF92A9,AC,INT30,2022-08-03,4857544387EF92A9,1309.0,0.0,40472,-22.889009562841526
3754,2026-03-04,NO NAVEGA. LEDS PARPADEANDO/NO AMARRA,BASICO TV + INTERNET FIBRA 60MB,nan,"ER, FUERA DE LINEA",2026-03-04,1500047,ACTIVO,PRADOS VERDES,XPONDD291B28,AC,BASINT20,2016-06-07,XPONDD291B28,3557.0,0.0,3754,-18.207942469135784
5207,2026-03-04,NO NAVEGA. LEDS FIJOS/RUIDO,BASICO TV + INTERNET FIBRA 250MB ($399),SE VA LA SEÑAL OCASIONALMENTE,"ER, SE RECOMIENDA VISITA",2026-03-05,1500285,ACTIVO,VIRREY,HWTCAFAB668B,AC,BASINTF250,2014-01-04,HWTCAFAB668B,4442.0,1.0,5207,-20.451220073664857
10411,2026-03-04,NO NAVEGA. LEDS PARPADEANDO/NO AMARRA,BASICO TV + INTERNET FIBRA 250MB ($399),FOCO ROJO,"ER, FUERA DE LINEA",2026-03-05,1500047,ACTIVO,MADERO,HWTCAF8FFED5,AC,BASINTF250,,HWTCAF8FFED5,,1.0,10411,-25.56823682837767
46343,2026-03-04,NO NAVEGA. LEDS PARPADEANDO/NO AMARRA,BASICO TV + INTERNET FIBRA 250MB ($399),LOS ROJO,"ER, FUERA DE LINEA",2026-03-06,1500047,ACTIVO,ATAPANEO,XPONDD91A876,AC,BASINTF250,,XPONDD91A876,,2.0,46343,-26.416152613412237
8218,2026-03-04,NO NAVEGA. LEDS PARPADEANDO/NO AMARRA,BASICO TV + INTERNET FIBRA 60MB,FOCO ROJO,"ER, FUERA DE LINEA",2026-03-05,1500047,ACTIVO,MADERO,XPONDD3C33E0,AC,BASINT20,,XPONDD3C33E0,,1.0,8218,-26.165454567901314
2029,2026-03-04,NO NAVEGA. LEDS PARPADEANDO/NO AMARRA,BASICO TV + INTERNET FIBRA 120MB,FOCO ROJO,"ER, FUERA DE LINEA",2026-03-05,1500285,ACTIVO,VIRREY,HWTCAF91329D,AC,BASINT50,2014-04-02,HWTCAF91329D,4354.0,1.0,2029,-25.375802639656307
42661,2026-03-04,NO NAVEGA. LEDS PARPADEANDO/NO AMARRA,INTERNET FIBRA 75MB,SIGUE SIN SEÑAL,"ER, REQUIERE VISITA",2026-03-05,1500285,ACTIVO,VIRREY,48575443486C0893,AC,INT30,2023-05-04,48575443486C0893,1035.0,1.0,42661,-25.884180478821527
42661,2026-03-04,NO NAVEGA. LEDS FIJOS/RUIDO,INTERNET FIBRA 75MB,REQUIERE VISITA,nan,2026-03-05,1500285,ACTIVO,VIRREY,48575443486C0893,AC,INT30,2023-05-04,48575443486C0893,1035.0,1.0,42661,-25.884180478821527
28347,2026-03-04,NO NAVEGA. LEDS PARPADEANDO/NO AMARRA,BASICO TV + INTERNET FIBRA 60MB,LOS ROJO,"ER, FUERA DE LINEA",2026-03-05,1500039,ACTIVO,PEDREGAL,XPONDD291630,AC,BASINT20,,XPONDD291630,,1.0,28347,-24.626396263520046
37145,2026-03-04,EQUIPO DA?ADO,INTERNET FIBRA 75MB,TIT ENTERADO DE CAMBIO DE MODEM SIN COSTO SOLICITA TEC ULISES,nan,2026-03-05,1500285,ACTIVO,VIRREY,XPONDD7E9B2E,AC,INT30,,XPONDD7E9B2E,,1.0,37145,-40.0
44014,2026-03-04,NO NAVEGA. LEDS PARPADEANDO/NO AMARRA,INTERNET FIBRA 120MB,LOS ROJO,nan,2026-03-06,1500285,ACTIVO,VIRREY,OPTI3387876D,AC,INT50,,OPTI3387876D,,2.0,44014,-28.79062308164543
334299,2026-03-04,NO NAVEGA. LEDS PARPADEANDO/NO AMARRA,BASICO TV + INTERNET FIBRA 250MB ($399),LOS  ROJO AMBOS SERVICIOD,"ER, FUERA DE LINEA",2026-03-06,1500285,ACTIVO,VIRREY,XPONDD7E9C16,AC,BASINTF250,,XPONDD7E9C16,,2.0,334299,-24.603620319214336
44824,2026-03-04,NO NAVEGA. LEDS PARPADEANDO/NO AMARRA,BASICO TV + INTERNET FIBRA 250MB ($399),LOS ROJO AMBOS ROJO,"GT.NIVEL BAJO, REQUIERE VISITA",2026-03-05,1500047,ACTIVO,MADERO,HWTCAF90654D,AC,BASINTF250,,HWTCAF90654D,,1.0,44824,-27.897996766607832
44824,2026-03-04,NO NAVEGA. LEDS PARPADEANDO/NO AMARRA,BASICO TV + INTERNET FIBRA 250MB ($399),LOS ROJO AMBOS ROJO,"GT.NIVEL BAJO, REQUIERE VISITA",2026-03-05,1500047,ACTIVO,MADERO,HWTCAF90654D,AC,BASINTF250,,HWTCAF90654D,,1.0,44824,-27.897996766607832
22253,2026-03-04,NO NAVEGA. LEDS PARPADEANDO/NO AMARRA,BASICO TV + INTERNET FIBRA 250MB ($399),SE ABRE OTRA  OS POR FALLA,nan,2026-03-05,1500039,ACTIVO,PEDREGAL,HWTCAF9065DD,AC,BASINTF250,2016-11-01,HWTCAF9065DD,3410.0,1.0,22253,-18.948698377581135
343653,2026-03-04,NO NAVEGA. LEDS PARPADEANDO/NO AMARRA,BASICO TV + INTERNET FIBRA 60MB,AMBOS SERVICIOS,"LOS ROJO. GT OFFLINE, REQUIERE VISITA",2026-03-05,1500285,ACTIVO,VIRREY,XPONDD303346,AC,BASINT20,,XPONDD303346,,1.0,343653,-20.548804481276875
46515,2026-03-04,NO NAVEGA. LEDS FIJOS/RUIDO,INTERNET FIBRA 75MB,SIN ACCESO,"GT.OFFLINE, REQUIERE VISITA",2026-03-05,1500047,ACTIVO,MADERO,XPONDD37BEBC,AC,INT30,2026-07-02,XPONDD37BEBC,-120.0,1.0,46515,-36.487120740740735
7439,2026-03-05,NO NAVEGA. LEDS PARPADEANDO/NO AMARRA,BASICO TV + INTERNET FIBRA 45MB (NO VIGENTE),LOS ROJO,"GT.OFFLINE, REQUIERE VISITA",2026-03-05,1500039,ACTIVO,PEDREGAL,XPONDD6EF943,AC,BASINT10,,XPONDD6EF943,,0.0,7439,-27.28265732546703
38399,2026-03-05,NO NAVEGA. LEDS PARPADEANDO/NO AMARRA,INTERNET FIBRA 60MB,LOS ROJO,"GT.OFFLINE, REQUIERE VISITA",2026-03-06,1500047,ACTIVO,PRADOS VERDES,XPONDD45BAC2,AC,INT20,2021-12-05,XPONDD45BAC2,1551.0,1.0,38399,-28.309427160493954
43004,2026-03-05,NO NAVEGA. LEDS FIJOS/RUIDO,INTERNET FIBRA 75MB,nan,TIENE NIVEL BAJO MENOS 31 PUNTO 54,2026-03-12,1500046,ACTIVO,PERIODISMO,XPONDD41E643,AC,INT30,,XPONDD41E643,,7.0,43004,-31.03795081967224
42661,2026-03-05,EQUIPO DA?ADO,INTERNET FIBRA 75MB,CLIENTE ENTERADA CAMBIO DE EQUIPO SIN COSTO ULISES,nan,2026-03-06,1500285,ACTIVO,VIRREY,48575443486C0893,AC,INT30,2023-05-04,48575443486C0893,1036.0,1.0,42661,-25.884180478821527
46074,2026-03-05,NO NAVEGA. LEDS FIJOS/RUIDO,INTERNET FIBRA 75MB,NO NAVEGA REQUIERE VISITA TECNICA,GT.SE ENVIA A CC,2026-03-10,1500039,ACTIVO,PERIODISMO,XPONDD3E6E75,AC,INT30,,XPONDD3E6E75,,5.0,46074,-25.187175546448255
8218,2026-03-05,CAMBIO DE ACOMETIDA,BASICO TV + INTERNET FIBRA 60MB,TIT ENTERADO DE CAMBIO DE ACOMETIDA SIN COSTO SOLICITA TEC DANIEL G,nan,2026-03-05,1500047,ACTIVO,MADERO,XPONDD3C33E0,AC,BASINT20,,XPONDD3C33E0,,0.0,8218,-26.165454567901314
22253,2026-03-05,EQUIPO DA?ADO,BASICO TV + INTERNET FIBRA 250MB ($399),TEC SOLICITA,nan,2026-03-05,1500039,ACTIVO,PEDREGAL,HWTCAF9065DD,AC,BASINTF250,2016-11-01,HWTCAF9065DD,3411.0,0.0,22253,-18.948698377581135
30796,2026-03-05,NO NAVEGA. LEDS PARPADEANDO/NO AMARRA,INTERNET FIBRA 60MB,LOS ROJO,"GT.OFFLINE, REQUIERE VISITA",2026-03-09,1500039,ACTIVO,PERIODISMO,XPONDD439E0B,AC,INT20,2017-04-04,XPONDD439E0B,3257.0,4.0,30796,-26.930835346215883
37145,2026-03-05,NO NAVEGA. LEDS FIJOS/RUIDO,INTERNET FIBRA 75MB,REQUIERE VISITA,GT.NIVEL BAJO,2026-03-06,1500285,ACTIVO,VIRREY,XPONDD7E9B2E,AC,INT30,,XPONDD7E9B2E,,1.0,37145,-40.0
37145,2026-03-05,NO NAVEGA. LEDS PARPADEANDO/NO AMARRA,INTERNET FIBRA 75MB,TIENE NIVEL BAJO,"GT.NIVEL BAJO, LE GENERARON DOBLE OS",2026-03-06,1500285,ACTIVO,VIRREY,XPONDD7E9B2E,AC,INT30,,XPONDD7E9B2E,,1.0,37145,-40.0
29693,2026-03-05,NO NAVEGA. LEDS PARPADEANDO/NO AMARRA,INTERNET EXTREME (NO VIGENTE),CABLES REVENTADOS,"ER, FUERA DE LINEA",2026-03-06,1500047,ACTIVO,MADERO,904CE5653FFC,AC,IESEP,2017-04-01,904CE5653FFC,3260.0,1.0,nan,
46405,2026-03-05,CAMBIO DE ACOMETIDA,BASICO TV + INTERNET FIBRA 250MB ($399),CLIENTE ENTERADO DAVID E,nan,2026-03-05,1500039,ACTIVO,PERIODISMO,XPONDD91A0C6,AC,BASINTF250,2026-05-02,XPONDD91A0C6,-58.0,0.0,46405,-30.102732240437355
29339,2026-03-05,EQUIPO DA?ADO,BASICO TV + INTERNET FIBRA 250MB ($399),TEC SOLICITA,nan,2026-03-05,1500285,ACTIVO,VIRREY,HWTCAF8FD2C5,AC,BASINTF250,,HWTCAF8FD2C5,,0.0,29339,-24.895725905463454
16017,2026-03-05,NO NAVEGA. LEDS PARPADEANDO/NO AMARRA,BASICO TV + INTERNET FIBRA 120MB,LOS ROJO,"ER, NIVEL BAJO 30.00",2026-03-06,1500047,ACTIVO,MADERO,BTPTDD251BD7,AC,BASINT50,,BTPTDD251BD7,,1.0,16017,-30.41500493827158
1431,2026-03-05,NO NAVEGA. LEDS PARPADEANDO/NO AMARRA,BASICO TV + INTERNET FIBRA 250MB ($399),INTERMITENTE,"ER, SE MANDA CONFIRMAR",2026-03-06,1500047,ACTIVO,PRADOS VERDES,HWTC50026402,AC,BASINTF250,2021-04-06,HWTC50026402,1794.0,1.0,1431,-18.6180762962963
3313,2026-03-05,NO NAVEGA. LEDS PARPADEANDO/NO AMARRA,INTERNET FIBRA 75MB,LOS ROJO,GT. DESCONEXIONES Y CAIDA DE NIVEL,2026-03-06,1500285,ACTIVO,VIRREY,48575443D0963F5B,AC,INT30,2017-06-11,48575443D0963F5B,3189.0,1.0,3313,-20.72674186617559
27356,2026-03-05,NO NAVEGA. LEDS PARPADEANDO/NO AMARRA,BASICO TV + INTERNET FIBRA 250MB ($399),LOS ROJO,"ER, NIVEL BAJO MENOS 28.24",2026-03-06,1500047,ACTIVO,MADERO,HWTCAF8FEA4D,AC,BASINTF250,2026-05-03,HWTCAF8FEA4D,-59.0,1.0,27356,-27.99605712603059
7439,2026-03-05,CAMBIO DE ACOMETIDA,BASICO TV + INTERNET FIBRA 45MB (NO VIGENTE),TIT ACEPTA CAMBIO DE ACOMETIDA SIN COSTO TEC DAVID E,nan,2026-03-05,1500039,ACTIVO,PEDREGAL,XPONDD6EF943,AC,BASINT10,,XPONDD6EF943,,0.0,7439,-27.28265732546703
43143,2026-03-05,NO NAVEGA. LEDS PARPADEANDO/NO AMARRA,BASICO TV + INTERNET FIBRA 75MB,LOS ROJO,"ER, SE MANDA CONFIRMAR",2026-03-06,1500047,ACTIVO,PUNHUATO,XPONDD4382A3,AC,BASINT30,2023-10-08,XPONDD4382A3,879.0,1.0,43143,-25.173761094674546
40948,2026-03-05,NO NAVEGA. LEDS PARPADEANDO/NO AMARRA,INTERNET FIBRA 120MB,TIENE EQUIPO XPONDD3FB3C7 SIN SEÑAL,"ER, VARIAS DESCONEXIONES",2026-03-11,1500046,ACTIVO,PERIODISMO,XPONDD3FB3C7,AC,INT50,2022-08-06,XPONDD3FB3C7,1307.0,6.0,40948,-40.0
7401,2026-03-06,NO NAVEGA. LEDS FIJOS/RUIDO,INTERNET FIBRA 75MB,CAMION TIRO ACOMETIDA,"ER, FUERA DE LINEA",2026-03-10,1500039,ACTIVO,PERIODISMO,48575443DD5BB09B,AC,INT30,,48575443DD5BB09B,,4.0,7401,-26.311552254098483
46515,2026-03-06,NO NAVEGA. LEDS PARPADEANDO/NO AMARRA,INTERNET FIBRA 75MB,nan,"ER, FUERA DE LINEA",2026-03-08,1500039,ACTIVO,MADERO,XPONDD37BEBC,AC,INT30,2026-07-02,XPONDD37BEBC,-118.0,2.0,46515,-36.487120740740735
41475,2026-03-06,NO NAVEGA. LEDS PARPADEANDO/NO AMARRA,INTERNET FIBRA 60MB,nan,"ER, FUERA DE LINEA",2026-03-08,1500039,ACTIVO,MADERO,XPONDD531184,AC,INT20,2022-01-09,XPONDD531184,1517.0,2.0,41475,-31.377914814814797
43911,2026-03-06,NO NAVEGA. LEDS FIJOS/RUIDO,BASICO TV + INTERNET FIBRA 60MB,MODEM FLOJO,"GT, CAIDAS DE NIVEL, REQUIERE VISITA",2026-03-07,1500285,ACTIVO,VIRREY,OPTI38BFC61D,AC,BASINT20,,OPTI38BFC61D,,1.0,43911,-24.255790362185337
44356,2026-03-06,NO NAVEGA. LEDS PARPADEANDO/NO AMARRA,INTERNET FIBRA 75MB,LOS ROJO,"ER, SE MANDA CONFIRMAR",2026-03-07,1500046,ACTIVO,PEDREGAL,XPONDD4C53BA,AC,INT30,2024-11-06,XPONDD4C53BA,485.0,1.0,44356,-24.133549655850505
2029,2026-03-06,EQUIPO DA?ADO,BASICO TV + INTERNET FIBRA 120MB,SOLICITA ING SIN COSTO,nan,2026-03-07,1500285,ACTIVO,VIRREY,HWTCAF91329D,AC,BASINT50,2014-04-02,HWTCAF91329D,4356.0,1.0,2029,-25.375802639656307
5572,2026-03-06,NO NAVEGA. LEDS PARPADEANDO/NO AMARRA,BASICO TV + INTERNET FIBRA 60MB,FOCO ROJO,"ER, SE MANDAN CONFIRMAR",2026-03-07,1500046,ACTIVO,PEDREGAL,XPONDD590CC0,AC,BASINT20,,XPONDD590CC0,,1.0,5572,-21.615373647984242
46611,2026-03-06,NO NAVEGA. LEDS PARPADEANDO/NO AMARRA,BASICO TV + INTERNET FIBRA 250MB ($399),LOS ROJO,"ER, SE MANDA CONFIRMAR",2026-03-07,1501409,ACTIVO,PEDREGAL,HWTC50026612,AC,BASINTF250,,HWTC50026612,,1.0,46611,-22.956839970501484
46517,2026-03-06,NO NAVEGA. LEDS PARPADEANDO/NO AMARRA,INTERNET FIBRA 60MB,nan,"GT.OFFLINE, REQUIERE VISITA",2026-03-07,1500285,ACTIVO,VIRREY,HWTCAFAA0CE9,AC,INT20,2026-09-02,HWTCAFAA0CE9,-180.0,1.0,46517,-24.28183087783937
42795,2026-03-06,NO NAVEGA. LEDS PARPADEANDO/NO AMARRA,INTERNET FIBRA 60MB,FOCO ROJO,nan,2026-03-07,1500285,ACTIVO,VIRREY,XPONDD3FCBE7,AC,INT20,,XPONDD3FCBE7,,1.0,42795,-26.013420810313097
351965,2026-03-06,NO NAVEGA. LEDS PARPADEANDO/NO AMARRA,BASICO TV + INTERNET FIBRA 250MB ($399),LOS ROJO,"ER, SE MANDA CONFIRMAR",2026-03-07,1500046,CORTADO,PEDREGAL,XPONDD7E9E1E,CO,BASINTF250,,XPONDD7E9E1E,,1.0,351965,-30.3872246804326
347282,2026-03-06,NO NAVEGA. LEDS PARPADEANDO/NO AMARRA,INTERNET FIBRA 60MB,nan,"ER, SE MANDA CONFIRMAR",2026-03-07,1501409,ACTIVO,VIRREY,nan,AC,INT20,2017-02-08,nan,3313.0,1.0,347282,-24.18181860036851
45193,2026-03-06,NO NAVEGA. LEDS PARPADEANDO/NO AMARRA,INTERNET FIBRA 75MB,nan,"ER, SE MANDA CONFIRMAR",2026-03-08,1500285,ACTIVO,PRADOS VERDES,HWTC1DD87014,AC,INT30,2025-08-04,HWTC1DD87014,214.0,2.0,45193,-22.128825925925838
45605,2026-03-06,NO NAVEGA. LEDS PARPADEANDO/NO AMARRA,BASICO TV + INTERNET FIBRA 250MB ($399),nan,"ER, SE MANDA CONFIRMAR",2026-03-08,1500285,ACTIVO,PRADOS VERDES,HWTCAF3AFE92,AC,BASINTF250,2025-03-09,HWTCAF3AFE92,362.0,2.0,45605,-19.05944913580253
348437,2026-03-06,NO NAVEGA. LEDS PARPADEANDO/NO AMARRA,BASICO TV + INTERNET XTREME (NO VIGENTE),LOS ROJO SIN SEÑAL EN AMBOS SERVICIOS,"ER, SE MANDA CONFIRMAR",2026-03-07,1501409,ACTIVO,VIRREY,XPONDD353F7A,AC,BASIESEP,,XPONDD353F7A,,1.0,348437,-20.700810313075532
3848,2026-03-06,NO NAVEGA. LEDS PARPADEANDO/NO AMARRA,BASICO TV + INTERNET NAVEGA (NO VIGENTE),nan,"ER, REQUIERE VISITA PARA MIGRACION",2026-03-09,1500039,ACTIVO,PERIODISMO,C03F0EA13EF6,AC,BASIESE,,C03F0EA13EF6,,3.0,nan,
46581,2026-03-06,NO NAVEGA. LEDS PARPADEANDO/NO AMARRA,BASICO TV + INTERNET FIBRA 250MB ($399),LOS ROJO,"ER, FUERA DE LINEA",2026-03-07,1500285,PENDIENTE DESCONEXION,VIRREY,nan,PD,BASINTF250,2026-05-03,nan,-58.0,1.0,nan,
39838,2026-03-06,NO NAVEGA. LEDS PARPADEANDO/NO AMARRA,BASICO TV + INTERNET FIBRA 75MB,nan,"ER, NIVEL POCO BAJO MENOS 27. 70",2026-03-07,1500285,ACTIVO,BELO,XPONDD2BD456,AC,BASINT30,,XPONDD2BD456,,1.0,39838,-27.079731222385874
36940,2026-03-06,NO NAVEGA. LEDS PARPADEANDO/NO AMARRA,INTERNET FIBRA 60MB,LOS ROJO,"ER, SE MANDA CONFIRMAR",2026-03-08,1500046,ACTIVO,PERIODISMO,HWTC5002659A,AC,INT20,2020-05-09,HWTC5002659A,2127.0,2.0,36940,-25.007557077625567
37727,2026-03-06,NO NAVEGA. LEDS PARPADEANDO/NO AMARRA,INTERNET NAVEGA (NO VIGENTE),LOS ROJO,"ER, SE MANDA CONFIRMAR",2026-03-09,1500039,ACTIVO,PERIODISMO,E8ED05E896B2,AC,IESE,,E8ED05E896B2,,3.0,nan,
45093,2026-03-06,NO NAVEGA. LEDS FIJOS/RUIDO,BASICO TV + INTERNET FIBRA 250MB ($399),INTERMITENTE,"ER, SE RECOMIENDA VISITA",2026-03-08,1500039,ACTIVO,VISTA BELLA,XPONDD7E9BFE,AC,BASINTF250,,XPONDD7E9BFE,,2.0,45093,-24.963912988330794
45093,2026-03-06,NO NAVEGA. LEDS FIJOS/RUIDO,BASICO TV + INTERNET FIBRA 250MB ($399),INTERMITENTE,"ER, SE RECOMIENDA VISITA",2026-03-08,1500039,ACTIVO,VISTA BELLA,XPONDD7E9BFE,AC,BASINTF250,,XPONDD7E9BFE,,2.0,45093,-24.963912988330794
32704,2026-03-06,NO NAVEGA. LEDS FIJOS/RUIDO,BASICO TV + INTERNET FIBRA 60MB,LEDS VERDES FIJOS SIN SEÑAL,"ER, SE MANDA CONFIRMAR",2026-03-09,1500039,ACTIVO,PERIODISMO,HTWC500292CA,AC,BASINT20,,HTWC500292CA,,3.0,32704,-26.46349926253682
40905,2026-03-06,NO NAVEGA. LEDS PARPADEANDO/NO AMARRA,INTERNET FIBRA 60MB,LOS ROJO,"ER, FUERA DE LINEA",2026-03-11,1500046,ACTIVO,PERIODISMO,485754439B8CB26F,AC,INT20,2022-07-06,485754439B8CB26F,1339.0,5.0,40905,-24.66376304023854
33837,2026-03-07,NO NAVEGA. LEDS PARPADEANDO/NO AMARRA,INTERNET NAVEGA (NO VIGENTE),nan,"ER, REQUIERE VISITA RUIDO UPSTREAM",2026-03-10,1500039,ACTIVO,PERIODISMO,C43DC76BC0E8,AC,IESE,2018-03-05,C43DC76BC0E8,2924.0,3.0,nan,
22726,2026-03-07,NO NAVEGA. LEDS PARPADEANDO/NO AMARRA,INTERNET NAVEGA (NO VIGENTE),nan,"ER, REQUIERE VIISTA PARA MIGRACION",2026-03-08,1500186,ACTIVO,PERIODISMO,204E7F09583C,AC,IESE,,204E7F09583C,,1.0,nan,
33716,2026-03-07,NO NAVEGA. LEDS PARPADEANDO/NO AMARRA,INTERNET NAVEGA (NO VIGENTE),LOS ROJO,"ER, PENDIENTE DE MIGRACION",2026-03-10,1500039,ACTIVO,PERIODISMO,C43DC76BD5E2,AC,IESE,,C43DC76BD5E2,,3.0,nan,
8464,2026-03-07,NO NAVEGA. LEDS PARPADEANDO/NO AMARRA,INTERNET NAVEGA (NO VIGENTE),SIN CONEXION,"ER, REQUIERE VISTA PARA MIGRACION",2026-03-08,1500046,ACTIVO,PERIODISMO,C43DC76C1052,AC,IESE,,C43DC76C1052,,1.0,nan,
37403,2026-03-07,NO NAVEGA. LEDS PARPADEANDO/NO AMARRA,INTERNET NAVEGA (NO VIGENTE),nan,REQUIERE VISITA PARA MIGRACION,2026-03-10,1500039,ACTIVO,PERIODISMO,E0469A8DF14,AC,IESE,2020-01-12,E0469A8DF14,2246.0,3.0,nan,
41170,2026-03-07,NO NAVEGA. LEDS FIJOS/RUIDO,BASICO TV + INTERNET FIBRA 75MB,nan,"ER, NIVEL BAJO MENOS 28.54",2026-03-08,1500039,ACTIVO,MADERO,XPONDD3F5A17,AC,BASINT30,2022-05-07,XPONDD3F5A17,1400.0,1.0,41170,-28.387025925926125
46454,2026-03-07,NO NAVEGA. LEDS PARPADEANDO/NO AMARRA,INTERNET FIBRA 60MB,FOCO ROJO,JE FUERA DE LINEA REQUIERE VISITA,2026-03-10,1500503,ACTIVO,SANTIAGUITO,HWTCAFAA0BC9,AC,INT20,2026-07-02,HWTCAFAA0BC9,-117.0,3.0,46454,-28.447324760463907
42904,2026-03-07,NO NAVEGA. LEDS PARPADEANDO/NO AMARRA,BASICO TV + INTERNET FIBRA 250MB ($399),AMBOS SERVICIOS,"ER, NIVEL BAJO MENOS 31.54",2026-03-09,1500285,ACTIVO,VIRREY,XPONDD3E5BA9,AC,BASINTF250,2023-02-06,XPONDD3E5BA9,1125.0,2.0,42904,-27.64477593615726
32318,2026-03-07,NO NAVEGA. LEDS PARPADEANDO/NO AMARRA,BASICO TV + INTERNET FIBRA 45MB (NO VIGENTE),REQUIERE VISITA,ER UPSTREAM BAJO,2026-03-08,1500186,ACTIVO,PERIODISMO,"204E7F096FED, XPONDD290608",AC,BASINT10,,"204E7F096FED, XPONDD290608",,1.0,32318,-28.5007741477272
10387,2026-03-07,NO NAVEGA. LEDS PARPADEANDO/NO AMARRA,INTERNET FIBRA 150MB,nan,PIDE VISITA POR INTERMITENCIAS,2026-03-09,1500285,ACTIVO,VIRREY,485754435384A39B,AC,INT100,,485754435384A39B,,2.0,10387,-19.46826273787601
37733,2026-03-07,NO NAVEGA. LEDS PARPADEANDO/NO AMARRA,INTERNET EXTREME (NO VIGENTE),LOS ROJO,"GT, UPS BAJO",2026-03-10,1500039,ACTIVO,PERIODISMO,E8ED05E93A12,AC,IESEP,,E8ED05E93A12,,3.0,nan,
10788,2026-03-07,NO NAVEGA. LEDS FIJOS/RUIDO,BASICO TV + INTERNET NAVEGA (NO VIGENTE),SIGUE SIN SEÑAL,GT.UPS ALTO Y RUIDO BAJO,2026-03-09,1500039,ACTIVO,PERIODISMO,F07BCB26D523,AC,BASIESE,,F07BCB26D523,,2.0,nan,
343554,2026-03-07,NO NAVEGA. LEDS PARPADEANDO/NO AMARRA,BASICO TV + INTERNET NAVEGA (NO VIGENTE),LOS ROJO AMBOS SERVICIO,"GT, SE ENVIA A CC",2026-03-08,1500046,ACTIVO,PERIODISMO,30469A4CEB54,AC,BASIESE,,30469A4CEB54,,1.0,nan,
16476,2026-03-07,NO NAVEGA. LEDS PARPADEANDO/NO AMARRA,INTERNET NAVEGA (NO VIGENTE),LOS ROJO,GT.UPS BAJO,2026-03-10,1500039,ACTIVO,PERIODISMO,0024B2C29353,AC,IESE,,0024B2C29353,,3.0,nan,
24968,2026-03-07,NO NAVEGA. LEDS PARPADEANDO/NO AMARRA,INTERNET NAVEGA (NO VIGENTE),LOS ROJO,GT.UPS BAJO,2026-03-08,1500186,ACTIVO,PERIODISMO,6CB0CECA57F8,AC,IESE,,6CB0CECA57F8,,1.0,nan,
14235,2026-03-07,NO NAVEGA. LEDS PARPADEANDO/NO AMARRA,INTERNET EXTREME (NO VIGENTE),LOS ROJO,GT.REQUIERE VISITA,2026-03-08,1500186,ACTIVO,PERIODISMO,204E7F09522E,AC,IESEP,,204E7F09522E,,1.0,nan,
37433,2026-03-07,NO NAVEGA. LEDS PARPADEANDO/NO AMARRA,INTERNET EXTREME (NO VIGENTE),LOS FOCOS DE ENTRADA Y SALIDA ESTAN EN ROJO,GT.UPS BAJO,2026-03-10,1500039,ACTIVO,PERIODISMO,14ABF0331802,AC,IESEP,2020-03-12,14ABF0331802,2186.0,3.0,nan,
30871,2026-03-07,NO NAVEGA. LEDS PARPADEANDO/NO AMARRA,INTERNET NAVEGA (NO VIGENTE),nan,nan,2026-03-07,1500046,ACTIVO,PERIODISMO,C43DC763389C,AC,IESE,2017-06-04,C43DC763389C,3198.0,0.0,nan,
37158,2026-03-07,NO NAVEGA. LEDS PARPADEANDO/NO AMARRA,INTERNET NAVEGA (NO VIGENTE),SIGUE SIN SEÑAL,GT.REQUIERE VISITA,2026-03-09,1500039,ACTIVO,PERIODISMO,200CC8E4BA20,AC,IESE,2020-12-10,200CC8E4BA20,1913.0,2.0,nan,
31414,2026-03-07,NO NAVEGA. LEDS PARPADEANDO/NO AMARRA,INTERNET NAVEGA (NO VIGENTE),LOS ROJO,GT.UPS BAJO,2026-03-10,1500039,ACTIVO,PERIODISMO,E0469A858A9E,AC,IESE,,E0469A858A9E,,3.0,nan,
32470,2026-03-07,NO NAVEGA. LEDS PARPADEANDO/NO AMARRA,INTERNET FIBRA 45MB (NO VIGENTE),REQUIERE VISITA PARA MIGRACION,nan,2026-03-11,1500046,ACTIVO,PERIODISMO,HWTCAFA9FD35,AC,INT10,,HWTCAFA9FD35,,4.0,32470,-29.29749738766976
32110,2026-03-07,NO NAVEGA. LEDS FIJOS/RUIDO,INTERNET NAVEGA (NO VIGENTE),nan,GT.SE ENVIA A CC,2026-03-08,1501365,ACTIVO,PERIODISMO,204E7F116E6B,AC,IESE,2017-11-09,204E7F116E6B,3040.0,1.0,32110,-23.959186289120684
45796,2026-03-07,NO NAVEGA. LEDS PARPADEANDO/NO AMARRA,BASICO TV + INTERNET FIBRA 250MB ($399),FALLA SERVICIO  INTERNET DESDE HACE 2 DIAS.,nan,2026-03-10,1500047,CORTADO,PUNHUATO,HWTCAF3AAF42,CO,BASINTF250,2025-07-10,HWTCAF3AAF42,240.0,3.0,45796,-35.394667159763344
37710,2026-03-07,NO NAVEGA. LEDS PARPADEANDO/NO AMARRA,INTERNET NAVEGA (NO VIGENTE),REQUIERE VISITA TIENE NIVEL DEL RUIDO BAJO,GT. UPS BAJO,2026-03-08,1500186,ACTIVO,PERIODISMO,E8ED05F83862,AC,IESE,,E8ED05F83862,,1.0,nan,
8208,2026-03-07,NO NAVEGA. LEDS PARPADEANDO/NO AMARRA,INTERNET FIBRA 75MB,SE ENCUENTRA FEURA DE LINEA REQUIERE VISITA,GT.OFFLINE,2026-03-08,1500285,ACTIVO,PEDREGAL,XPONDD4CD9B2,AC,INT30,2024-02-07,XPONDD4CD9B2,759.0,1.0,8208,-40.0
36939,2026-03-07,NO NAVEGA. LEDS PARPADEANDO/NO AMARRA,INTERNET NAVEGA (NO VIGENTE),LOS ROJO,GT.UPS BAJO,2026-03-10,1500039,BAJA,PERIODISMO,nan,BA,IESE,,nan,,3.0,nan,
37628,2026-03-07,NO NAVEGA. LEDS PARPADEANDO/NO AMARRA,INTERNET EXTREME (NO VIGENTE),SIGUE SIN SEÑAL,nan,2026-03-08,1500186,CORTADO,PERIODISMO,14ABF0048AC2,CO,IESEP,,14ABF0048AC2,,1.0,nan,
1431,2026-03-07,NO NAVEGA. LEDS PARPADEANDO/NO AMARRA,BASICO TV + INTERNET FIBRA 250MB ($399),SIGUE SIN SEÑAL,GT.DESCONEXIONES,2026-03-08,1500285,ACTIVO,PRADOS VERDES,HWTC50026402,AC,BASINTF250,2021-04-06,HWTC50026402,1796.0,1.0,1431,-18.6180762962963
29964,2026-03-07,NO NAVEGA. LEDS PARPADEANDO/NO AMARRA,INTERNET FIBRA 45MB (NO VIGENTE),LOS ROJO,GT. SE ENVIA A CC,2026-03-08,1501365,ACTIVO,PEDREGAL,XPONDD3E6FBD,AC,INT10,2017-03-02,XPONDD3E6FBD,3292.0,1.0,29964,-23.278393559488702
39902,2026-03-07,NO NAVEGA. LEDS PARPADEANDO/NO AMARRA,BASICO TV + INTERNET FIBRA 75MB,LOS ROJO,GT. SE ATIENDE POR WHATS CC,2026-03-08,1501365,ACTIVO,PEDREGAL,XPONDD4C78D2,AC,BASINT30,2021-10-12,XPONDD4C78D2,1607.0,1.0,39902,-23.40232915437568
32158,2026-03-07,NO NAVEGA. LEDS PARPADEANDO/NO AMARRA,INTERNET NAVEGA (NO VIGENTE),FUERA DE LINEA,nan,2026-03-09,1500039,ACTIVO,PERIODISMO,204E7F09140D,AC,IESE,,204E7F09140D,,2.0,nan,
30109,2026-03-08,NO NAVEGA. LEDS PARPADEANDO/NO AMARRA,INTERNET FIBRA 75MB,SE REVENTO LA FIBRA,nan,2026-03-09,1500285,ACTIVO,VIRREY,XPONDD531ABC,AC,INT30,,XPONDD531ABC,,1.0,30109,-25.433436157151696
33537,2026-03-08,NO NAVEGA. LEDS PARPADEANDO/NO AMARRA,INTERNET NAVEGA (NO VIGENTE),nan,JV SE ATENDIO CON EL TECNICO,2026-03-08,1501451,ACTIVO,PERIODISMO,E0469A8E8D7B,AC,IESE,2018-08-03,E0469A8E8D7B,2774.0,0.0,nan,
44270,2026-03-08,NO NAVEGA. LEDS FIJOS/RUIDO,INTERNET FIBRA 120MB,FUERA DE LINEA,GT.OFFLINE,2026-03-10,1500039,ACTIVO,PEDREGAL,XPONDD4CE102,AC,INT50,,XPONDD4CE102,,2.0,44270,-24.634379301868346
9625,2026-03-08,EQUIPO DA?ADO,BASICO TELECABLE FIBRA,SIN COSTO CLIENTE ENTERADO PIDE JORGE PURA TV,nan,2026-03-08,1500046,ACTIVO,PRADOS VERDES,HWTCAF3E613E,nan,nan,,nan,,0.0,9625,-21.7799037037037
36065,2026-03-08,NO NAVEGA. LEDS PARPADEANDO/NO AMARRA,INTERNET FIBRA 75MB,LOS ROJO,"ER, FUERA DE LINEA",2026-03-10,1500046,ACTIVO,PEDREGAL,48575443A385BD9C,AC,INT30,,48575443A385BD9C,,2.0,36065,-27.853097345132703
33210,2026-03-08,NO NAVEGA. LEDS FIJOS/RUIDO,INTERNET FIBRA 45MB (NO VIGENTE),TIENE NIVEL DEMASIADO BAJO REQUIERE VISITA,nan,2026-03-09,1500285,ACTIVO,BELO,XPONDD52FC8C,AC,INT10,,XPONDD52FC8C,,1.0,33210,-26.375666421207693
38399,2026-03-09,NO NAVEGA. LEDS PARPADEANDO/NO AMARRA,INTERNET FIBRA 60MB,LOS ROJO  CUMPLIERO LA ORDEN ANTERIOR NO PASARON AL DOM,"ER, SE MANDA CONFIRMAR",2026-03-10,1500036,ACTIVO,PRADOS VERDES,XPONDD45BAC2,AC,INT20,2021-12-05,XPONDD45BAC2,1555.0,1.0,38399,-28.309427160493954
34829,2026-03-09,NO NAVEGA. LEDS PARPADEANDO/NO AMARRA,INTERNET FIBRA 75MB,nan,"ER, FUERA DE LINEA",2026-03-11,1500036,ACTIVO,MADERO,48575443D81A048B,AC,INT30,2021-04-11,48575443D81A048B,1793.0,2.0,34829,-33.05734197530868
46476,2026-03-09,NO NAVEGA. LEDS PARPADEANDO/NO AMARRA,BASICO TV + INTERNET FIBRA 250MB ($399),nan,"ER, FUERA DE LINEA",2026-03-10,1500039,ACTIVO,PEDREGAL,CDTCAFA3B492,AC,BASINTF250,2026-11-02,CDTCAFA3B492,-238.0,1.0,46476,-29.91880899705022
38399,2026-03-09,EQUIPO DA?ADO,INTERNET FIBRA 60MB,CLIENTE ENTERADO CAMBIO DE EQUIPO  SIN COSTO CARLOS,nan,2026-03-10,1500036,ACTIVO,PRADOS VERDES,XPONDD45BAC2,AC,INT20,2021-12-05,XPONDD45BAC2,1555.0,1.0,38399,-28.309427160493954
44145,2026-03-09,NO NAVEGA. LEDS PARPADEANDO/NO AMARRA,INTERNET FIBRA 60MB,LOS ROJO,"GT.OFFLINE, REQUIERE VISITA",2026-03-10,1500285,ACTIVO,BELO,XPONDD3FD78F,AC,INT20,,XPONDD3FD78F,,1.0,44145,-24.83519759450164
46102,2026-03-09,NO NAVEGA. LEDS PARPADEANDO/NO AMARRA,BASICO TV + INTERNET FIBRA 250MB ($399),LOS ROJO,"ER, FUERA DE LINEA",2026-03-10,1500047,ACTIVO,PRADOS VERDES,XPONDDAF412529,AC,BASINTF250,,XPONDDAF412529,,1.0,46102,-19.957056049382814
32318,2026-03-09,NO NAVEGA. LEDS PARPADEANDO/NO AMARRA,BASICO TV + INTERNET FIBRA 45MB (NO VIGENTE),NO NAVEGA,nan,2026-03-09,1500039,ACTIVO,PERIODISMO,"204E7F096FED, XPONDD290608",AC,BASINT10,,"204E7F096FED, XPONDD290608",,0.0,32318,-28.5007741477272
347957,2026-03-09,NO NAVEGA. LEDS PARPADEANDO/NO AMARRA,INTERNET FIBRA 60MB,NO NAVEGA,"ER, FUERA DE LINEA",2026-03-12,1500046,ACTIVO,PERIODISMO,XPONDD91A38E,AC,INT20,,XPONDD91A38E,,3.0,347957,-25.262723702185948
14742,2026-03-09,NO NAVEGA. LEDS PARPADEANDO/NO AMARRA,BASICO TV + INTERNET FIBRA 250MB ($399),LOS ROJO AMBOS SERVICIOS,"ER, FUERA DE LINEA",2026-03-12,1501465,ACTIVO,PEDREGAL,CDTCAFA3E5D6,AC,BASINTF250,,CDTCAFA3E5D6,,3.0,14742,-23.87905113077682
2496,2026-03-09,NO NAVEGA. LEDS PARPADEANDO/NO AMARRA,BASICO TV + INTERNET FIBRA 250MB ($399),NO TIENE ALCANCE TEC RAUL GONZALES,"ER, CAIDAS DE NIVEL HASTA MENOS 28",2026-03-17,5555555,ACTIVO,PERIODISMO,HWTC5002653A,AC,BASINTF250,2014-11-02,HWTC5002653A,4145.0,8.0,2496,-28.23088456284138
7401,2026-03-09,CAMBIO DE ACOMETIDA,INTERNET FIBRA 75MB,CAMBIO DE ACOMETIDASIN COST O PIDE DAVID E,nan,2026-03-10,1500039,ACTIVO,PERIODISMO,48575443DD5BB09B,AC,INT30,,48575443DD5BB09B,,1.0,7401,-26.311552254098483
30796,2026-03-09,EQUIPO DA?ADO,INTERNET FIBRA 60MB,CLIENTE ENTERADO SIN COSTO PIDE DAVID,nan,2026-03-09,1500039,ACTIVO,PERIODISMO,XPONDD439E0B,AC,INT20,2017-04-04,XPONDD439E0B,3261.0,0.0,30796,-26.930835346215883
42347,2026-03-09,NO NAVEGA. LEDS FIJOS/RUIDO,INTERNET FIBRA 75MB,CLIENTE COMENTA QUE SU CARGADOR TIENE UNA FALLA Y NO AGARRA EL INTERNET,"ER, REQUIERE VISITA",2026-03-11,1500036,ACTIVO,MADERO,XPONDD45BA62,AC,INT30,2023-05-04,XPONDD45BA62,1040.0,2.0,42347,-25.3828466666666
346646,2026-03-09,NO NAVEGA. LEDS PARPADEANDO/NO AMARRA,BASICO TV + INTERNET FIBRA 60MB,CABLE COLGANDO,"ER, FUERA DE LINEA",2026-03-12,1500046,ACTIVO,PERIODISMO,XPONDD3025A6,AC,BASINT20,,XPONDD3025A6,,3.0,346646,-28.079105191256847
45954,2026-03-09,NO NAVEGA. LEDS PARPADEANDO/NO AMARRA,BASICO TV + INTERNET FIBRA 250MB ($399),LOS ROJA,"ER, VARIAS DESCONEXIONES",2026-03-11,1500046,ACTIVO,PERIODISMO,XPONDD7E977E,AC,BASINTF250,2025-10-11,XPONDD7E977E,149.0,2.0,45954,-25.1493510928961
45920,2026-03-09,NO NAVEGA. LEDS PARPADEANDO/NO AMARRA,BASICO TV + INTERNET FIBRA 250MB ($399),LA SEÑAL ES INTERMITENTE DURANTE LA TARDE NOCHE,"ER, SE REVISA CON EL TECNICO",2026-03-10,1500046,ACTIVO,PEDREGAL,XPONDD7EA476,AC,BASINTF250,,XPONDD7EA476,,1.0,45920,-21.80871066863317
38451,2026-03-09,NO NAVEGA. LEDS FIJOS/RUIDO,INTERNET FIBRA 75MB,LEDS VERDES INTERMITENTES,"ER, SE MANDA CONFIRMAR",2026-03-10,1500047,ACTIVO,PRADOS VERDES,48575443FAF4E091,AC,INT30,,48575443FAF4E091,,1.0,38451,-21.13467777777777
346667,2026-03-10,NO NAVEGA. LEDS PARPADEANDO/NO AMARRA,BASICO TV + INTERNET FIBRA 250MB ($399),TARDA EN AMARRAR LA SEÑAL Y ALGUNOS CANALES SE VEN MAL.,"ER, REQUIERE VISITA",2026-03-12,1501465,ACTIVO,PEDREGAL,CDTCAFA3B552,AC,BASINTF250,2014-08-10,CDTCAFA3B552,4230.0,2.0,346667,-25.505444936086576
46625,2026-03-10,NO NAVEGA. LEDS PARPADEANDO/NO AMARRA,BASICO TV + INTERNET FIBRA 250MB ($399),LOS ROJO,"ER, VARIAS DESCONEXIONES",2026-03-10,1500046,ACTIVO,PEDREGAL,HWTCAF9065AD,AC,BASINTF250,2026-09-03,HWTCAF9065AD,-177.0,0.0,46625,-20.9152906162465
46454,2026-03-10,CAMBIO DE ACOMETIDA,INTERNET FIBRA 60MB,TECNICO HIMBERTO SOLICITA SIN COSTO DESDE EL POSTE AL MODEM TIT ENTERADO,nan,2026-03-10,1500503,ACTIVO,SANTIAGUITO,HWTCAFAA0BC9,AC,INT20,2026-07-02,HWTCAFAA0BC9,-114.0,0.0,46454,-28.447324760463907
29225,2026-03-10,NO NAVEGA. LEDS PARPADEANDO/NO AMARRA,BASICO TV + INTERNET FIBRA 75MB,nan,PIDE VISITA TEC POR FALLAS CONSTANTES,2026-03-12,1500047,ACTIVO,MADERO,XPONDD375304,AC,BASINT30,,XPONDD375304,,2.0,29225,-23.37509604938268
19624,2026-03-10,NO NAVEGA. LEDS PARPADEANDO/NO AMARRA,BASICO TV + INTERNET FIBRA 250MB ($399),nan,NO AN IDO A REVISAR EL SERVCIO LO REPORTARON EL DIA 3 YE LLARAON EL DIA 7 Y QUEDARON EN MANDAR EL TECNICTO Y NO FUERON,2026-03-11,1500036,ACTIVO,MADERO,HWTCAF8FFE8D,AC,BASINTF250,2015-06-11,HWTCAF8FFE8D,3925.0,1.0,19624,-24.381105679012276
46644,2026-03-10,NO NAVEGA. LEDS PARPADEANDO/NO AMARRA,BASICO TV + INTERNET FIBRA 250MB ($399),SIN SEÑAL AMBOS SERVICIOS,"ER, FUERA DE LINEA",2026-03-11,1500036,ACTIVO,PUNHUATO,HWTCAF909259,AC,BASINTF250,2026-07-03,HWTCAF909259,-115.0,1.0,46644,-24.089294380587496
37145,2026-03-10,NO NAVEGA. LEDS PARPADEANDO/NO AMARRA,INTERNET FIBRA 75MB,TIENE NIVEL BAJO LE PUEDES GENERAR OS POR FAVOR,nan,2026-03-11,1500285,ACTIVO,VIRREY,XPONDD7E9B2E,AC,INT30,,XPONDD7E9B2E,,1.0,37145,-40.0
11653,2026-03-10,NO NAVEGA. LEDS PARPADEANDO/NO AMARRA,INTERNET FIBRA 60MB,LOS ROJO,"ER, FUERA DE LINEA",2026-03-11,1500036,ACTIVO,PRADOS VERDES,XPONDD4C7E7A,AC,INT20,2014-11-11,XPONDD4C7E7A,4137.0,1.0,11653,-26.388064197530714
38533,2026-03-10,NO NAVEGA. LEDS PARPADEANDO/NO AMARRA,BASICO TV + INTERNET FIBRA 75MB,LOS ROJO AMBOS SERVICIOS,"ER, SE MANDA CONFIRMAR",2026-03-10,1501409,ACTIVO,MADERO,BTPTDD26BFFA,AC,BASINT30,,BTPTDD26BFFA,,0.0,38533,-19.907838765432114
46551,2026-03-10,NO NAVEGA. LEDS FIJOS/RUIDO,BASICO TV + INTERNET FIBRA 250MB ($399),TIT CPOMENTA QUE LE HICIERON MAL INSTALACION SE GENERA OS P QUE PASEN A REV SEG CON ING VIVI,nan,2026-03-13,1500503,ACTIVO,SANTIAGUITO,HWTC5002692A,AC,BASINTF250,,HWTC5002692A,,3.0,46551,-23.19809757942513
45796,2026-03-10,CAMBIO DE ACOMETIDA,BASICO TV + INTERNET FIBRA 250MB ($399),CAMBIO DE COMETIDA SIN COSTO TIT ENETARDO,nan,2026-03-10,1500047,CORTADO,PUNHUATO,HWTCAF3AAF42,CO,BASINTF250,2025-07-10,HWTCAF3AAF42,243.0,0.0,45796,-35.394667159763344
45768,2026-03-10,NO NAVEGA. LEDS PARPADEANDO/NO AMARRA,BASICO TV + INTERNET FIBRA 250MB ($399),nan,"GT.OFFLINE, REQUIERE VISITA",2026-03-12,1500285,ACTIVO,VISTA BELLA,HWTCAF3AADAA,AC,BASINTF250,2025-06-10,HWTCAF3AADAA,273.0,2.0,45768,-20.566382546930505
343766,2026-03-10,NO NAVEGA. LEDS PARPADEANDO/NO AMARRA,BASICO TV + INTERNET FIBRA 60MB,LOS ROJO,GT. HA PRESENTADO DESCONEXIONES,2026-03-11,1500285,ACTIVO,VIRREY,XPONDD54FB0C,AC,BASINT20,,XPONDD54FB0C,,1.0,343766,-24.180564763658705
44266,2026-03-10,NO NAVEGA. LEDS FIJOS/RUIDO,INTERNET FIBRA 75MB,SIN SEÑAL,"ER, SE RECOMIENDA VISITA",2026-03-11,1500046,BAJA,PERIODISMO,nan,BA,INT30,,nan,,1.0,44266,-23.235542832909243
14986,2026-03-11,NO NAVEGA. LEDS PARPADEANDO/NO AMARRA,BASICO TV + INTERNET FIBRA 75MB,SIN SEÑAL EN NINGUN SERVICIO,"ER, FUERA DE LINEA",2026-03-12,1501465,ACTIVO,PEDREGAL,XPONDD3C2F80,AC,BASINT30,,XPONDD3C2F80,,1.0,14986,-28.035331858407126
37145,2026-03-11,EQUIPO DA?ADO,INTERNET FIBRA 75MB,TIT ENTERADO DE CAMBIO DE MODEM SIN COSTO SOLICITA TEC ULISES,nan,2026-03-11,1500285,ACTIVO,VIRREY,XPONDD7E9B2E,AC,INT30,,XPONDD7E9B2E,,0.0,37145,-40.0
41246,2026-03-11,NO NAVEGA. LEDS PARPADEANDO/NO AMARRA,INTERNET FIBRA 60MB,nan,FUERA DE LINEA REQUIERE VISITA,2026-03-14,1500046,ACTIVO,PEDREGAL,XPONDD41F2E3,AC,INT20,2022-10-08,XPONDD41F2E3,1250.0,3.0,41246,-22.520460914454247
40905,2026-03-11,CAMBIO DE ACOMETIDA,INTERNET FIBRA 60MB,TEC SOLICITA OS TIT ENTERAD Q NO TIENE COSTO,nan,2026-03-11,1500046,ACTIVO,PERIODISMO,485754439B8CB26F,AC,INT20,2022-07-06,485754439B8CB26F,1344.0,0.0,40905,-24.66376304023854
14986,2026-03-11,NO NAVEGA. LEDS PARPADEANDO/NO AMARRA,BASICO TV + INTERNET FIBRA 75MB,LOS ROJO AMBOS SERVICIOS,"ER, FUERA DE LINEA",2026-03-14,5555555,ACTIVO,PEDREGAL,XPONDD3C2F80,AC,BASINT30,,XPONDD3C2F80,,3.0,14986,-28.035331858407126
1687,2026-03-11,NO NAVEGA. LEDS PARPADEANDO/NO AMARRA,INTERNET FIBRA 60MB,TEC RAUL GONZALES,PIDE VISITA CONEXION MUY LENTA,2026-03-17,5555555,ACTIVO,PERIODISMO,OPTI37B12B15,AC,INT20,,OPTI37B12B15,,6.0,1687,-22.502453893442592
35280,2026-03-11,NO NAVEGA. LEDS PARPADEANDO/NO AMARRA,BASICO TV + INTERNET FIBRA 75MB,LOS ROJO AMBOS SERVICIO CLIENTE COMENTA QUE  EL CABLE ESTA  COLGADO Y PUEDE TUMBAR SU MUFA,"ER, REQUIERE VISITA",2026-03-14,5555555,ACTIVO,PEDREGAL,XPONDD396134,AC,BASINT30,2019-04-03,XPONDD396134,2534.0,3.0,35280,-23.823155572365202
11653,2026-03-11,CAMBIO DE ACOMETIDA,INTERNET FIBRA 60MB,CAMBIO DE COMETIDA SIN COSTO TIT ENTERADA,nan,2026-03-11,1500036,ACTIVO,PRADOS VERDES,XPONDD4C7E7A,AC,INT20,2014-11-11,XPONDD4C7E7A,4138.0,0.0,11653,-26.388064197530714
36188,2026-03-11,NO NAVEGA. LEDS PARPADEANDO/NO AMARRA,BASICO TV + INTERNET FIBRA 60MB,nan,"ER, SE MANDA CONFIRMAR",2026-03-12,1501465,ACTIVO,PEDREGAL,XPON1DA91360,AC,BASINT20,2025-08-04,XPON1DA91360,219.0,1.0,36188,-26.76340830875127
46640,2026-03-11,NO NAVEGA. LEDS PARPADEANDO/NO AMARRA,BASICO TV + INTERNET FIBRA 250MB ($399),AMBOS SERVICIOS,nan,2026-03-12,1500503,PENDIENTE DESCONEXION,SANTIAGUITO,nan,PD,BASINTF250,2026-05-03,nan,-53.0,1.0,46640,-21.092117239300784
30119,2026-03-11,NO NAVEGA. LEDS PARPADEANDO/NO AMARRA,INTERNET NAVEGA (NO VIGENTE),LOS ROJO,nan,2026-03-12,1500047,ACTIVO,MADERO,204E7FA8620F,AC,IESE,,204E7FA8620F,,1.0,nan,
34918,2026-03-11,NO NAVEGA. LEDS PARPADEANDO/NO AMARRA,BASICO TV + INTERNET FIBRA 75MB,LOS ROJO SIN SEÑAL EN AMBOS SERVICIOS,"ER, SE MANDA CONFIRMAR",2026-03-12,1500046,ACTIVO,PERIODISMO,XPONDD2C3576,AC,BASINT30,,XPONDD2C3576,,1.0,34918,-28.58207137978133
33569,2026-03-12,NO NAVEGA. LEDS FIJOS/RUIDO,INTERNET NAVEGA (NO VIGENTE),nan,FUERA DE SERVICIO REQUIERE VISITA TECNICA,2026-03-13,1500047,ACTIVO,MADERO,E091F5DF5878,AC,IESE,,E091F5DF5878,,1.0,nan,
40999,2026-03-12,NO NAVEGA. LEDS FIJOS/RUIDO,INTERNET FIBRA 60MB,nan,SEÑAL INTERMITENTE SOLCITEN PASEN A DOM,2026-03-14,1500046,ACTIVO,PEDREGAL,HWTCAFAA0A25,AC,INT20,,HWTCAFAA0A25,,2.0,40999,-22.334643559488704
46463,2026-03-12,NO NAVEGA. LEDS PARPADEANDO/NO AMARRA,BASICO TV + INTERNET FIBRA 250MB ($399),FALLA EN AMBOS SERVICIOS. CLIENTE COMENTA QUE INTERNET NO TIENE DESDE EL DIA DE LA INSTALACION.,"ER, SE MANDA CONFIRMAR",2026-03-13,1500047,ACTIVO,MADERO,HWTC50026396,AC,BASINTF250,,HWTC50026396,,1.0,46463,-18.02626049382717
23887,2026-03-12,NO NAVEGA. LEDS PARPADEANDO/NO AMARRA,INTERNET FIBRA 60MB,nan,"ER, SE MANDA CONFIRMAR",2026-03-14,1500047,ACTIVO,MADERO,XPONDD3D8749,AC,INT20,,XPONDD3D8749,,2.0,23887,-25.498895802469136
43401,2026-03-12,NO NAVEGA. LEDS FIJOS/RUIDO,INTERNET FIBRA 120MB,nan,SEÑAL LENTA SOLCITAN PASEN A DOM,2026-03-13,1500047,ACTIVO,MADERO,4857544374B2894C,AC,INT50,,4857544374B2894C,,1.0,43401,-27.379195555555608
333418,2026-03-12,NO NAVEGA. LEDS PARPADEANDO/NO AMARRA,BASICO TV + INTERNET FIBRA 250MB ($399),LOS ROJO SIN SEÑAL EN AMBOS SERVICIOS,"ER, FUERA DE LINEA",2026-03-13,1500047,ACTIVO,PRADOS VERDES,HWTCAF3ADB76,AC,BASINTF250,,HWTCAF3ADB76,,1.0,333418,-23.574011604938285
46564,2026-03-12,NO NAVEGA. LEDS FIJOS/RUIDO,BASICO TV + INTERNET FIBRA 250MB ($399),PIDE VISITA TECNICA,nan,2026-03-13,1500503,ACTIVO,SANTIAGUITO,HWTC50026966,AC,BASINTF250,2026-02-03,HWTC50026966,37.0,1.0,46564,-24.164507514761052
347957,2026-03-12,EQUIPO DA?ADO,INTERNET FIBRA 60MB,CLIENTE ENTERADA CAMBIO DE EQUIPO SIN COSTO JORGE,nan,2026-03-12,5555555,ACTIVO,PERIODISMO,XPONDD91A38E,AC,INT20,,XPONDD91A38E,,0.0,347957,-25.262723702185948
36065,2026-03-12,NO NAVEGA. LEDS FIJOS/RUIDO,INTERNET FIBRA 75MB,nan,"ER, VARIAS DESCONEXIONES",2026-03-12,1501465,ACTIVO,PEDREGAL,48575443A385BD9C,AC,INT30,,48575443A385BD9C,,0.0,36065,-27.853097345132703
21660,2026-03-12,NO NAVEGA. LEDS PARPADEANDO/NO AMARRA,BASICO TV + INTERNET XTREME (NO VIGENTE),SOLO PWR ENCENDIDO,"ER,  USP BAJO",2026-03-13,1500047,ACTIVO,MADERO,E8ED05F1C1B2,AC,BASIESEP,2016-02-01,E8ED05F1C1B2,3692.0,1.0,nan,
10254,2026-03-12,NO NAVEGA. LEDS PARPADEANDO/NO AMARRA,INTERNET FIBRA 75MB,LOS ROJO,"ER, FUERA DE LINEA",2026-03-14,5555555,ACTIVO,PEDREGAL,4857544352939A8B,AC,INT30,,4857544352939A8B,,2.0,10254,-24.622450835791582
36188,2026-03-12,CAMBIO DE ACOMETIDA,BASICO TV + INTERNET FIBRA 60MB,CLIENTE ENTERADA CAMBIO DE ACOMETIDA RIGO,nan,2026-03-12,1501465,ACTIVO,PEDREGAL,XPON1DA91360,AC,BASINT20,2025-08-04,XPON1DA91360,220.0,0.0,36188,-26.76340830875127
39605,2026-03-12,NO NAVEGA. LEDS FIJOS/RUIDO,INTERNET FIBRA 150MB,nan,"GT.OFFLINE, REQUIERE VISITA",2026-03-14,1501143,ACTIVO,VIRREY,XPONDD42BCBB,AC,INT100,2021-02-11,XPONDD42BCBB,1855.0,2.0,39605,-30.896668201350412
45859,2026-03-12,NO NAVEGA. LEDS PARPADEANDO/NO AMARRA,BASICO TV + INTERNET FIBRA 250MB ($399),CABLE REVENTADO,"ER, FUERA DE LINEA",2026-03-14,5555555,ACTIVO,PEDREGAL,XPONAF5B65D9,AC,BASINTF250,,XPONAF5B65D9,,2.0,45859,-26.05424532940028
34918,2026-03-12,CAMBIO DE ACOMETIDA,BASICO TV + INTERNET FIBRA 75MB,CAMBIO DE COMETIDA SIN COSTO TIT ENTERADA,nan,2026-03-12,1500046,ACTIVO,PERIODISMO,XPONDD2C3576,AC,BASINT30,,XPONDD2C3576,,0.0,34918,-28.58207137978133
37704,2026-03-12,NO NAVEGA. LEDS PARPADEANDO/NO AMARRA,BASICO TV + INTERNET FIBRA 250MB ($399),SEÑAL DEBIL,"ER, SE RECOMIENDA VISITA",2026-03-14,1500046,ACTIVO,PEDREGAL,HWTCAFAB358F,AC,BASINTF250,,HWTCAFAB358F,,2.0,37704,-25.120058997050165
44641,2026-03-12,NO NAVEGA. LEDS PARPADEANDO/NO AMARRA,INTERNET FIBRA 60MB,"SE ENCONTRÓ 2 MODEM EN DOMICILIO, UNO CON LA SEÑAL DE INTERNET Y OTRO LO COLOCARON PARA SACAR LA SEÑAL DE CATV",SE RETIRÓ EL MODEM QUE SACABA SEÑAL DE CATV,2026-03-14,1500046,ACTIVO,PEDREGAL,XPONDD530CCC,AC,INT20,2024-04-09,XPONDD530CCC,702.0,2.0,44641,-29.55697148475897
46532,2026-03-12,NO NAVEGA. LEDS PARPADEANDO/NO AMARRA,BASICO TV + INTERNET FIBRA 250MB ($399),LOS ROJO SIN SEÑAL EN AMBOS SERVICIOS,nan,2026-03-17,1500285,ACTIVO,VISTA BELLA,XPON2E1B57D3,AC,BASINTF250,,XPON2E1B57D3,,5.0,46532,-28.312569060773505
34833,2026-03-12,NO NAVEGA. LEDS PARPADEANDO/NO AMARRA,BASICO TV + INTERNET FIBRA 60MB,TEC RAUL GONZALES,"ER, SE RECOMIENDA VISITA",2026-03-17,5555555,ACTIVO,PERIODISMO,OPTI38C066B5,AC,BASINT20,,OPTI38C066B5,,5.0,34833,-23.039023224043817
44307,2026-03-12,NO NAVEGA. LEDS PARPADEANDO/NO AMARRA,INTERNET FIBRA 60MB,SEÑAL DEBIL E INTERMITENTE,"ER, SE REVISA CON EL TECNICO",2026-03-14,1500046,ACTIVO,PEDREGAL,HWTCAF8FDF25,AC,INT20,2024-06-06,HWTCAF8FDF25,644.0,2.0,44307,-19.04508235004915
24769,2026-03-12,NO NAVEGA. LEDS PARPADEANDO/NO AMARRA,BASICO TELECABLE FIBRA,nan,nan,2026-03-19,1500374,ACTIVO,VIRREY,nan,nan,nan,,nan,,7.0,24769,-32.56678459119517
30723,2026-03-12,NO NAVEGA. LEDS PARPADEANDO/NO AMARRA,BASICO TV + INTERNET FIBRA 75MB,nan,"GT, HA PRESENTADO DESCONEXIONES",2026-03-15,1500047,ACTIVO,VIRREY,XPONDD396864,AC,BASINT30,,XPONDD396864,,3.0,30723,-22.517047184170583
44467,2026-03-13,NO NAVEGA. LEDS PARPADEANDO/NO AMARRA,INTERNET FIBRA 75MB,LOS ROJO,nan,2026-03-13,1500047,ACTIVO,PRADOS VERDES,XPONDD52F364,AC,INT30,,XPONDD52F364,,0.0,44467,-27.834955555555627
46074,2026-03-13,NO NAVEGA. LEDS PARPADEANDO/NO AMARRA,INTERNET FIBRA 75MB,LOS ROJO,nan,2026-03-14,1500046,ACTIVO,PERIODISMO,XPONDD3E6E75,AC,INT30,,XPONDD3E6E75,,1.0,46074,-25.187175546448255
46633,2026-03-13,NO NAVEGA. LEDS PARPADEANDO/NO AMARRA,BASICO TV + INTERNET FIBRA 250MB ($399),SIN SEÑAL AMBOS SERVICIOS,JE MANDO A CC,2026-03-14,1500014,ACTIVO,EL REALITO,HWTCAF911FC5,AC,BASINTF250,2026-09-03,HWTCAF911FC5,-174.0,1.0,46633,-21.770750877193
40323,2026-03-13,NO NAVEGA. LEDS PARPADEANDO/NO AMARRA,BASICO TV + INTERNET FIBRA 120MB,SIN SEÑAL DE AMBOS SERVICIOS,"GT, HA TENIDO DESCONEXIONES",2026-03-17,1500285,ACTIVO,VIRREY,XPONDD2C3936,AC,BASINT50,,XPONDD2C3936,,4.0,40323,-18.122275936157116
14908,2026-03-13,NO NAVEGA. LEDS PARPADEANDO/NO AMARRA,BASICO TV + INTERNET FIBRA 250MB ($399),SIN SEÑAL EN NINGUN SERVICIO,"GT, DESCONEXIONES",2026-03-15,1500047,ACTIVO,VIRREY,XPON1D903B14,AC,BASINTF250,2015-06-04,XPON1D903B14,3935.0,2.0,14908,-22.824995395948523
22093,2026-03-13,NO NAVEGA. LEDS PARPADEANDO/NO AMARRA,BASICO TV + INTERNET FIBRA 75MB,nan,CLIENTE MOLESTO QUE LE FALLA MUCHO POR LAS TARDES,2026-03-15,1500047,ACTIVO,PRADOS VERDES,XPONDD3E7145,AC,BASINT30,2016-06-01,XPONDD3E7145,3572.0,2.0,22093,-18.729611358024698
46582,2026-03-13,NO NAVEGA. LEDS PARPADEANDO/NO AMARRA,INTERNET FIBRA 60MB,LOS ROJO,JE MANDO A CC,2026-03-14,1500014,ACTIVO,EL REALITO,HWTC50026882,AC,INT20,2026-05-03,HWTC50026882,-51.0,1.0,46582,-25.535371681416144
37613,2026-03-13,NO NAVEGA. LEDS FIJOS/RUIDO,INTERNET FIBRA 75MB,nan,SE GENERA OS CORRECTA,2026-03-14,1500046,ACTIVO,PEDREGAL,XPONDD4C57EA,AC,INT30,,XPONDD4C57EA,,1.0,37613,-24.35971976401192
41246,2026-03-13,CAMBIO DE ACOMETIDA,INTERNET FIBRA 60MB,SOLICITA TEC LUIS E,nan,2026-03-14,1500046,ACTIVO,PEDREGAL,XPONDD41F2E3,AC,INT20,2022-10-08,XPONDD41F2E3,1252.0,1.0,41246,-22.520460914454247
30971,2026-03-13,NO NAVEGA. LEDS PARPADEANDO/NO AMARRA,BASICO TV + INTERNET FIBRA 250MB ($399),LOS ROJO AMBOS SERVICIOS,"ER, SE RECOMIENDA VISITA",2026-03-14,5555555,ACTIVO,PEDREGAL,XPONAF5B6A7D,AC,BASINTF250,,XPONAF5B6A7D,,1.0,30971,-23.436127089478834
40999,2026-03-13,EQUIPO DA?ADO,INTERNET FIBRA 60MB,TIT ENTERADO DE CAMBIO DE MODEM SIN COSTO SOLICITA ING LUIS E,nan,2026-03-14,1500046,ACTIVO,PEDREGAL,HWTCAFAA0A25,AC,INT20,,HWTCAFAA0A25,,1.0,40999,-22.334643559488704
46626,2026-03-13,NO NAVEGA. LEDS PARPADEANDO/NO AMARRA,BASICO TV + INTERNET FIBRA 250MB ($399),nan,"ER, FUERA DE LINEA",2026-03-14,5555555,ACTIVO,PEDREGAL,HWTCAF913279,AC,BASINTF250,2026-10-03,HWTCAF913279,-204.0,1.0,46626,-23.659470121381872
44307,2026-03-13,EQUIPO DA?ADO,INTERNET FIBRA 60MB,TIT ACEPTA CAMBIO DE MODEM SIN COSTO TEC JORGE,nan,2026-03-14,1500046,ACTIVO,PEDREGAL,HWTCAF8FDF25,AC,INT20,2024-06-06,HWTCAF8FDF25,645.0,1.0,44307,-19.04508235004915
46532,2026-03-13,CAMBIO DE ACOMETIDA,BASICO TV + INTERNET FIBRA 250MB ($399),TIT ACEPTO CAMBIO DE ACOMETIDA SIN COSTO TEC ULISES,nan,2026-03-14,1501143,ACTIVO,VISTA BELLA,XPON2E1B57D3,AC,BASINTF250,,XPON2E1B57D3,,1.0,46532,-28.312569060773505
46216,2026-03-13,NO NAVEGA. LEDS PARPADEANDO/NO AMARRA,BASICO TV + INTERNET FIBRA 250MB ($399),LOS ROJO,"GT.OFFLINE, REQUIERE VISITA",2026-03-14,1501143,ACTIVO,VIRREY,HWTCAFAB6AB7,AC,BASINTF250,,HWTCAFAB6AB7,,1.0,46216,-32.64593001841641
37429,2026-03-13,NO NAVEGA. LEDS PARPADEANDO/NO AMARRA,INTERNET FIBRA 60MB,DESDE AYER,"ER, FUERA DE LINEA",2026-03-20,1500039,ACTIVO,PERIODISMO,XPONDD439B43,AC,INT20,,XPONDD439B43,,7.0,37429,-29.036714480874352
41241,2026-03-13,NO NAVEGA. LEDS PARPADEANDO/NO AMARRA,BASICO TV + INTERNET FIBRA 60MB,nan,JE MANDO A CC,2026-03-15,1500047,ACTIVO,VIRREY,XPONDD591548,AC,BASINT20,2024-09-11,XPONDD591548,548.0,2.0,41241,-24.38056936771032
46688,2026-03-13,NO NAVEGA. LEDS PARPADEANDO/NO AMARRA,BASICO TV + INTERNET FIBRA 250MB ($399),nan,JE TIENE EL NIVEL BAJO REQUIERE VISITA,2026-03-15,1500047,ACTIVO,MADERO,HWTCAF8FFB8D,AC,BASINTF250,,HWTCAF8FFB8D,,2.0,46688,-30.310799253034503
37962,2026-03-13,NO NAVEGA. LEDS PARPADEANDO/NO AMARRA,BASICO TV + INTERNET FIBRA 60MB,LOS ROJO SIN SEÑAL EN AMBOS SERVICIOS,JE MANDO A CC,2026-03-14,1500047,ACTIVO,PRADOS VERDES,XPONDD43931B,AC,BASINT20,,XPONDD43931B,,1.0,37962,-20.975099999999976
351965,2026-03-14,NO NAVEGA. LEDS PARPADEANDO/NO AMARRA,BASICO TV + INTERNET FIBRA 250MB ($399),LOS ROJO,JE MANDO A CC,2026-03-14,5555555,CORTADO,PEDREGAL,XPONDD7E9E1E,CO,BASINTF250,,XPONDD7E9E1E,,0.0,351965,-30.3872246804326
1236,2026-03-14,NO NAVEGA. LEDS PARPADEANDO/NO AMARRA,BASICO TV + INTERNET FIBRA 250MB ($399),CLIENTE COMENTA QUE NO CUENTA CON NINGUN SERVICIO,GT.OFFLINE,2026-03-15,1500047,ACTIVO,VIRREY,XPONDD7E9E3E,AC,BASINTF250,,XPONDD7E9E3E,,1.0,1236,-28.88563996316791
1236,2026-03-14,NO NAVEGA. LEDS PARPADEANDO/NO AMARRA,BASICO TV + INTERNET FIBRA 250MB ($399),CLIENTE COMENTA QUE NO CUENTA CON NINGUN SERVICIO,GT.OFFLINE,2026-03-15,1500047,ACTIVO,VIRREY,XPONDD7E9E3E,AC,BASINTF250,,XPONDD7E9E3E,,1.0,1236,-28.88563996316791
334167,2026-03-14,NO NAVEGA. LEDS PARPADEANDO/NO AMARRA,BASICO TV + INTERNET FIBRA 60MB,LOS ROJO,JE MANDO A CC,2026-03-15,1500047,CORTESIA,VIRREY,HWTCAF912F9D,SC,BASINT20,2013-07-12,HWTCAF912F9D,4628.0,1.0,334167,-20.926743400859486
28954,2026-03-14,NO NAVEGA. LEDS FIJOS/RUIDO,BASICO TV + INTERNET FIBRA 75MB,nan,JE MANDO A CC,2026-03-14,1501409,ACTIVO,PERIODISMO,HWTCAF3ADEE2,AC,BASINT30,2016-04-11,HWTCAF3ADEE2,3624.0,0.0,28954,-19.87169228142075
42621,2026-03-14,NO NAVEGA. LEDS PARPADEANDO/NO AMARRA,INTERNET FIBRA 60MB,SEÑAL BAJA,JE FUERA DE LINEA REQUIERE VISITA,2026-03-19,1500046,ACTIVO,PEDREGAL,XPONDD6002D4,AC,INT20,2025-11-07,XPONDD6002D4,127.0,5.0,42621,-28.078060471976297
32704,2026-03-14,NO NAVEGA. LEDS PARPADEANDO/NO AMARRA,BASICO TV + INTERNET FIBRA 60MB,nan,"ER, FUERA DE LINEA",2026-03-18,1500046,ACTIVO,PERIODISMO,HTWC500292CA,AC,BASINT20,,HTWC500292CA,,4.0,32704,-26.46349926253682
37962,2026-03-14,CAMBIO DE ACOMETIDA,BASICO TV + INTERNET FIBRA 60MB,CLEINTE ENTERADO PIDE DANIEL,nan,2026-03-14,1500047,ACTIVO,PRADOS VERDES,XPONDD43931B,AC,BASINT20,,XPONDD43931B,,0.0,37962,-20.975099999999976
39605,2026-03-14,CAMBIO DE ACOMETIDA,INTERNET FIBRA 150MB,TIT ACEPTA CAMBIO DE ACOMETIDA SIN COSTO TEC DIEGO A,nan,2026-03-14,1501143,ACTIVO,VIRREY,XPONDD42BCBB,AC,INT100,2021-02-11,XPONDD42BCBB,1857.0,0.0,39605,-30.896668201350412
335546,2026-03-14,NO NAVEGA. LEDS PARPADEANDO/NO AMARRA,BASICO TV + INTERNET FIBRA 250MB ($399),AMBO SERVICIO,JE FUERA DE LINEA REQUIERE VISITA,2026-03-17,1500046,ACTIVO,PEDREGAL,XPONDD919E0E,AC,BASINTF250,,XPONDD919E0E,,3.0,335546,-25.542987954769057
45796,2026-03-14,NO NAVEGA. LEDS PARPADEANDO/NO AMARRA,BASICO TV + INTERNET FIBRA 250MB ($399),AMBOS SERVICIOS,JE FUERA DE LINEA REQUIERE VISITA,2026-03-18,1500036,CORTADO,PUNHUATO,HWTCAF3AAF42,CO,BASINTF250,2025-07-10,HWTCAF3AAF42,247.0,4.0,45796,-35.394667159763344
45733,2026-03-14,NO NAVEGA. LEDS PARPADEANDO/NO AMARRA,INTERNET FIBRA 75MB,TEC RAUL GONZALES,"ER, SE MANDA CONFIRMAR",2026-03-17,5555555,ACTIVO,PERIODISMO,XPONDD7E964E,AC,INT30,,XPONDD7E964E,,3.0,45733,-25.00271345628418
43606,2026-03-14,NO NAVEGA. LEDS PARPADEANDO/NO AMARRA,INTERNET FIBRA 60MB,SEÑAL BAJA,ER. NIVEL BAJO MENOS 30.00,2026-03-19,1500046,ACTIVO,PEDREGAL,OPTI37B0C8A5,AC,INT20,2023-10-11,OPTI37B0C8A5,885.0,5.0,43606,-31.195143805309723
46216,2026-03-14,CAMBIO DE ACOMETIDA,BASICO TV + INTERNET FIBRA 250MB ($399),TIT ACEPTA CAMBIO DE ACOMETIDA SIN COSTO TEC DIEGO A,nan,2026-03-14,1501143,ACTIVO,VIRREY,HWTCAFAB6AB7,AC,BASINTF250,,HWTCAFAB6AB7,,0.0,46216,-32.64593001841641
346646,2026-03-14,NO NAVEGA. LEDS PARPADEANDO/NO AMARRA,BASICO TV + INTERNET FIBRA 60MB,TEC RAUL GONZALES,"ER, FUERA DE LINEA",2026-03-17,5555555,ACTIVO,PERIODISMO,XPONDD3025A6,AC,BASINT20,,XPONDD3025A6,,3.0,346646,-28.079105191256847
46546,2026-03-14,NO NAVEGA. LEDS PARPADEANDO/NO AMARRA,BASICO TV + INTERNET FIBRA 250MB ($399),nan,REQUIERE VISITA TECNICA,2026-03-17,1500046,ACTIVO,PEDREGAL,HWTCAF8FD685,AC,BASINTF250,,HWTCAF8FD685,,3.0,46546,-23.72994714847592
45804,2026-03-14,NO NAVEGA. LEDS PARPADEANDO/NO AMARRA,BASICO TV + INTERNET FIBRA 250MB ($399),nan,"ER, SE MANDA CONFIRMAR",2026-03-17,1500046,ACTIVO,PEDREGAL,XPONAF5B65C1,AC,BASINTF250,,XPONAF5B65C1,,3.0,45804,-24.24924532940032
15891,2026-03-14,NO NAVEGA. LEDS PARPADEANDO/NO AMARRA,BASICO TV + INTERNET FIBRA 60MB,LOS ROJO,"ER, FUERA DE LINEA",2026-03-15,1500047,ACTIVO,MADERO,HWTCAF8FFBA5,AC,BASINT20,,HWTCAF8FFBA5,,1.0,15891,-24.476103703703696
44449,2026-03-14,NO NAVEGA. LEDS PARPADEANDO/NO AMARRA,INTERNET FIBRA 60MB,nan,"ER, VARIAS DESCONEXIONES",2026-03-17,1500046,ACTIVO,PEDREGAL,485754436258316F,AC,INT20,2024-11-07,485754436258316F,492.0,3.0,44449,-24.204295722713866
37001,2026-03-14,NO NAVEGA. LEDS FIJOS/RUIDO,INTERNET FIBRA 45MB (NO VIGENTE),NO PUEDE NAVEGAR,"ER, NIVEL BAJO MENOS 28.54",2026-03-15,1500047,ACTIVO,MADERO,XPONDD41F06B,AC,INT10,,XPONDD41F06B,,1.0,37001,-28.189918518518684
1236,2026-03-15,CAMBIO DE ACOMETIDA,BASICO TV + INTERNET FIBRA 250MB ($399),TIT ENTERADO DE CAMBIO DE ACOMETIDA SIN COSTO SOLICITA TEC DANIEL G,nan,2026-03-15,5555555,ACTIVO,VIRREY,XPONDD7E9E3E,AC,BASINTF250,,XPONDD7E9E3E,,0.0,1236,-28.88563996316791
1236,2026-03-15,CAMBIO DE ACOMETIDA,BASICO TV + INTERNET FIBRA 250MB ($399),TIT ENTERADO DE CAMBIO DE ACOMETIDA SIN COSTO SOLICITA TEC DANIEL G,nan,2026-03-15,5555555,ACTIVO,VIRREY,XPONDD7E9E3E,AC,BASINTF250,,XPONDD7E9E3E,,0.0,1236,-28.88563996316791
46190,2026-03-15,NO NAVEGA. LEDS PARPADEANDO/NO AMARRA,BASICO TV + INTERNET FIBRA 250MB ($399),FALLA EN AMBOS SERVICIOS. CLIENTE COMENTA ROMPIERON EL CABLE FUERA DE SU DOMICILIO.,"ER, FUERA DE LINEA",2026-03-17,1501177,ACTIVO,NINO ARTILLERO,XPONDD7EA9A6,AC,BASINTF250,,XPONDD7EA9A6,,2.0,46190,-27.8396140609639
334167,2026-03-15,EQUIPO DA?ADO,BASICO TV + INTERNET FIBRA 60MB,TIT ENTERADO DE CAMBIO DE ACOMETIDA SIN COSTO SOLICITA TEC CARLOS,nan,2026-03-15,5555555,CORTESIA,VIRREY,HWTCAF912F9D,SC,BASINT20,2013-07-12,HWTCAF912F9D,4629.0,0.0,334167,-20.926743400859486
15891,2026-03-15,EQUIPO DA?ADO,BASICO TV + INTERNET FIBRA 60MB,TIT ENTERADO DE CAMBIO DE MODEM SIN COSTO SOLICITA TEC DANIEL G,nan,2026-03-15,5555555,ACTIVO,MADERO,HWTCAF8FFBA5,AC,BASINT20,,HWTCAF8FFBA5,,0.0,15891,-24.476103703703696
40555,2026-03-15,NO NAVEGA. LEDS PARPADEANDO/NO AMARRA,BASICO TV + INTERNET FIBRA 60MB,LOS ROJO,"ER, FUERA DE LINEA",2026-03-19,1500503,ACTIVO,SANTIAGUITO,HWTCAF911FE9,AC,BASINT20,2022-09-04,HWTCAF911FE9,1288.0,4.0,40555,-25.20608547655077
19862,2026-03-15,NO NAVEGA. LEDS FIJOS/RUIDO,INTERNET FIBRA 60MB,SIN SEÑAL,GT. SE ENVIA A CC,2026-03-17,1500285,ACTIVO,VIRREY,XPONDD4C5FEA,AC,INT20,,XPONDD4C5FEA,,2.0,19862,-21.801809392265152
46137,2026-03-16,NO NAVEGA. LEDS PARPADEANDO/NO AMARRA,INTERNET FIBRA 60MB,LOS ROJO,GT.OFFLINE,2026-03-18,1500036,ACTIVO,PRADOS VERDES,XPONDD3E63F1,AC,INT20,2025-10-12,XPONDD3E63F1,155.0,2.0,46137,-35.488859259259165
29054,2026-03-16,NO NAVEGA. LEDS PARPADEANDO/NO AMARRA,INTERNET FIBRA 75MB,LOS ROJO,GT.OFFLINE,2026-03-17,1500046,ACTIVO,PEDREGAL,XPONDD28C9F8,AC,INT30,2016-09-11,XPONDD28C9F8,3473.0,1.0,29054,-19.907733529990157
30684,2026-03-16,NO NAVEGA. LEDS PARPADEANDO/NO AMARRA,BASICO TV + INTERNET FIBRA 250MB ($399),SIN SEÑAL AMBOS SERVICIOS,GT.OFFLINE,2026-03-17,1500046,ACTIVO,PEDREGAL,HWTCAFAB481F,AC,BASINTF250,,HWTCAFAB481F,,1.0,30684,-23.138727876106163
28253,2026-03-16,NO NAVEGA. LEDS PARPADEANDO/NO AMARRA,BASICO TV + INTERNET FIBRA 75MB,LOS ROJO,GT.OFFLINE,2026-03-17,1500046,ACTIVO,PEDREGAL,XPONDD291E10,AC,BASINT30,2016-01-11,XPONDD291E10,3717.0,1.0,28253,-23.589550147492567
333418,2026-03-16,NO NAVEGA. LEDS PARPADEANDO/NO AMARRA,BASICO TV + INTERNET FIBRA 250MB ($399),SIN SEÑAL AMBOS SERVICIOS,"ER, VARIAS DESCONEXIONES",2026-03-17,1500047,ACTIVO,PRADOS VERDES,HWTCAF3ADB76,AC,BASINTF250,,HWTCAF3ADB76,,1.0,333418,-23.574011604938285
46567,2026-03-16,NO NAVEGA. LEDS PARPADEANDO/NO AMARRA,BASICO TV + INTERNET FIBRA 250MB ($399),SIN SEÑAL,"CLIENTE COMENTA QUE NO SE LE DIO SOLUCION A SU FALLA, YA QUE QUIERE CONECTAR SU XBOX PERO LA RED NO SE PUEDE CONFIGURAR||",2026-03-17,1500503,ACTIVO,SANTIAGUITO,HWTCAF91200D,AC,BASINTF250,2026-10-03,HWTCAF91200D,-201.0,1.0,46567,-21.939456845238077
335929,2026-03-16,NO NAVEGA. LEDS PARPADEANDO/NO AMARRA,BASICO TV + INTERNET FIBRA 60MB,LOS ROJO,"ER, SE MANDA CONFIRMAR",2026-03-17,1500046,ACTIVO,PEDREGAL,485754438DE0219A,AC,BASINT20,,485754438DE0219A,,1.0,335929,-18.55464601769913
7462,2026-03-17,NO NAVEGA. LEDS PARPADEANDO/NO AMARRA,INTERNET FIBRA 75MB,nan,GT.OFFLINE,2026-03-19,1500374,ACTIVO,VIRREY,XPONDD4C5532,AC,INT30,,XPONDD4C5532,,2.0,7462,-28.126325966850626
38819,2026-03-17,NO NAVEGA. LEDS PARPADEANDO/NO AMARRA,INTERNET FIBRA 75MB,LOS ROJO,"ER, SE MANDA CONFIRMAR",2026-03-18,1500046,ACTIVO,PEDREGAL,485754437322E79D,AC,INT30,2021-08-07,485754437322E79D,1683.0,1.0,38819,-23.568875368731568
46539,2026-03-17,NO NAVEGA. LEDS PARPADEANDO/NO AMARRA,BASICO TV + INTERNET FIBRA 250MB ($399),LOS ROJO,"ER, FUERA DE LINEA",2026-03-18,1500046,ACTIVO,PEDREGAL,HWTCAF8FD5F5,AC,BASINTF250,,HWTCAF8FD5F5,,1.0,46539,-21.016529006882973
18720,2026-03-17,MODEM DAÑADO/PERDIDO (COBRO),INTERNET FIBRA 45MB (NO VIGENTE),nan,nan,2026-03-19,1500046,ACTIVO,PEDREGAL,HWTC50029366,AC,INT10,,HWTC50029366,,2.0,18720,-24.107192723697153
44943,2026-03-17,NO NAVEGA. LEDS PARPADEANDO/NO AMARRA,INTERNET FIBRA 75MB,LOS ROJO,"ER, NIVEL BAJO MENOS 30.80",2026-03-18,1500046,ACTIVO,PEDREGAL,XPONDD5CBC5E,AC,INT30,2025-07-01,XPONDD5CBC5E,259.0,1.0,44943,-30.917319321533807
8231,2026-03-17,NO NAVEGA. LEDS FIJOS/RUIDO,BASICO TV + INTERNET FIBRA 60MB,TAMPOCO SERVICIO DE TV,"ER, FUERA DE LINEA",2026-03-19,1500046,ACTIVO,PERIODISMO,XPON1DA91348,AC,BASINT20,,XPON1DA91348,,2.0,8231,-28.898642418032797
333418,2026-03-17,CAMBIO DE ACOMETIDA,BASICO TV + INTERNET FIBRA 250MB ($399),TEC SOLICITA OS TIT ENTERADO QUE NO TIENE COSTO,nan,2026-03-17,1500047,ACTIVO,PRADOS VERDES,HWTCAF3ADB76,AC,BASINTF250,,HWTCAF3ADB76,,0.0,333418,-23.574011604938285
334228,2026-03-17,NO NAVEGA. LEDS PARPADEANDO/NO AMARRA,BASICO TV + INTERNET 50MB (DOBLE MEGAS) (NO VIGENTE),nan,GT.SE ENVIA A CC,2026-03-19,1500374,ACTIVO,VIRREY,HWTC1DD88424,AC,BASINT50DM,,HWTC1DD88424,,2.0,334228,-19.272321976672792
10076,2026-03-17,NO NAVEGA. LEDS PARPADEANDO/NO AMARRA,BASICO TV + INTERNET FIBRA 75MB,LOS ROJO,nan,2026-03-18,1500036,ACTIVO,PRADOS VERDES,BTPTDD26C0CA,AC,BASINT30,,BTPTDD26C0CA,,1.0,10076,-20.87784320987657
45580,2026-03-17,NO NAVEGA. LEDS PARPADEANDO/NO AMARRA,BASICO TV + INTERNET FIBRA 250MB ($399),CLIENTE COMENTA QUE LE FALLA MUCHO Y SOLO TIENEUN DISPOSITIVO CONECTADO,"ER, SE RECOMIENDA VISITA",2026-03-18,1500036,ACTIVO,MADERO,HWTCAF3AE58A,AC,BASINTF250,,HWTCAF3AE58A,,1.0,45580,-27.381779012345554
42800,2026-03-17,NO NAVEGA. LEDS FIJOS/RUIDO,INTERNET FIBRA 75MB,nan,"ER, SE REVISA CON EL TECNICO",2026-03-17,1500046,ACTIVO,PEDREGAL,XPONDD3E703D,AC,INT30,2023-04-05,XPONDD3E703D,1077.0,0.0,42800,-22.498606194690215
334299,2026-03-17,NO NAVEGA. LEDS PARPADEANDO/NO AMARRA,BASICO TV + INTERNET FIBRA 250MB ($399),FALLAS CONSTANTES EN AMBOS SERVICIOS.,GT.SE ENVIA A CC,2026-03-20,1500374,ACTIVO,VIRREY,XPONDD7E9C16,AC,BASINTF250,,XPONDD7E9C16,,3.0,334299,-24.603620319214336
45933,2026-03-17,NO NAVEGA. LEDS PARPADEANDO/NO AMARRA,BASICO TV + INTERNET FIBRA 250MB ($399),SIN SEÑAL AMBOS SERVICIOS,"ER, FUERA DE LINEA",2026-03-18,1500046,ACTIVO,PERIODISMO,XPONDD7EA6D6,AC,BASINTF250,2025-04-11,XPONDD7EA6D6,340.0,1.0,45933,-25.712211407103847
44026,2026-03-17,NO NAVEGA. LEDS PARPADEANDO/NO AMARRA,BASICO TV + INTERNET FIBRA 250MB ($399),nan,"ER, SE MANDA CONFIRMAR",2026-03-18,1500046,ACTIVO,PERIODISMO,XPONAF19C748,AC,BASINTF250,,XPONAF19C748,,1.0,44026,-26.58840163934429
1842,2026-03-17,NO NAVEGA. LEDS FIJOS/RUIDO,BASICO TV + INTERNET FIBRA 150MB,PIDE VISITA,nan,2026-03-18,1500374,ACTIVO,VIRREY,4857544322F59D9B,AC,BASINT100,,4857544322F59D9B,,1.0,1842,-20.618666359729858
349067,2026-03-17,NO NAVEGA. LEDS PARPADEANDO/NO AMARRA,BASICO TV + INTERNET FIBRA 75MB,nan,"ER, USP BAJO",2026-03-18,1500046,ACTIVO,PERIODISMO,0026F221C650,AC,BASINT30,,0026F221C650,,1.0,349067,-24.72414593698177
37426,2026-03-17,NO NAVEGA. LEDS FIJOS/RUIDO,BASICO TV + INTERNET FIBRA 75MB,nan,TIT COMENTA NO FUNCIONA EL WIFFI DEL MODEM Y NAVEGA SOLO 25 MG CON CABLE ETERNET SOLICITA PASEN A SU DOMICLIO,2026-03-18,1500036,ACTIVO,MADERO,OPTI38C04F45,AC,BASINT30,,OPTI38C04F45,,1.0,37426,-40.0
46627,2026-03-17,NO NAVEGA. LEDS FIJOS/RUIDO,BASICO TV + INTERNET FIBRA 250MB ($399),nan,PIDE VISITA ESTA MUY LENTO,2026-03-18,1500036,ACTIVO,MADERO,CDTCAFA3BB6A,AC,BASINTF250,2026-04-03,CDTCAFA3BB6A,-17.0,1.0,46627,-20.682132601351327
45552,2026-03-17,NO NAVEGA. LEDS PARPADEANDO/NO AMARRA,INTERNET FIBRA 75MB,LOS ROJO,"ER, FUERA DE LINEA",2026-03-18,1500036,ACTIVO,PRADOS VERDES,XPONDD5FEE38,AC,INT30,,XPONDD5FEE38,,1.0,45552,-24.650963950617314
46646,2026-03-17,NO NAVEGA. LEDS PARPADEANDO/NO AMARRA,BASICO TV + INTERNET FIBRA 250MB ($399),FOCO ROJO,"ER, FUERA DE LINEA",2026-03-19,1500046,ACTIVO,PEDREGAL,HWTCAF8FD24D,AC,BASINTF250,2026-11-03,HWTCAF8FD24D,-231.0,2.0,46646,-31.782248243559934
29054,2026-03-17,CAMBIO DE ACOMETIDA,INTERNET FIBRA 75MB,SIN COSO TIT ENTERADO PIDE JORGE,nan,2026-03-17,1500046,ACTIVO,PEDREGAL,XPONDD28C9F8,AC,INT30,2016-09-11,XPONDD28C9F8,3474.0,0.0,29054,-19.907733529990157
29555,2026-03-17,NO NAVEGA. LEDS PARPADEANDO/NO AMARRA,BASICO TV + INTERNET FIBRA 250MB ($399),LOS ROJO,"ER, SE RECOMIENDA VISITA",2026-03-18,1500374,ACTIVO,BELO,XPONDD91A8DE,AC,BASINTF250,,XPONDD91A8DE,,1.0,29555,-21.708630338733403
46277,2026-03-17,NO NAVEGA. LEDS PARPADEANDO/NO AMARRA,BASICO TV + INTERNET FIBRA 250MB ($399),nan,"ER, VARIAS DESCONEXIONES",2026-03-20,1500374,ACTIVO,VISTA BELLA,XPONDD91A1D6,AC,BASINTF250,,XPONDD91A1D6,,3.0,46277,-24.192300862506347
14694,2026-03-17,NO NAVEGA. LEDS PARPADEANDO/NO AMARRA,BASICO TV + INTERNET FIBRA 60MB,nan,"ER, SE RECOMIENDA VISITA",2026-03-20,1500046,ACTIVO,PEDREGAL,XPONDD4C6CDA,AC,BASINT20,,XPONDD4C6CDA,,3.0,14694,-22.542265240904673
46615,2026-03-17,NO NAVEGA. LEDS PARPADEANDO/NO AMARRA,BASICO TV + INTERNET FIBRA 250MB ($399),LOS ROJO,"ER, SE RECOMIENDA VISITA",2026-03-19,1500046,ACTIVO,PEDREGAL,HWTCAF9065D1,AC,BASINTF250,2026-12-03,HWTCAF9065D1,-261.0,2.0,nan,
46190,2026-03-17,CAMBIO DE ACOMETIDA,BASICO TV + INTERNET FIBRA 250MB ($399),TIT ACEPTA CAMBIO DE ACOMETIDA SIN COSTO TEC RICARDO,nan,2026-03-17,1501177,ACTIVO,NINO ARTILLERO,XPONDD7EA9A6,AC,BASINTF250,,XPONDD7EA9A6,,0.0,46190,-27.8396140609639
34833,2026-03-17,NO NAVEGA. LEDS PARPADEANDO/NO AMARRA,BASICO TV + INTERNET FIBRA 60MB,LOS ROJO,"ER, SE RECOMIENDA VISITA",2026-03-21,1500046,ACTIVO,PERIODISMO,OPTI38C066B5,AC,BASINT20,,OPTI38C066B5,,4.0,34833,-23.039023224043817
42138,2026-03-17,NO NAVEGA. LEDS FIJOS/RUIDO,BASICO TV + INTERNET FIBRA 250MB ($399),SIN SEÑAL,"ER, SE RECOMIENDA VISITA",2026-03-21,1500046,ACTIVO,PERIODISMO,HWTCAF9065C5,AC,BASINTF250,2023-04-01,HWTCAF9065C5,1081.0,4.0,42138,-24.892580259562802
42138,2026-03-17,NO NAVEGA. LEDS FIJOS/RUIDO,BASICO TV + INTERNET FIBRA 250MB ($399),SIN SEÑAL,"ER, SE RECOMIENDA VISITA",2026-03-21,1500046,ACTIVO,PERIODISMO,HWTCAF9065C5,AC,BASINTF250,2023-04-01,HWTCAF9065C5,1081.0,4.0,42138,-24.892580259562802
43478,2026-03-17,NO NAVEGA. LEDS PARPADEANDO/NO AMARRA,BASICO TV + INTERNET FIBRA 250MB ($399),LOS ROJO,nan,2026-03-18,1500036,ACTIVO,PRADOS VERDES,HWTCAF8FFEED,AC,BASINTF250,,HWTCAF8FFEED,,1.0,43478,-23.1317044444445
43478,2026-03-17,NO NAVEGA. LEDS PARPADEANDO/NO AMARRA,BASICO TV + INTERNET FIBRA 250MB ($399),LOS ROJO,nan,2026-03-18,1500036,ACTIVO,PRADOS VERDES,HWTCAF8FFEED,AC,BASINTF250,,HWTCAF8FFEED,,1.0,43478,-23.1317044444445
44943,2026-03-18,CAMBIO DE ACOMETIDA,INTERNET FIBRA 75MB,SIN COSTO CLIENTE ENTERADO JORGE SOLICITA,nan,2026-03-18,1500046,ACTIVO,PEDREGAL,XPONDD5CBC5E,AC,INT30,2025-07-01,XPONDD5CBC5E,260.0,0.0,44943,-30.917319321533807
42886,2026-03-18,NO NAVEGA. LEDS PARPADEANDO/NO AMARRA,INTERNET FIBRA 60MB,LOS ROJO,"ER, FUERA DE LINEA",2026-03-19,1500374,ACTIVO,BELO,XPONDD3FC39F,AC,INT20,,XPONDD3FC39F,,1.0,42886,-20.984126165930256
39433,2026-03-18,NO NAVEGA. LEDS PARPADEANDO/NO AMARRA,INTERNET FIBRA 75MB,nan,"ER, REQUIERE VISITA",2026-03-19,1500036,ACTIVO,MADERO,XPONDD4C5E9A,AC,INT30,,XPONDD4C5E9A,,1.0,39433,-21.446525925925943
34918,2026-03-18,NO NAVEGA. LEDS PARPADEANDO/NO AMARRA,BASICO TV + INTERNET FIBRA 75MB,SIN SEÑAL EN AMBOS SERVICIO,"ER, FUERA DE LINEA",2026-03-21,1500046,ACTIVO,PERIODISMO,XPONDD2C3576,AC,BASINT30,,XPONDD2C3576,,3.0,34918,-28.58207137978133
46232,2026-03-18,NO NAVEGA. LEDS PARPADEANDO/NO AMARRA,BASICO TV + INTERNET FIBRA 250MB ($399),LOS ROJO,"ER, NIVEL BAJO MENOS 29.20",2026-03-19,1500036,ACTIVO,MADERO,HWTCAFAB56E3,AC,BASINTF250,,HWTCAFAB56E3,,1.0,46232,-29.365023209876536
18742,2026-03-18,NO NAVEGA. LEDS FIJOS/RUIDO,INTERNET FIBRA 60MB,nan,"ER, FUERA DE LINEA",2026-03-20,1500046,ACTIVO,PEDREGAL,XPONDD5FE014,AC,INT20,2025-04-06,XPONDD5FE014,346.0,2.0,18742,-25.770002458210456
30684,2026-03-18,NO NAVEGA. LEDS PARPADEANDO/NO AMARRA,BASICO TV + INTERNET FIBRA 250MB ($399),SIGUE SIN SEÑAL DE TV TAMBIEN,"ER, FUERA DE LINEA",2026-03-19,1500046,ACTIVO,PEDREGAL,HWTCAFAB481F,AC,BASINTF250,,HWTCAFAB481F,,1.0,30684,-23.138727876106163
30832,2026-03-18,NO NAVEGA. LEDS PARPADEANDO/NO AMARRA,INTERNET FIBRA 45MB (NO VIGENTE),PON PARPADEA,"ER, NIVEL BAJO MENOS 32.21",2026-03-22,1500285,ACTIVO,PRADOS VERDES,XPONDD41E623,AC,INT10,2017-02-05,XPONDD41E623,3328.0,4.0,30832,-31.21839259259239
45853,2026-03-18,NO NAVEGA. LEDS PARPADEANDO/NO AMARRA,BASICO TV + INTERNET FIBRA 250MB ($399),CABLE TROZADO A FUERA DE DOM,"ER, REQUIERE VISITA",2026-03-20,1500039,ACTIVO,PEDREGAL,XPONAF5B6A95,AC,BASINTF250,,XPONAF5B6A95,,2.0,45853,-27.331270894788684
32373,2026-03-18,NO NAVEGA. LEDS PARPADEANDO/NO AMARRA,INTERNET FIBRA 45MB (NO VIGENTE),LOS ROJO,"ER, FUERA DE LINEA",2026-03-19,1500046,ACTIVO,PEDREGAL,485754438AB0288B,AC,INT10,2017-05-10,485754438AB0288B,3234.0,1.0,32373,-26.59404744346115
45221,2026-03-18,NO NAVEGA. LEDS PARPADEANDO/NO AMARRA,INTERNET FIBRA 60MB,LOS ROJO,"ER, FUERA DE LINEA",2026-03-20,1500374,ACTIVO,VISTA BELLA,HWTC1DD880A0,AC,INT20,,HWTC1DD880A0,,2.0,45221,-25.407874175545306
46567,2026-03-18,NO NAVEGA. LEDS PARPADEANDO/NO AMARRA,BASICO TV + INTERNET FIBRA 250MB ($399),LOS ROJO,JE MANDO A CC,2026-03-19,1500503,ACTIVO,SANTIAGUITO,HWTCAF91200D,AC,BASINTF250,2026-10-03,HWTCAF91200D,-199.0,1.0,46567,-21.939456845238077
37182,2026-03-18,NO NAVEGA. LEDS PARPADEANDO/NO AMARRA,INTERNET FIBRA 45MB (NO VIGENTE),LOS ROJO,"ER, FUERA DE LINEA",2026-03-19,1500046,ACTIVO,PEDREGAL,OPTI37B0EFED,AC,INT10,,OPTI37B0EFED,,1.0,37182,-22.676975172074776
345006,2026-03-18,NO NAVEGA. LEDS PARPADEANDO/NO AMARRA,BASICO TV + INTERNET FIBRA 60MB,LOS ROJO,nan,2026-03-19,1500046,ACTIVO,PEDREGAL,XPONDD45EB3A,AC,BASINT20,,XPONDD45EB3A,,1.0,345006,-23.539188790560395
46627,2026-03-18,EQUIPO DA?ADO,BASICO TV + INTERNET FIBRA 250MB ($399),CAMBIO DE EQUIPO SIN COSTO TOIT ENTERADA,nan,2026-03-18,1500036,ACTIVO,MADERO,CDTCAFA3BB6A,AC,BASINTF250,2026-04-03,CDTCAFA3BB6A,-16.0,0.0,46627,-20.682132601351327
728,2026-03-18,NO NAVEGA. LEDS FIJOS/RUIDO,BASICO TV + INTERNET FIBRA 250MB ($399),LOS ROJO AMBOS SERVICIOS,"ER, VARIAS DESCONEXIONES",2026-03-19,1500374,ACTIVO,VIRREY,XPON2E1B644B,AC,BASINTF250,,XPON2E1B644B,,1.0,728,-23.179123695518857
46534,2026-03-18,NO NAVEGA. LEDS FIJOS/RUIDO,BASICO TV + INTERNET FIBRA 250MB ($399),INTERMITENTE,"ER, VARIAS DESCONEXIONES",2026-03-19,1500374,ACTIVO,BELO,HWTC5002590A,AC,BASINTF250,,HWTC5002590A,,1.0,46534,-21.90422434953359
28760,2026-03-18,NO NAVEGA. LEDS PARPADEANDO/NO AMARRA,BASICO TV + INTERNET FIBRA 250MB ($399),LOS ROJO,"ER, SE RECOMIENDA VISITA",2026-03-22,1500039,ACTIVO,PERIODISMO,HWTCAFAB3583,AC,BASINTF250,2025-11-12,HWTCAFAB3583,126.0,4.0,28760,-23.33839480874329
334791,2026-03-18,NO NAVEGA. LEDS PARPADEANDO/NO AMARRA,BASICO TV + INTERNET FIBRA 75MB,nan,"ER, SE RECOMIENDA VISITA",2026-03-19,1500046,ACTIVO,PEDREGAL,XPONDD298288,AC,BASINT30,,XPONDD298288,,1.0,334791,-25.590215093411956
42142,2026-03-18,NO NAVEGA. LEDS PARPADEANDO/NO AMARRA,BASICO TV + INTERNET FIBRA 250MB ($399),MODEM APAGO,nan,2026-03-19,1500036,ACTIVO,PUNHUATO,CDTCAFA3B28E,AC,BASINTF250,2026-05-02,CDTCAFA3B28E,-45.0,1.0,42142,-24.22927761341231
32754,2026-03-18,NO NAVEGA. LEDS PARPADEANDO/NO AMARRA,BASICO TV + INTERNET FIBRA 45MB (NO VIGENTE),AMBOS SERVICION,nan,2026-03-22,1500039,ACTIVO,PEDREGAL,XPONDD6EFEE3,AC,BASINT10,,XPONDD6EFEE3,,4.0,32754,-29.177555309734522
38462,2026-03-18,NO NAVEGA. LEDS PARPADEANDO/NO AMARRA,INTERNET FIBRA 75MB,FOCO DE WIFFI APAGADO. BOTON DE WIFI,nan,2026-03-21,1500374,ACTIVO,BELO,XPONDD43A11B,AC,INT30,,XPONDD43A11B,,3.0,38462,-22.68021723122233
42173,2026-03-18,NO NAVEGA. LEDS PARPADEANDO/NO AMARRA,INTERNET FIBRA 60MB,LOS ROJO,"GT.OFFLINE, REQUIERE VISITA",2026-03-19,1500036,ACTIVO,PUNHUATO,48575443D055B05B,AC,INT20,2023-04-01,48575443D055B05B,1082.0,1.0,42173,-23.833909023668625
38104,2026-03-18,NO NAVEGA. LEDS PARPADEANDO/NO AMARRA,BASICO TV + INTERNET FIBRA 250MB ($399),LOS ROJO,GT. NIVEL BAJO MENOS  28.54,2026-03-20,1500374,ACTIVO,VISTA BELLA,HWTCAF8FE9ED,AC,BASINTF250,,HWTCAF8FE9ED,,2.0,38104,-27.910968076285183
31602,2026-03-18,NO NAVEGA. LEDS PARPADEANDO/NO AMARRA,INTERNET FIBRA 75MB,SIN SEÑAL,nan,2026-03-22,1500046,ACTIVO,PERIODISMO,48575443AA2C929D,AC,INT30,2017-10-07,48575443AA2C929D,3084.0,4.0,31602,-27.807547814207812
45918,2026-03-18,NO NAVEGA. LEDS PARPADEANDO/NO AMARRA,BASICO TV + INTERNET FIBRA 250MB ($399),FUERA DE LINEA,GT.CAIDA DE NIVEL,2026-03-19,1500503,ACTIVO,SANTIAGUITO,HWTC500258CE,AC,BASINTF250,,HWTC500258CE,,1.0,45918,-20.31161371659105
41817,2026-03-18,NO NAVEGA. LEDS PARPADEANDO/NO AMARRA,INTERNET FIBRA 60MB,RESETEO,"GT.OFFLINE, REQUIERE VISITA",2026-03-21,1500374,ACTIVO,BELO,XPONDD5FF36C,AC,INT20,,XPONDD5FF36C,,3.0,41817,-24.712398134511613
36704,2026-03-18,EQUIPO DA?ADO,BASICO TV + INTERNET FIBRA 60MB,INF UBER SOLICITA,nan,2026-03-19,1500047,CORTESIA,PERIODISMO,HWTC50025F52,SC,BASINT20,,HWTC50025F52,,1.0,36704,-26.10581454918038
44554,2026-03-18,NO NAVEGA. LEDS PARPADEANDO/NO AMARRA,INTERNET FIBRA 60MB,LOS ROJO,nan,2026-03-20,1501399,ACTIVO,NINO ARTILLERO,XPONDD53062C,AC,INT20,,XPONDD53062C,,2.0,44554,-21.83198623402161
46678,2026-03-19,NO NAVEGA. LEDS PARPADEANDO/NO AMARRA,BASICO TV + INTERNET FIBRA 250MB ($399),SIN SEÑAL EN NINGUN SERVICIO,GT.OFFLINE,2026-03-19,1501177,ACTIVO,EL REALITO,HWTCAF91203D,AC,BASINTF250,,HWTCAF91203D,,0.0,46678,-24.155730809674044
41062,2026-03-19,NO NAVEGA. LEDS FIJOS/RUIDO,INTERNET FIBRA 75MB,PIDE VISITA POR FALLAS CONSTANTES,GT. DESCONEXIONES,2026-03-23,1500047,ACTIVO,MADERO,4857544311658EA9,AC,INT30,,4857544311658EA9,,4.0,41062,-29.030076560099733
45980,2026-03-19,NO NAVEGA. LEDS PARPADEANDO/NO AMARRA,BASICO TV + INTERNET FIBRA 250MB ($399),LOS ROJO,"GT.OFFLINE, REQUIERE VISITA",2026-03-19,1500046,ACTIVO,PEDREGAL,XPONDD7EAEC6,AC,BASINTF250,,XPONDD7EAEC6,,0.0,45980,-30.36487094395297
39656,2026-03-19,NO NAVEGA. LEDS PARPADEANDO/NO AMARRA,INTERNET FIBRA 75MB,FALLA SERVICIO DESDE EL PRIMERO DEL MES.,"GT.OFFLINE, REQUIERE VISITA",2026-03-23,1500374,PENDIENTE DESCONEXION,MIL CUMBRES,nan,PD,INT30,2021-05-11,nan,1773.0,4.0,39656,-25.735220588235304
42689,2026-03-19,NO NAVEGA. LEDS PARPADEANDO/NO AMARRA,INTERNET FIBRA 75MB,LOS ROJO,"GT.OFFLINE, REQUIERE VISTA",2026-03-20,1500046,ACTIVO,PEDREGAL,XPONDD3E7155,AC,INT30,,XPONDD3E7155,,1.0,42689,-22.76440880039334
34501,2026-03-19,NO NAVEGA. LEDS FIJOS/RUIDO,INTERNET FIBRA 120MB,TIENE NIVEL BAJO REQUIERE VISITA,GT. NIVEL BAJO MENOS 30.96,2026-03-23,1500039,ACTIVO,PEDREGAL,4857544357390071,AC,INT50,2023-09-03,4857544357390071,928.0,4.0,34501,-30.73098451327429
344795,2026-03-19,NO NAVEGA. LEDS PARPADEANDO/NO AMARRA,INTERNET FIBRA 75MB,nan,JE MANDO A CC,2026-03-20,1500046,ACTIVO,PEDREGAL,XPONDD41F2FB,AC,INT30,,XPONDD41F2FB,,1.0,344795,-21.91301622418877
29054,2026-03-19,NO NAVEGA. LEDS FIJOS/RUIDO,INTERNET FIBRA 75MB,MALA INST,JE VISITA PARA CHECAR EN DOMICILIO,2026-03-19,1500046,ACTIVO,PEDREGAL,XPONDD28C9F8,AC,INT30,2016-09-11,XPONDD28C9F8,3476.0,0.0,29054,-19.907733529990157
346613,2026-03-19,NO NAVEGA. LEDS PARPADEANDO/NO AMARRA,BASICO TV + INTERNET FIBRA 250MB ($399),SIN SEÑAL EN NINGUN SERVICIO,JE FUERA DE LINEA REQUIERE VISITA,2026-03-20,1500046,ACTIVO,PEDREGAL,XPONDD7EAA7E,AC,BASINTF250,,XPONDD7EAA7E,,1.0,346613,-25.35809365781717
32334,2026-03-19,NO NAVEGA. LEDS PARPADEANDO/NO AMARRA,BASICO TV + INTERNET FIBRA 75MB,NIVEL BAJO,nan,2026-03-22,1500285,ACTIVO,PRADOS VERDES,XPONDD3FB5FF,AC,BASINT30,2017-04-10,XPONDD3FB5FF,3265.0,3.0,32334,-31.24783827160494
346667,2026-03-19,NO NAVEGA. LEDS PARPADEANDO/NO AMARRA,BASICO TV + INTERNET FIBRA 250MB ($399),nan,JE MANDO A CC,2026-03-20,1500046,ACTIVO,PEDREGAL,CDTCAFA3B552,AC,BASINTF250,2014-08-10,CDTCAFA3B552,4239.0,1.0,346667,-25.505444936086576
13421,2026-03-19,NO NAVEGA. LEDS FIJOS/RUIDO,INTERNET FIBRA 75MB,SEÑAL INTERMITENTE SOLICITA PASEN A DOM. RESETEO,JE VISITA PARA CHECAR EN DOMICILIO,2026-03-21,1500374,ACTIVO,BELO,48575443E68816A9,AC,INT30,2017-11-12,48575443E68816A9,3049.0,2.0,13421,-27.00011413843894
45976,2026-03-19,NO NAVEGA. LEDS PARPADEANDO/NO AMARRA,INTERNET FIBRA 60MB,LOS ROJO,JE FUERA DE LINEA REQUIERE VISITA,2026-03-23,1500047,ACTIVO,PUNHUATO,485754434A9F18A,AC,INT20,2025-07-11,485754434A9F18A,251.0,4.0,45976,-27.029527859960854
40555,2026-03-19,EQUIPO DA?ADO,BASICO TV + INTERNET FIBRA 60MB,TIT ENTERADO DE CAMBIO DE MODEM SIN COSTO SOLICITA TEC HUMBERTO,nan,2026-03-19,1500503,ACTIVO,SANTIAGUITO,HWTCAF911FE9,AC,BASINT20,2022-09-04,HWTCAF911FE9,1292.0,0.0,40555,-25.20608547655077
46507,2026-03-19,NO NAVEGA. LEDS PARPADEANDO/NO AMARRA,BASICO TV + INTERNET FIBRA 250MB ($399),LOS ROJO AMBOS SERVICIOS,JE FUERA DE LINEA REQUIERE VISITA,2026-03-20,1500374,ACTIVO,BELO,HWTC50025916,AC,BASINTF250,,HWTC50025916,,1.0,46507,-20.16011291114383
45365,2026-03-19,NO NAVEGA. LEDS PARPADEANDO/NO AMARRA,INTERNET FIBRA 75MB,COMENTA QUE SE LE VA MUCHO POR LAS TARDES,JE MANDO A CC,2026-03-24,1500374,ACTIVO,BELO,HWTC73B8608B,AC,INT30,2025-10-06,HWTC73B8608B,164.0,5.0,45365,-26.988225331369662
11603,2026-03-19,NO NAVEGA. LEDS FIJOS/RUIDO,BASICO TV + INTERNET FIBRA 250MB ($399),nan,"SE ENCUENTRA OFFLINE, REQUIERE VISITA",2026-03-21,1500046,ACTIVO,PERIODISMO,HWTCAFAB42BB,AC,BASINTF250,2025-12-12,HWTCAFAB42BB,97.0,2.0,11603,-23.30276810109293
34940,2026-03-19,NO NAVEGA. LEDS PARPADEANDO/NO AMARRA,BASICO TV + INTERNET FIBRA 60MB,LOS ROJO,JE FUERA DE LINEA REQUIERE VISITA,2026-03-21,1500046,ACTIVO,PERIODISMO,XPON1D43230C,AC,BASINT20,,XPON1D43230C,,2.0,34940,-24.58689207650278
44730,2026-03-19,NO NAVEGA. LEDS PARPADEANDO/NO AMARRA,INTERNET FIBRA 60MB,nan,JE MANDO A CC,2026-03-19,5555555,ACTIVO,NINO ARTILLERO,XPONDD439F93,AC,INT20,,XPONDD439F93,,0.0,44730,-23.92215093412001
38692,2026-03-19,NO NAVEGA. LEDS PARPADEANDO/NO AMARRA,INTERNET FIBRA 75MB,nan,JE MANDO A CC,2026-03-22,1500285,ACTIVO,VIRREY,4857544366EEC1A9,AC,INT30,,4857544366EEC1A9,,3.0,38692,-22.731728054020927
348164,2026-03-19,NO NAVEGA. LEDS PARPADEANDO/NO AMARRA,BASICO TV + INTERNET FIBRA 250MB ($399),LOS ROJO AMBOS SERVICIOS. REALIZO EDWIN Y DIEGO ABR- ACOMETIDA DAÑADA.,JE FUERA DE LINEA REQUIERE VISITA,2026-03-21,1500036,ACTIVO,PRADOS VERDES,HWTC1DD89B88,AC,BASINTF250,2025-04-08,HWTC1DD89B88,345.0,2.0,348164,-27.42444938271598
39433,2026-03-19,EQUIPO DA?ADO,INTERNET FIBRA 75MB,TIT ENTERADO DE CAMBIO DE MODEM SIN COSTO SOLICOITA TEC CARLOS,nan,2026-03-19,1500036,ACTIVO,MADERO,XPONDD4C5E9A,AC,INT30,,XPONDD4C5E9A,,0.0,39433,-21.446525925925943
29342,2026-03-19,NO NAVEGA. LEDS PARPADEANDO/NO AMARRA,INTERNET FIBRA 75MB,LOS ROJO,JE MANDO A CC,2026-03-23,1500047,ACTIVO,MADERO,485754430A61A26F,AC,INT30,,485754430A61A26F,,4.0,29342,-22.17844320987666
41020,2026-03-19,NO NAVEGA. LEDS FIJOS/RUIDO,INTERNET FIBRA 60MB,SEÑAL MUY INTERMITENTE. 1 EMPALME VERDE,GT.OFFLINE,2026-03-21,1500374,ACTIVO,VIRREY,48575443F3252EA9,AC,INT20,,48575443F3252EA9,,2.0,41020,-20.246246163290376
42354,2026-03-19,NO NAVEGA. LEDS PARPADEANDO/NO AMARRA,INTERNET FIBRA 75MB,"FALLAS CONTINUAS, SE VA EL INTERNET.  ESTO A PARTIR DEL PRIMERO DEL MES DE MARZO.",GT.SE ENVIA A CC,2026-03-20,1500374,ACTIVO,BELO,XPONDD3C30D0,AC,INT30,,XPONDD3C30D0,,1.0,42354,-23.288966617574875
638,2026-03-19,NO NAVEGA. LEDS PARPADEANDO/NO AMARRA,INTERNET FIBRA 45MB (NO VIGENTE),LOS ROJO,nan,2026-03-19,1500036,ACTIVO,MADERO,"14CFE2CCD842, XPONDD5FEF38",AC,INT10,2021-07-01,"14CFE2CCD842, XPONDD5FEF38",1722.0,0.0,638,-28.947598101265772
31626,2026-03-19,NO NAVEGA. LEDS FIJOS/RUIDO,BASICO TV + INTERNET FIBRA 250MB ($399),FOCO ROJO,"ER, VARIAS DESCONEXIONES",2026-03-20,1500046,ACTIVO,PEDREGAL,HWTC50029396,AC,BASINTF250,,HWTC50029396,,1.0,31626,-24.894994252873555
26269,2026-03-20,NO NAVEGA. LEDS PARPADEANDO/NO AMARRA,INTERNET FIBRA 75MB,LOS ROJO,nan,2026-03-21,1501409,ACTIVO,PRADOS VERDES,XPONDD54FC7C,AC,INT30,,XPONDD54FC7C,,1.0,26269,-22.01819037037035
31064,2026-03-20,NO NAVEGA. LEDS PARPADEANDO/NO AMARRA,INTERNET FIBRA 45MB (NO VIGENTE),LOS ROJO,"ER, FUERA DE LINEA",2026-03-20,1500046,ACTIVO,PEDREGAL,XPONDD5CB25E,AC,INT10,2017-09-05,XPONDD5CB25E,3118.0,0.0,31064,-29.473632005899507
45918,2026-03-20,NO NAVEGA. LEDS FIJOS/RUIDO,BASICO TV + INTERNET FIBRA 250MB ($399),NUEVAMENTE SIN SEÑAL,"GT, SE ATENDIO X WHATS",2026-03-20,1500503,ACTIVO,SANTIAGUITO,HWTC500258CE,AC,BASINTF250,,HWTC500258CE,,0.0,45918,-20.31161371659105
45956,2026-03-20,NO NAVEGA. LEDS PARPADEANDO/NO AMARRA,BASICO TV + INTERNET FIBRA 250MB ($399),nan,GT.SE ENVIA A CC,2026-03-30,1501177,ACTIVO,RICARDO FLORES MAGON,XPONDD7EA3DE,AC,BASINTF250,2025-08-11,XPONDD7EA3DE,221.0,10.0,45956,-25.571718289085585
40463,2026-03-20,NO NAVEGA. LEDS PARPADEANDO/NO AMARRA,INTERNET FIBRA 60MB,LOS ROJO,"ER, FUERA DE LINEA",2026-03-23,1500039,ACTIVO,PEDREGAL,48575443B51C13A9,AC,INT20,,48575443B51C13A9,,3.0,40463,-40.0
44684,2026-03-20,NO NAVEGA. LEDS PARPADEANDO/NO AMARRA,INTERNET FIBRA 60MB,nan,NO TIENE SERVICIO DESDE AYER,2026-03-23,1500039,BAJA,PEDREGAL,nan,BA,INT20,2024-02-10,nan,769.0,3.0,44684,-25.574827674897097
18742,2026-03-20,CAMBIO DE ACOMETIDA,INTERNET FIBRA 60MB,SIN COSTO CLIENTE ENTERADO  PIDE JORGE,nan,2026-03-20,1500046,ACTIVO,PEDREGAL,XPONDD5FE014,AC,INT20,2025-04-06,XPONDD5FE014,348.0,0.0,18742,-25.770002458210456
346700,2026-03-20,NO NAVEGA. LEDS FIJOS/RUIDO,INTERNET FIBRA 60MB,nan,"ER, FUERA DE LINEA",2026-03-23,1500039,ACTIVO,PEDREGAL,XPONDD4C53FA,AC,INT20,2016-08-01,XPONDD4C53FA,3518.0,3.0,346700,-30.20952310717821
45918,2026-03-20,EQUIPO DA?ADO,BASICO TV + INTERNET FIBRA 250MB ($399),TIT ENTERADO DE CAMBIO DE MODEM SIN COSTO SOLICITA TEC HUMBERTO,nan,2026-03-20,1500503,ACTIVO,SANTIAGUITO,HWTC500258CE,AC,BASINTF250,,HWTC500258CE,,0.0,45918,-20.31161371659105
349067,2026-03-20,NO NAVEGA. LEDS PARPADEANDO/NO AMARRA,BASICO TV + INTERNET FIBRA 75MB,nan,NO HAN PASADO A DOM,2026-03-20,1500039,ACTIVO,PERIODISMO,0026F221C650,AC,BASINT30,,0026F221C650,,0.0,349067,-24.72414593698177
21371,2026-03-20,NO NAVEGA. LEDS PARPADEANDO/NO AMARRA,BASICO TV + INTERNET FIBRA 60MB,nan,GT. SE ENVIA A CC,2026-03-22,1500285,ACTIVO,VIRREY,XPONDD291150,AC,BASINT20,,XPONDD291150,,2.0,21371,-21.156091160220953
46232,2026-03-20,NO NAVEGA. LEDS PARPADEANDO/NO AMARRA,BASICO TV + INTERNET FIBRA 250MB ($399),LOS ROJO,"ER, FUERA DE LINEA",2026-03-22,1500285,ACTIVO,MADERO,HWTCAFAB56E3,AC,BASINTF250,,HWTCAFAB56E3,,2.0,46232,-29.365023209876536
29036,2026-03-20,NO NAVEGA. LEDS PARPADEANDO/NO AMARRA,BASICO TV + INTERNET FIBRA 250MB ($399),CABLE TROZADO,"ER, FUERA DE LINEA",2026-03-23,1500039,ACTIVO,PERIODISMO,HWTCAF912EF5,AC,BASINTF250,,HWTCAF912EF5,,3.0,29036,-28.049312545587316
42689,2026-03-20,CAMBIO DE ACOMETIDA,INTERNET FIBRA 75MB,CLIENTE ENTERADO CAMBIO DE ACOMETIDA JORGE,nan,2026-03-20,1500046,ACTIVO,PEDREGAL,XPONDD3E7155,AC,INT30,,XPONDD3E7155,,0.0,42689,-22.76440880039334
32373,2026-03-20,NO NAVEGA. LEDS FIJOS/RUIDO,INTERNET FIBRA 45MB (NO VIGENTE),FOCO ROJO,"ER, VARIAS DESCONEXIONES",2026-03-20,1500039,ACTIVO,PEDREGAL,485754438AB0288B,AC,INT10,2017-05-10,485754438AB0288B,3236.0,0.0,32373,-26.59404744346115
14986,2026-03-20,NO NAVEGA. LEDS PARPADEANDO/NO AMARRA,BASICO TV + INTERNET FIBRA 75MB,LOS ROJO SIN SEÑAL EN AMBOS SERVICIOS,"ER, NIVEL BAJO MENOS 29.58",2026-03-20,1500039,ACTIVO,PEDREGAL,XPONDD3C2F80,AC,BASINT30,,XPONDD3C2F80,,0.0,14986,-28.035331858407126
32373,2026-03-20,EQUIPO DA?ADO,INTERNET FIBRA 45MB (NO VIGENTE),TECNICO DAVID SOLICITA SIN COSTO TIT ENTERADO,nan,2026-03-20,1500039,ACTIVO,PEDREGAL,485754438AB0288B,AC,INT10,2017-05-10,485754438AB0288B,3236.0,0.0,32373,-26.59404744346115
46418,2026-03-20,NO NAVEGA. LEDS PARPADEANDO/NO AMARRA,BASICO TV + INTERNET FIBRA 250MB ($399),LOS ROJO,GT.SE ENVIA A CC,2026-03-20,1501409,ACTIVO,EL REALITO,XPONDD91A03E,AC,BASINTF250,2026-05-02,XPONDD91A03E,-43.0,0.0,46418,-23.6052409339295
1691,2026-03-20,NO NAVEGA. LEDS PARPADEANDO/NO AMARRA,BASICO TV + INTERNET FIBRA 150MB,LOS ROJO,GT.OFFLINE,2026-03-23,1500374,CORTESIA PARCIAL,BELO,48575443946655C5,CP,BASINT100,,48575443946655C5,,3.0,1691,-20.004306578301414
40553,2026-03-20,NO NAVEGA. LEDS PARPADEANDO/NO AMARRA,INTERNET FIBRA 60MB,LOS ROJO,"ER, SE MANDA CONFIRMAR",2026-03-22,1500047,ACTIVO,MADERO,48575443477865A9,AC,INT20,,48575443477865A9,,2.0,40553,-22.275555555555627
6346,2026-03-20,NO NAVEGA. LEDS PARPADEANDO/NO AMARRA,BASICO TV + INTERNET FIBRA 75MB,CLIENTE COMENTA QUE POR LAS TARDES SE LE VA EL SERVCIO DE INTERNET.,GT. SE ENVIA A CC,2026-03-21,1500374,ACTIVO,BELO,XPONDD4C87F2,AC,BASINT30,,XPONDD4C87F2,,1.0,6346,-22.20026509572898
30750,2026-03-20,NO NAVEGA. LEDS PARPADEANDO/NO AMARRA,INTERNET FIBRA 75MB,LOS ROJO,"ER, SE MANDA CONFIRMAR",2026-03-20,1500039,ACTIVO,PEDREGAL,48575443746BF44C,AC,INT30,,48575443746BF44C,,0.0,30750,-25.11047935103235
6233,2026-03-20,NO NAVEGA. LEDS PARPADEANDO/NO AMARRA,BASICO TV + INTERNET FIBRA 250MB ($399),LOS ROJO,"ER, FUERA DE LINEA",2026-03-23,1500047,ACTIVO,MADERO,HWTCAF8FFBC9,AC,BASINTF250,2014-09-04,HWTCAF8FFBC9,4215.0,3.0,6233,-29.662331349206408
46646,2026-03-20,NO NAVEGA. LEDS PARPADEANDO/NO AMARRA,BASICO TV + INTERNET FIBRA 250MB ($399),LOS ROJO,"ER, FUERA DE LINEA",2026-03-22,1500039,ACTIVO,PEDREGAL,HWTCAF8FD24D,AC,BASINTF250,2026-11-03,HWTCAF8FD24D,-228.0,2.0,46646,-31.782248243559934
21878,2026-03-20,NO NAVEGA. LEDS PARPADEANDO/NO AMARRA,BASICO TV + INTERNET FIBRA 250MB ($399),REALIZO EDWIN Y DIEGO,TIENE MUCHAS INTERMITENCIAS Y NO PUEDE INGRESAR A NINGUNA PAGINA NI ABRIR NINGUNA PLATAFORMA,2026-03-21,1500036,ACTIVO,PRADOS VERDES,XPONDD3C40E8,AC,BASINTF250,2016-06-01,XPONDD3C40E8,3579.0,1.0,21878,-24.087463209876656
45976,2026-03-20,CAMBIO DE ACOMETIDA,INTERNET FIBRA 60MB,TIT ACEPTA CAMBIO DE ACOMETIDA SIN COSTO TEC DANIEL G,nan,2026-03-23,1500047,ACTIVO,PUNHUATO,485754434A9F18A,AC,INT20,2025-07-11,485754434A9F18A,252.0,3.0,45976,-27.029527859960854
31064,2026-03-20,CAMBIO DE ACOMETIDA,INTERNET FIBRA 45MB (NO VIGENTE),CLIENTE ENTERDO  SIN COSTOPIDE JORGE,nan,2026-03-20,1500046,ACTIVO,PEDREGAL,XPONDD5CB25E,AC,INT10,2017-09-05,XPONDD5CB25E,3118.0,0.0,31064,-29.473632005899507
16345,2026-03-20,NO NAVEGA. LEDS PARPADEANDO/NO AMARRA,BASICO TV + INTERNET FIBRA 60MB,LOS ROJO,nan,2026-03-23,1500047,ACTIVO,MADERO,"A021B774465A, XPONDDAC562A",AC,BASINT20,,"A021B774465A, XPONDDAC562A",,3.0,16345,-25.741815718157188
38133,2026-03-20,NO NAVEGA. LEDS PARPADEANDO/NO AMARRA,INTERNET FIBRA 75MB,nan,"ER, SE RECOMIENDA VISITA",2026-03-27,1500285,ACTIVO,VIRREY,48575443452FB99C,AC,INT30,,48575443452FB99C,,7.0,38133,-21.749648557397055
32946,2026-03-20,NO NAVEGA. LEDS PARPADEANDO/NO AMARRA,INTERNET FIBRA 45MB (NO VIGENTE),nan,GT.SE ENVIA A CC,2026-03-23,1500374,ACTIVO,VIRREY,485754435921828C,AC,INT10,,485754435921828C,,3.0,32946,-26.21147329650091
45853,2026-03-20,CAMBIO DE ACOMETIDA,BASICO TV + INTERNET FIBRA 250MB ($399),TIT ACEPTA CAMBIO DE ACOMETIDA SIN COSTO TEC DAVID E,nan,2026-03-20,1500039,ACTIVO,PEDREGAL,XPONAF5B6A95,AC,BASINTF250,,XPONAF5B6A95,,0.0,45853,-27.331270894788684
46711,2026-03-21,NO NAVEGA. LEDS PARPADEANDO/NO AMARRA,BASICO TV + INTERNET FIBRA 250MB ($399),PASO TEC Y A LA HORA SE LE FUE LA SEÑAL,"ER, FUERA DE LINEA",2026-03-23,1501399,ACTIVO,QUINCEO,HWTC5002AC02,AC,BASINTF250,,HWTC5002AC02,,2.0,46711,-27.85967709885738
46614,2026-03-21,NO NAVEGA. LEDS PARPADEANDO/NO AMARRA,BASICO TV + INTERNET FIBRA 250MB ($399),FOCO ROJO,"ER, FUERA DE LINEA",2026-03-24,1501177,ACTIVO,EL REALITO,HWTCAF912079,AC,BASINTF250,2026-06-03,HWTCAF912079,-74.0,3.0,46614,-25.38134497549024
45980,2026-03-21,NO NAVEGA. LEDS PARPADEANDO/NO AMARRA,BASICO TV + INTERNET FIBRA 250MB ($399),AMBOS SERVICIOS,"ER, FUERA DE LINEA",2026-03-22,1500039,ACTIVO,PEDREGAL,XPONDD7EAEC6,AC,BASINTF250,,XPONDD7EAEC6,,1.0,45980,-30.36487094395297
39249,2026-03-21,NO NAVEGA. LEDS PARPADEANDO/NO AMARRA,INTERNET FIBRA 75MB,SOLO PRENDE PWR,"ER, REQUIERE VISITA",2026-03-23,1500047,ACTIVO,MADERO,4857544368C5E68B,AC,INT30,2021-09-10,4857544368C5E68B,1653.0,2.0,39249,-28.06713565305073
38684,2026-03-21,NO NAVEGA. LEDS PARPADEANDO/NO AMARRA,INTERNET FIBRA 75MB,nan,nan,2026-03-23,1500039,ACTIVO,PERIODISMO,48575443A833539A,AC,INT30,,48575443A833539A,,2.0,38684,-40.0
348164,2026-03-21,CAMBIO DE ACOMETIDA,BASICO TV + INTERNET FIBRA 250MB ($399),CAMBIO DE COMETIDA SIN COSTO TIT ENTERADA,REALIZO EDWIN Y DIEGO,2026-03-21,1500036,ACTIVO,PRADOS VERDES,HWTC1DD89B88,AC,BASINTF250,2025-04-08,HWTC1DD89B88,347.0,0.0,348164,-27.42444938271598
44777,2026-03-21,NO NAVEGA. LEDS PARPADEANDO/NO AMARRA,INTERNET FIBRA 60MB,nan,EL CLIENTE PIDE VALORAR EL ESTADO DE SU MODEM PORQUE HA TENIDO MUCHOS REPORTES,2026-03-23,1501177,ACTIVO,NINO ARTILLERO,HWTC5002ACDA,AC,INT20,,HWTC5002ACDA,,2.0,44777,-20.67469764011801
45800,2026-03-21,NO NAVEGA. LEDS PARPADEANDO/NO AMARRA,BASICO TV + INTERNET FIBRA 250MB ($399),LOS ROJO,GT.OFFLINE,2026-03-25,1501177,ACTIVO,RICARDO FLORES MAGON,HWTCAF3ABF4A,AC,BASINTF250,2025-08-10,HWTCAF3ABF4A,223.0,4.0,45800,-28.29222222222219
43913,2026-03-21,NO NAVEGA. LEDS PARPADEANDO/NO AMARRA,BASICO TV + INTERNET FIBRA 250MB ($399),CLIENTE COMENTA QUE NO CUENTA CON NINGUN SERVICIO,GT.OFFLINE,2026-03-22,1500285,ACTIVO,BELO,XPONDD7EA10E,AC,BASINTF250,,XPONDD7EA10E,,1.0,43913,-26.859819587629065
39672,2026-03-21,NO NAVEGA. LEDS FIJOS/RUIDO,INTERNET FIBRA 60MB,FUERA DE LINEA REQUIETE VISITA TECNICA,nan,2026-03-23,1500374,ACTIVO,MIL CUMBRES,XPONDD4CDE6A,AC,INT20,2024-12-06,XPONDD4CDE6A,470.0,2.0,39672,-28.120484781541464
38415,2026-03-21,NO NAVEGA. LEDS FIJOS/RUIDO,INTERNET FIBRA 75MB,FUERA DE LINEA REQUIERE VISITA TECNICA,nan,2026-03-23,1500039,ACTIVO,PEDREGAL,48575443D3CC1C9B,AC,INT30,,48575443D3CC1C9B,,2.0,38415,-16.53745575221239
46734,2026-03-21,NO NAVEGA. LEDS PARPADEANDO/NO AMARRA,BASICO TV + INTERNET FIBRA 250MB ($399),TIENE NIVEL DEMASIADO BAJO REQUIERE VISITA  SIN SEÑAL EN AMBOS SERVICIO DESDE LA INSTALACION,nan,2026-03-22,1500039,ACTIVO,PERIODISMO,HWTC50025FD6,AC,BASINTF250,,HWTC50025FD6,,1.0,46734,-27.441221461187205
46699,2026-03-22,NO NAVEGA. LEDS PARPADEANDO/NO AMARRA,BASICO TV + INTERNET FIBRA 250MB ($399),LOS ROJO,"GT, HA PRESENTADO VARIAS DECONEXIONES",2026-03-23,1500374,ACTIVO,VIRREY,HWTCAF8FD235,AC,BASINTF250,2026-09-03,HWTCAF8FD235,-165.0,1.0,46699,-24.412698105081898
38462,2026-03-22,NO NAVEGA. LEDS FIJOS/RUIDO,INTERNET FIBRA 75MB,FUERA DE LINEA,nan,2026-03-24,1500374,ACTIVO,BELO,XPONDD43A11B,AC,INT30,,XPONDD43A11B,,2.0,38462,-22.68021723122233
37001,2026-03-22,NO NAVEGA. LEDS PARPADEANDO/NO AMARRA,INTERNET FIBRA 45MB (NO VIGENTE),MUY LENTO E INTERMITENTE,"ER, SE RECOMIENDA VISITA",2026-03-23,1500047,ACTIVO,MADERO,XPONDD41F06B,AC,INT10,,XPONDD41F06B,,1.0,37001,-28.189918518518684
43587,2026-03-22,CAMBIO DE ACOMETIDA,BASICO TV + INTERNET FIBRA 250MB ($399),SIN COSTO CLIENTE ENTERADO PIDE JORGE,nan,2026-03-22,1500046,ACTIVO,PRADOS VERDES,HWTC50026DF2,AC,BASINTF250,2023-04-11,HWTC50026DF2,1076.0,0.0,43587,-25.8431227160494
39977,2026-03-22,NO NAVEGA. LEDS PARPADEANDO/NO AMARRA,INTERNET FIBRA 75MB,SIGUE MUY INTERMITENTE SE INF LAPSO,nan,2026-03-23,1500374,ACTIVO,VIRREY,OPTI37B0F815,AC,INT30,2024-09-01,OPTI37B0F815,567.0,1.0,39977,-18.996252302025724
346146,2026-03-22,NO NAVEGA. LEDS FIJOS/RUIDO,INTERNET FIBRA 60MB,SE INF LAPSO,"GT, SE ATENDIO POR WHATS",2026-03-23,1500374,ACTIVO,VIRREY,XPONDD2BE5F6,AC,INT20,,XPONDD2BE5F6,,1.0,346146,-25.30258287292821
36562,2026-03-22,NO NAVEGA. LEDS PARPADEANDO/NO AMARRA,INTERNET FIBRA 60MB,LOS ROJO,"ER, FUERA DE LINEA",2026-03-23,1500039,ACTIVO,PEDREGAL,4857544332C64D8B,AC,INT20,,4857544332C64D8B,,1.0,36562,-23.734137168141615
40786,2026-03-23,NO NAVEGA. LEDS FIJOS/RUIDO,INTERNET FIBRA 60MB,REQUIERE VISITA,nan,2026-03-24,1500374,ACTIVO,VIRREY,XPONDD439C1B,AC,INT20,2022-11-05,XPONDD439C1B,1234.0,1.0,40786,-19.987292817679524
31332,2026-03-23,NO NAVEGA. LEDS PARPADEANDO/NO AMARRA,INTERNET FIBRA 75MB,nan,"GT,OFFLINE",2026-03-24,1500374,ACTIVO,VIRREY,XPONDD3C3A70,AC,INT30,2026-02-03,XPONDD3C3A70,48.0,1.0,31332,-24.27378847413239
20207,2026-03-23,NO NAVEGA. LEDS PARPADEANDO/NO AMARRA,BASICO TV + INTERNET FIBRA 60MB,nan,"ER, FUERA DE LINEA",2026-03-24,1500047,ACTIVO,PRADOS VERDES,XPONDD3031FE,AC,BASINT20,2015-02-12,XPONDD3031FE,4057.0,1.0,20207,-24.979130123456777
43822,2026-03-23,NO NAVEGA. LEDS PARPADEANDO/NO AMARRA,INTERNET FIBRA 75MB,LOS ROJO,"ER, FUERA DE LINEA",2026-03-26,1500039,ACTIVO,PEDREGAL,48575443D052735B,AC,INT30,,48575443D052735B,,3.0,43822,-27.466397492625475
44777,2026-03-23,EQUIPO DA?ADO,INTERNET FIBRA 60MB,TIT ENTERADO DE CAMBIO DE MODEM SIN COSTO SOLICITA TEC RICARDO,nan,2026-03-23,1501177,ACTIVO,NINO ARTILLERO,HWTC5002ACDA,AC,INT20,,HWTC5002ACDA,,0.0,44777,-20.67469764011801
1100,2026-03-23,NO NAVEGA. LEDS FIJOS/RUIDO,BASICO TV + INTERNET FIBRA 60MB,SEÑAL INTERMITENTE SOLCITE PASEN A SU DOMICILIO,"GT, HA PRESENTADO DESCONEXIONES",2026-03-25,1500374,ACTIVO,VIRREY,OEMT3C1D2594,AC,BASINT20,2014-08-01,OEMT3C1D2594,4252.0,2.0,1100,-20.786731123388606
3683,2026-03-23,NO NAVEGA. LEDS PARPADEANDO/NO AMARRA,BASICO TV + INTERNET FIBRA 60MB,EL SERVICIO SE VA CONSTANTEMENTE,"GT, HA PRESENTADO DESCONEXIONES",2026-03-26,1500374,ACTIVO,VIRREY,XPONDD2BD3CE,AC,BASINT20,2014-05-03,XPONDD2BD3CE,4342.0,3.0,3683,-22.368196746470357
344919,2026-03-23,NO NAVEGA. LEDS FIJOS/RUIDO,INTERNET FIBRA 75MB,NO ATIENDE,"ER, PRESENTA DESCONEXIONES REQUIERE VISITA",2026-03-31,1500039,ACTIVO,PERIODISMO,XPONDD3E6D85,AC,INT30,,XPONDD3E6D85,,8.0,344919,-23.09840163934444
46137,2026-03-23,NO NAVEGA. LEDS PARPADEANDO/NO AMARRA,INTERNET FIBRA 60MB,LOS ROJO,"ER, FUERA DE LINEA",2026-03-24,1500036,ACTIVO,PRADOS VERDES,XPONDD3E63F1,AC,INT20,2025-10-12,XPONDD3E63F1,162.0,1.0,46137,-35.488859259259165
37526,2026-03-23,NO NAVEGA. LEDS PARPADEANDO/NO AMARRA,INTERNET FIBRA 120MB,LOS ROJO,"GT,OFFLINE",2026-03-25,1500374,ACTIVO,BELO,XPONDD3DA011,AC,INT50,,XPONDD3DA011,,2.0,37526,-22.490638193421702
34918,2026-03-23,NO NAVEGA. LEDS PARPADEANDO/NO AMARRA,BASICO TV + INTERNET FIBRA 75MB,AMBOS SERVIICIOS,"ER, FUERA DE LINEA",2026-03-24,1500039,ACTIVO,PERIODISMO,XPONDD2C3576,AC,BASINT30,,XPONDD2C3576,,1.0,34918,-28.58207137978133
9896,2026-03-23,NO NAVEGA. LEDS PARPADEANDO/NO AMARRA,BASICO TV + INTERNET FIBRA 250MB ($399),LOS ROJO,"ER, SE REVISA CON EL TECNICO",2026-03-24,1500039,ACTIVO,PERIODISMO,CDTCAFA3BBD6,AC,BASINTF250,2014-11-09,CDTCAFA3BBD6,4152.0,1.0,9896,-29.579844603825286
35542,2026-03-23,NO NAVEGA. LEDS PARPADEANDO/NO AMARRA,INTERNET FIBRA 75MB,LOS ROJO,"ER, VARIAS DESCONEXIONES",2026-03-24,1500047,ACTIVO,PRADOS VERDES,XPONDD28CF80,AC,INT30,2019-12-06,XPONDD28CF80,2299.0,1.0,35542,-26.168896543209893
46685,2026-03-24,EQUIPO DA?ADO,BASICO TV + INTERNET FIBRA 250MB ($399),CIENTE ENTERADO CAMBIO DE EQUIPO SIN COSTO  JORGE,"T|T OCUPABA ONU CON 4 SALIDAS DE UTP, MODEM ANTERIOR SOLO TENIA CON 2 SALIDAS POR ESO SE HIZO EL CAMBIO",2026-03-24,1500046,ACTIVO,PEDREGAL,HWTC1DD88C10,AC,BASINTF250,,HWTC1DD88C10,,0.0,46685,-20.13785226077813
372,2026-03-24,NO NAVEGA. LEDS PARPADEANDO/NO AMARRA,BASICO TV + INTERNET FIBRA 250MB ($399),LOS ROJO SIN SEÑAL EN AMBOS SERVICIOS,nan,2026-03-25,1500047,ACTIVO,MADERO,XPONDD919C86,AC,BASINTF250,,XPONDD919C86,,1.0,372,-25.145187654321038
372,2026-03-24,NO NAVEGA. LEDS PARPADEANDO/NO AMARRA,BASICO TV + INTERNET FIBRA 250MB ($399),LOS ROJO SIN SEÑAL EN AMBOS SERVICIOS,nan,2026-03-25,1500047,ACTIVO,MADERO,XPONDD919C86,AC,BASINTF250,,XPONDD919C86,,1.0,372,-25.145187654321038
8257,2026-03-24,NO NAVEGA. LEDS PARPADEANDO/NO AMARRA,BASICO TV + INTERNET FIBRA 250MB ($399),nan,"GT, TUVO DESCONEXION",2026-03-25,1500374,ACTIVO,VIRREY,XPONDD91A2C6,AC,BASINTF250,2016-12-02,XPONDD91A2C6,3399.0,1.0,8257,-23.080653775322393
40860,2026-03-24,NO NAVEGA. LEDS FIJOS/RUIDO,INTERNET FIBRA 75MB,NO SABE CUALES FOCOS LE PRENDE,"ER, FUERA DE LINEA",2026-03-26,1500039,ACTIVO,PERIODISMO,48575443D95A9BA9,AC,INT30,,48575443D95A9BA9,,2.0,40860,-40.0
37954,2026-03-24,NO NAVEGA. LEDS PARPADEANDO/NO AMARRA,INTERNET FIBRA 75MB,NIVEL BAJO,"GT, NIVEL BAJO",2026-03-26,1500374,ACTIVO,VISTA BELLA,485754432B0D3629,AC,INT30,,485754432B0D3629,,2.0,37954,-27.260154743784902
42181,2026-03-24,NO NAVEGA. LEDS FIJOS/RUIDO,INTERNET FIBRA 60MB,|| EDWIN ||,PIDE VISITA POR FALLAS CONSTANTES,2026-03-29,5555555,ACTIVO,MADERO,OPTI37B00065,AC,INT20,2023-11-01,OPTI37B00065,874.0,5.0,42181,-20.868579506172875
38204,2026-03-24,NO NAVEGA. LEDS FIJOS/RUIDO,BASICO TV + INTERNET FIBRA 250MB ($399),ESTA FUERA DE LINEA,GT.OFFLINE,2026-03-26,1500374,ACTIVO,VIRREY,XPONDD91A1EE,AC,BASINTF250,,XPONDD91A1EE,,2.0,38204,-25.371682013505215
43781,2026-03-24,NO NAVEGA. LEDS FIJOS/RUIDO,INTERNET FIBRA 75MB,nan,TIENE NIVEL BAJO 29.58 REQUIERE VISITA,2026-03-26,1500039,ACTIVO,PERIODISMO,48575443D0423B5B,AC,INT30,,48575443D0423B5B,,2.0,43781,-30.561854508196717
46381,2026-03-24,NO NAVEGA. LEDS PARPADEANDO/NO AMARRA,BASICO TV + INTERNET FIBRA 250MB ($399),LOS ROJO,"ER, VARIAS DESCONEXIONES",2026-03-26,1500039,ACTIVO,PEDREGAL,XPONDD91AAE6,AC,BASINTF250,2026-04-02,XPONDD91AAE6,-9.0,2.0,46381,-22.633189528023493
36562,2026-03-24,NO NAVEGA. LEDS PARPADEANDO/NO AMARRA,INTERNET FIBRA 60MB,LOS ROJO,"ER, FUERA DE LINEA",2026-03-26,1500039,ACTIVO,PEDREGAL,4857544332C64D8B,AC,INT20,,4857544332C64D8B,,2.0,36562,-23.734137168141615
40786,2026-03-24,EQUIPO DA?ADO,INTERNET FIBRA 60MB,TIT ACEPTA CAMBIO DE MODEM SIN COSTO TEC FERNANDO,nan,2026-03-25,1500374,ACTIVO,VIRREY,XPONDD439C1B,AC,INT20,2022-11-05,XPONDD439C1B,1235.0,1.0,40786,-19.987292817679524
43069,2026-03-24,NO NAVEGA. LEDS PARPADEANDO/NO AMARRA,INTERNET FIBRA 75MB,LOS ROJO,"ER, REQUIERE VISITA",2026-03-25,1500047,ACTIVO,PRADOS VERDES,XPONDD3FCB9F,AC,INT30,2023-07-07,XPONDD3FCB9F,991.0,1.0,43069,-21.122095061728334
32063,2026-03-24,EQUIPO DA?ADO,BASICO TV + INTERNET FIBRA 60MB,SIN COSTO TIT ENTERADO PIDE FERNANDO,nan,2026-03-25,1500374,ACTIVO,BELO,OPTI38BFC845,AC,BASINT20,,OPTI38BFC845,,1.0,32063,-22.495063819342185
40786,2026-03-24,NO NAVEGA. LEDS PARPADEANDO/NO AMARRA,INTERNET FIBRA 60MB,LOS ROJO,"GT, HA PRESENTADO DESCONEXIONES",2026-03-25,1500374,ACTIVO,VIRREY,XPONDD439C1B,AC,INT20,2022-11-05,XPONDD439C1B,1235.0,1.0,40786,-19.987292817679524
46326,2026-03-24,NO NAVEGA. LEDS PARPADEANDO/NO AMARRA,BASICO TV + INTERNET FIBRA 250MB ($399),LOS ROJO AMBOS SERVICIO,GT.OFFLINE,2026-03-26,1500039,ACTIVO,PEDREGAL,XPONDD919DEE,AC,BASINTF250,,XPONDD919DEE,,2.0,46326,-25.802748279252675
32334,2026-03-24,NO NAVEGA. LEDS PARPADEANDO/NO AMARRA,BASICO TV + INTERNET FIBRA 75MB,LOS ROJO,"GT. HA PRESENTADO DESCONEXIONES Y CAIDAS DE NIVEL, REQUIERE VISITA",2026-03-25,1500047,ACTIVO,PRADOS VERDES,XPONDD3FB5FF,AC,BASINT30,2017-04-10,XPONDD3FB5FF,3270.0,1.0,32334,-31.24783827160494
46055,2026-03-24,NO NAVEGA. LEDS PARPADEANDO/NO AMARRA,INTERNET FIBRA 60MB,LOS ROJO,"GT.CANCELA SERVICIO,SE ELIMINA DE OLT",2026-03-26,1500039,BAJA,PEDREGAL,nan,BA,INT20,,nan,,2.0,nan,
32346,2026-03-25,NO NAVEGA. LEDS PARPADEANDO/NO AMARRA,INTERNET FIBRA 60MB,LOS ROJO,GT.OFFLINE,2026-03-26,1500039,ACTIVO,PEDREGAL,XPONDD45B822,AC,INT20,2021-11-02,XPONDD45B822,1604.0,1.0,32346,-26.188096116027538
349012,2026-03-25,NO NAVEGA. LEDS FIJOS/RUIDO,BASICO TV + INTERNET FIBRA 250MB ($399),NO TIENE SERVICIO DE TV TAMPOCO ESTAN CORTADOS LOS CABLES EN LA ZONA DESDE AYER A LAS 10 AM,GT.OFFLINE,2026-03-26,1500046,ACTIVO,PEDREGAL,HWTCAFAB608B,AC,BASINTF250,2016-07-12,HWTCAFAB608B,3543.0,1.0,349012,-27.868598820059006
45960,2026-03-25,NO NAVEGA. LEDS PARPADEANDO/NO AMARRA,BASICO TV + INTERNET FIBRA 250MB ($399),LOS ROJO,JE FUERA DE LINEA REQUIERE VISITA,2026-03-27,1501177,ACTIVO,RICARDO FLORES MAGON,XPONDD7EACDE,AC,BASINTF250,2025-07-11,XPONDD7EACDE,257.0,2.0,45960,-37.70651917404134
42562,2026-03-25,NO NAVEGA. LEDS PARPADEANDO/NO AMARRA,INTERNET FIBRA 75MB,CLIENTE COMENTA DESDE AYER NO TIENE SEÑAL DE INTERNET.,nan,2026-03-25,1500047,ACTIVO,PUNHUATO,4857544357820A71,AC,INT30,,4857544357820A71,,0.0,42562,-26.904736193293928
372,2026-03-25,CAMBIO DE ACOMETIDA,BASICO TV + INTERNET FIBRA 250MB ($399),TEC SOLICITA OS TIT ENTERADO QUE NO TIENE COSTO,nan,2026-03-25,1500047,ACTIVO,MADERO,XPONDD919C86,AC,BASINTF250,,XPONDD919C86,,0.0,372,-25.145187654321038
372,2026-03-25,CAMBIO DE ACOMETIDA,BASICO TV + INTERNET FIBRA 250MB ($399),TEC SOLICITA OS TIT ENTERADO QUE NO TIENE COSTO,nan,2026-03-25,1500047,ACTIVO,MADERO,XPONDD919C86,AC,BASINTF250,,XPONDD919C86,,0.0,372,-25.145187654321038
35926,2026-03-25,NO NAVEGA. LEDS FIJOS/RUIDO,INTERNET FIBRA 45MB (NO VIGENTE),nan,"GT,CAIDA DE NIVEL",2026-03-25,1500047,ACTIVO,PRADOS VERDES,HWTCAF3FE254,AC,INT10,2021-09-03,HWTCAF3FE254,1664.0,0.0,35926,-20.97991234567895
346183,2026-03-25,NO NAVEGA. LEDS PARPADEANDO/NO AMARRA,BASICO TV + INTERNET FIBRA 250MB ($399),FOCO ROJO,GT.OFFLINE,2026-03-25,1500047,ACTIVO,PRADOS VERDES,OPTI37B0A8C5,AC,BASINTF250,,OPTI37B0A8C5,,0.0,346183,-22.074223209876507
334144,2026-03-25,NO NAVEGA. LEDS PARPADEANDO/NO AMARRA,BASICO TV + INTERNET FIBRA 60MB,SIN SEÑAL EN AMBOS SERV || EDWIN ||,GT.PRESENTO DESCONEXION,2026-03-29,5555555,ACTIVO,VIRREY,XPONDD4C797A,AC,BASINT20,,XPONDD4C797A,,4.0,334144,-25.319857274401503
46486,2026-03-25,NO NAVEGA. LEDS PARPADEANDO/NO AMARRA,BASICO TV + INTERNET FIBRA 250MB ($399),LOS ROJO INTERNET,GT.OFFLINE,2026-03-25,1500047,ACTIVO,MADERO,CDTCAFA3B282,AC,BASINTF250,2026-06-02,CDTCAFA3B282,-69.0,0.0,46486,-24.533893333333403
44006,2026-03-25,NO NAVEGA. LEDS PARPADEANDO/NO AMARRA,BASICO TV + INTERNET FIBRA 75MB,FOCO ROJO,"ER, REQUIERE VISITA",2026-03-26,1500039,ACTIVO,PEDREGAL,XPONDD4C79BA,AC,BASINT30,,XPONDD4C79BA,,1.0,44006,-21.902905604719763
37429,2026-03-25,NO NAVEGA. LEDS PARPADEANDO/NO AMARRA,INTERNET FIBRA 60MB,nan,"ER, FUERA DE LINEA",2026-03-26,1500039,ACTIVO,PERIODISMO,XPONDD439B43,AC,INT20,,XPONDD439B43,,1.0,37429,-29.036714480874352
349012,2026-03-25,CAMBIO DE ACOMETIDA,BASICO TV + INTERNET FIBRA 250MB ($399),TIT ACEPTA CAMBIO DE ACOMETIDA SIN COSTO TEC JORGE,nan,2026-03-26,1500046,ACTIVO,PEDREGAL,HWTCAFAB608B,AC,BASINTF250,2016-07-12,HWTCAFAB608B,3543.0,1.0,349012,-27.868598820059006
4300,2026-03-25,NO NAVEGA. LEDS PARPADEANDO/NO AMARRA,BASICO TV + INTERNET FIBRA 250MB ($399),QUEDO CON FALLA,"ER, REQUIERE VISITA",2026-03-26,1500039,ACTIVO,PEDREGAL,HWTC50026546,AC,BASINTF250,,HWTC50026546,,1.0,4300,-21.26496066863324
13024,2026-03-25,NO NAVEGA. LEDS PARPADEANDO/NO AMARRA,BASICO TV + INTERNET FIBRA 250MB ($399),LOS ROJO AMBOS SERVICIO,nan,2026-03-26,1500374,ACTIVO,BELO,XPONDD91AA5E,AC,BASINTF250,2015-07-01,XPONDD91AA5E,3920.0,1.0,13024,-33.06893391288088
38763,2026-03-25,NO NAVEGA. LEDS FIJOS/RUIDO,INTERNET FIBRA 75MB,INTERMITENTE,"ER, SE REALIZA CAMBIO DE ONT",2026-03-26,1500039,ACTIVO,PERIODISMO,XPONDD5EBF38,AC,INT30,2025-08-04,XPONDD5EBF38,233.0,1.0,38763,-23.158406762295076
46735,2026-03-26,NO NAVEGA. LEDS PARPADEANDO/NO AMARRA,INTERNET FIBRA 75MB,LOS ROJO,nan,2026-03-26,1500047,ACTIVO,MADERO,HWTCAF8FFBB1,AC,INT30,,HWTCAF8FFBB1,,0.0,46735,-24.396232912723466
26099,2026-03-26,NO NAVEGA. LEDS PARPADEANDO/NO AMARRA,INTERNET FIBRA 45MB (NO VIGENTE),LOS ROJO,nan,2026-03-26,1500047,ACTIVO,MADERO,XPONDD45C02A,AC,INT10,,XPONDD45C02A,,0.0,26099,-30.27260493827165
46699,2026-03-26,NO NAVEGA. LEDS PARPADEANDO/NO AMARRA,BASICO TV + INTERNET FIBRA 250MB ($399),FALLA DESDE REPORTE ANTERIOR,"GT, HA PRESENTADO DESCONEXIONES",2026-03-27,1500285,ACTIVO,VIRREY,HWTCAF8FD235,AC,BASINTF250,2026-09-03,HWTCAF8FD235,-161.0,1.0,46699,-24.412698105081898
43069,2026-03-26,NO NAVEGA. LEDS FIJOS/RUIDO,INTERNET FIBRA 75MB,PIDE VISITA POR FALLAS CONSTANTES,nan,2026-03-26,1500047,ACTIVO,PRADOS VERDES,XPONDD3FCB9F,AC,INT30,2023-07-07,XPONDD3FCB9F,993.0,0.0,43069,-21.122095061728334
33497,2026-03-26,CAMBIO DE ACOMETIDA,BASICO TV + INTERNET FIBRA 60MB,TIT ENTERADO DE CAMBIO DE ACOMETIDA SIN COSTO SOLICITA TEC CARLOS,nan,2026-03-26,1500036,ACTIVO,MADERO,XPONDD4C7052,AC,BASINT20,2018-03-03,XPONDD4C7052,2945.0,0.0,33497,-24.238727160493887
31190,2026-03-26,NO NAVEGA. LEDS PARPADEANDO/NO AMARRA,INTERNET FIBRA 60MB,LOS ROJO,GT.OFFLINE,2026-03-28,1500374,ACTIVO,VIRREY,XPONDD5EBDD0,AC,INT20,2017-11-05,XPONDD5EBDD0,3063.0,2.0,31190,-28.475848680171904
10728,2026-03-26,NO NAVEGA. LEDS PARPADEANDO/NO AMARRA,INTERNET FIBRA 75MB,LOS ROJO,"ER, FUERA DE LINEA",2026-03-27,1500039,ACTIVO,PERIODISMO,4857544357514271,AC,INT30,,4857544357514271,,1.0,10728,-25.782730532786825
38763,2026-03-26,EQUIPO DA?ADO,INTERNET FIBRA 75MB,TEC SOLICTA OS TIT ENTERADO QUE NO TIENE COSTO,nan,2026-03-26,1500039,ACTIVO,PERIODISMO,XPONDD5EBF38,AC,INT30,2025-08-04,XPONDD5EBF38,234.0,0.0,38763,-23.158406762295076
4911,2026-03-26,NO NAVEGA. LEDS FIJOS/RUIDO,BASICO TV + INTERNET FIBRA 60MB,TAMPOCO TIENE SERVICIO DE TV,"ER, FUERA DE LINEA",2026-03-27,1500039,ACTIVO,PERIODISMO,XPONDD6F0503,AC,BASINT20,,XPONDD6F0503,,1.0,4911,-26.745406420764997
36940,2026-03-26,NO NAVEGA. LEDS PARPADEANDO/NO AMARRA,INTERNET FIBRA 60MB,CABLE APAGADO,"ER, REQUIERE VISITA",2026-03-27,1500039,ACTIVO,PERIODISMO,HWTC5002659A,AC,INT20,2020-05-09,HWTC5002659A,2147.0,1.0,36940,-25.007557077625567
37727,2026-03-26,NO NAVEGA. LEDS FIJOS/RUIDO,INTERNET NAVEGA (NO VIGENTE),NO NAVEGA,"ER, REQUIERE VISITA",2026-03-27,1500039,ACTIVO,PERIODISMO,E8ED05E896B2,AC,IESE,,E8ED05E896B2,,1.0,nan,
2269,2026-03-26,NO NAVEGA. LEDS PARPADEANDO/NO AMARRA,BASICO TV + INTERNET FIBRA 75MB,SIN SEÑAL EN NINGUN SERVICIO,"ER, FUERA DE LINEA",2026-03-26,1500039,ACTIVO,PERIODISMO,XPONDD33053E,AC,BASINT30,2014-08-02,XPONDD33053E,4254.0,0.0,2269,-18.848471653005422
33837,2026-03-26,NO NAVEGA. LEDS PARPADEANDO/NO AMARRA,INTERNET NAVEGA (NO VIGENTE),SIN CONEXION,"ER, REQUIERE VISITA",2026-03-27,1500039,ACTIVO,PERIODISMO,C43DC76BC0E8,AC,IESE,2018-03-05,C43DC76BC0E8,2943.0,1.0,nan,
6769,2026-03-26,NO NAVEGA. LEDS PARPADEANDO/NO AMARRA,INTERNET FIBRA 75MB,LOS ROJO,"ER, FUERA DE LINEA",2026-03-26,1500039,ACTIVO,PERIODISMO,XPONDD28C9E8,AC,INT30,,XPONDD28C9E8,,0.0,6769,-27.024030054644985
42904,2026-03-26,NO NAVEGA. LEDS PARPADEANDO/NO AMARRA,BASICO TV + INTERNET FIBRA 250MB ($399),EDWIN ||,"GT,HA PRESENTADO DESCONEXIONES",2026-03-29,5555555,ACTIVO,VIRREY,XPONDD3E5BA9,AC,BASINTF250,2023-02-06,XPONDD3E5BA9,1144.0,3.0,42904,-27.64477593615726
46326,2026-03-26,CAMBIO DE ACOMETIDA,BASICO TV + INTERNET FIBRA 250MB ($399),CAMBIO DE COMETIDA SIN COSTO TIT ENTERADO,nan,2026-03-26,5555555,ACTIVO,PEDREGAL,XPONDD919DEE,AC,BASINTF250,,XPONDD919DEE,,0.0,46326,-25.802748279252675
15657,2026-03-26,NO NAVEGA. LEDS PARPADEANDO/NO AMARRA,INTERNET FIBRA 60MB,LOS ROJO,"ER, FUERA DE LINEA",2026-03-27,1500039,ACTIVO,PEDREGAL,XPONDD298240,AC,INT20,,XPONDD298240,,1.0,15657,-25.64502089478865
45663,2026-03-26,NO NAVEGA. LEDS PARPADEANDO/NO AMARRA,BASICO TV + INTERNET FIBRA 250MB ($399),LOS ROJO,"ER, FUERA DE LINEA",2026-03-27,1500047,ACTIVO,PRADOS VERDES,HWTCAF3ABD2E,AC,BASINTF250,2025-12-09,HWTCAF3ABD2E,107.0,1.0,45663,-21.20693530864199
28395,2026-03-26,NO NAVEGA. LEDS PARPADEANDO/NO AMARRA,INTERNET FIBRA 75MB,LOS ROJO,"ER, NIVEL BAJO MENOS 32.21",2026-03-31,1500039,ACTIVO,PERIODISMO,nan,AC,INT30,,nan,,5.0,28395,-31.58181181693994
41374,2026-03-26,NO NAVEGA. LEDS PARPADEANDO/NO AMARRA,BASICO TV + INTERNET FIBRA 60MB,LOS ROJO,"ER, SE MANDA CONFIRMAR",2026-03-27,1500047,ACTIVO,PRADOS VERDES,XPONDD33A1AC,AC,BASINT20,,XPONDD33A1AC,,1.0,41374,-37.36635555555553
6155,2026-03-26,NO NAVEGA. LEDS PARPADEANDO/NO AMARRA,BASICO TV + INTERNET FIBRA 60MB,nan,"ER, FUERA DE LINEA",2026-03-27,1500039,ACTIVO,PERIODISMO,OPTI38C04495,AC,BASINT20,2014-10-04,OPTI38C04495,4191.0,1.0,6155,-23.902042349726756
35113,2026-03-27,NO NAVEGA. LEDS FIJOS/RUIDO,BASICO TV + INTERNET FIBRA 120MB,nan,"ER, SE MANDA CONFIRMAR",2026-03-28,1500047,ACTIVO,PRADOS VERDES,XPONDD5907D0,AC,BASINT50,2019-12-01,XPONDD5907D0,2308.0,1.0,35113,-19.00606987654322
44434,2026-03-27,NO NAVEGA. LEDS PARPADEANDO/NO AMARRA,INTERNET FIBRA 120MB,FUERA DE LINEA,GT.OFFLINE,2026-03-28,1500374,ACTIVO,VIRREY,OPTI41FCB41D,AC,INT50,2024-10-07,OPTI41FCB41D,536.0,1.0,44434,-24.025612338858167
43069,2026-03-27,NO NAVEGA. LEDS FIJOS/RUIDO,INTERNET FIBRA 75MB,nan,CLIENTE CONTINUA SIN SEÑAL SOLICITA VISITA TECNICA,2026-03-28,1500047,ACTIVO,PRADOS VERDES,XPONDD3FCB9F,AC,INT30,2023-07-07,XPONDD3FCB9F,994.0,1.0,43069,-21.122095061728334
41325,2026-03-27,NO NAVEGA. LEDS PARPADEANDO/NO AMARRA,INTERNET FIBRA 75MB,CABLE EN MALAS CONDICIONES.,"ER, REQUIERE VISITA",2026-03-27,1500039,ACTIVO,PEDREGAL,485754431DCB5FC5,AC,INT30,,485754431DCB5FC5,,0.0,41325,-24.97869591937075
333989,2026-03-27,NO NAVEGA. LEDS PARPADEANDO/NO AMARRA,BASICO TV + INTERNET FIBRA 75MB,LOS ROJO,GT.OFFLINE,2026-03-28,1500374,ACTIVO,VIRREY,BTPTDD26C1A2,AC,BASINT30,2013-12-12,BTPTDD26C1A2,4488.0,1.0,333989,-33.65423879680771
32346,2026-03-27,NO NAVEGA. LEDS PARPADEANDO/NO AMARRA,INTERNET FIBRA 60MB,LOS ROJO,"ER, FUERA DE LINEA",2026-03-28,1501465,ACTIVO,PEDREGAL,XPONDD45B822,AC,INT20,2021-11-02,XPONDD45B822,1606.0,1.0,32346,-26.188096116027538
44603,2026-03-27,NO NAVEGA. LEDS PARPADEANDO/NO AMARRA,INTERNET FIBRA 120MB,LOS ROJO,"ER, FUERA DE LINEA",2026-03-28,1501465,ACTIVO,PERIODISMO,XPONDD53012C,AC,INT50,,XPONDD53012C,,1.0,44603,-31.549588456284095
39101,2026-03-27,NO NAVEGA. LEDS PARPADEANDO/NO AMARRA,BASICO TV + INTERNET FIBRA 75MB,LOS ROJO,"ER, FUERA DE LINEA",2026-03-29,1500039,ACTIVO,PERIODISMO,XPONDD28C9A0,AC,BASINT30,2021-10-09,XPONDD28C9A0,1630.0,2.0,39101,-23.333265027322373
44459,2026-03-27,NO NAVEGA. LEDS PARPADEANDO/NO AMARRA,INTERNET FIBRA 60MB,LOS ROJO,"ER, FUERA DE LINEA",2026-03-28,1500047,ACTIVO,MADERO,OPTI41FCB615,AC,INT20,,OPTI41FCB615,,1.0,44459,-40.0
42098,2026-03-27,NO NAVEGA. LEDS FIJOS/RUIDO,BASICO TV + INTERNET FIBRA 60MB,nan,"ER, ESTA TRABADO, REQUIERE VISITA",2026-03-28,1500047,ACTIVO,MADERO,XPONDD395ED4,AC,BASINT20,,XPONDD395ED4,,1.0,42098,-34.70463333333329
344414,2026-03-27,NO NAVEGA. LEDS PARPADEANDO/NO AMARRA,INTERNET FIBRA 60MB,TIENE EL NIVEL  BAJO  LE PUEDE GENERAR OS POR FAVOR,"ER, NIVEL MENOS 28.24",2026-03-29,1500039,ACTIVO,PERIODISMO,XPONDD42BB3B,AC,INT20,,XPONDD42BB3B,,2.0,344414,-29.974166666666637
591,2026-03-27,NO NAVEGA. LEDS PARPADEANDO/NO AMARRA,BASICO TV + INTERNET FIBRA 75MB,nan,"ER, FUERA DE LINEA",2026-03-28,1500047,ACTIVO,MADERO,XPONDD2C0B3E,AC,BASINT30,2013-11-12,XPONDD2C0B3E,4518.0,1.0,591,-28.123535802469025
1441,2026-03-27,NO NAVEGA. LEDS PARPADEANDO/NO AMARRA,BASICO TV + INTERNET FIBRA 75MB,TIENE NIVEL BAJO|| EDWIN ||,"ER, NIVEL MENOS 30.00",2026-03-29,5555555,ACTIVO,MADERO,XPONDD355062,AC,BASINT30,,XPONDD355062,,2.0,1441,-30.093749135802437
46658,2026-03-27,NO NAVEGA. LEDS PARPADEANDO/NO AMARRA,BASICO TV + INTERNET FIBRA 250MB ($399),LOS ROJO,JE MANDO A CC,2026-03-29,1500039,ACTIVO,PEDREGAL,HWTCAF8FD241,AC,BASINTF250,,HWTCAF8FD241,,2.0,46658,-26.303305632502326
344530,2026-03-27,NO NAVEGA. LEDS PARPADEANDO/NO AMARRA,BASICO TV + INTERNET FIBRA 75MB,nan,SE RECONECTA,2026-03-29,1500039,ACTIVO,PEDREGAL,XPONDD6F0C23,AC,BASINT30,,XPONDD6F0C23,,2.0,344530,-29.900335545722555
15273,2026-03-27,NO NAVEGA. LEDS PARPADEANDO/NO AMARRA,BASICO TV + INTERNET FIBRA 60MB,EDWIN ||,GT.OFFLINE,2026-03-29,5555555,ACTIVO,VIRREY,XPONDD3E57B1,AC,BASINT20,,XPONDD3E57B1,,2.0,15273,-23.661860036832515
13421,2026-03-27,NO NAVEGA. LEDS PARPADEANDO/NO AMARRA,INTERNET FIBRA 75MB,SIGUE SIN SEÑAL || EDWIN ||,"GT, HA PRESENTADO DESCONEXIONES",2026-03-29,5555555,ACTIVO,BELO,48575443E68816A9,AC,INT30,2017-11-12,48575443E68816A9,3057.0,2.0,13421,-27.00011413843894
42098,2026-03-27,NO NAVEGA. LEDS PARPADEANDO/NO AMARRA,BASICO TV + INTERNET FIBRA 60MB,nan,"ER, FUERA DE LINEA",2026-03-28,5555555,ACTIVO,MADERO,XPONDD395ED4,AC,BASINT20,,XPONDD395ED4,,1.0,42098,-34.70463333333329
2074,2026-03-27,NO NAVEGA. LEDS PARPADEANDO/NO AMARRA,BASICO TV + INTERNET FIBRA 60MB,|| EDWIN ||,"GT, SE ENVIA A CC",2026-03-29,5555555,ACTIVO,PRADOS VERDES,XPONDD4C643A,AC,BASINT20,2014-05-02,XPONDD4C643A,4347.0,2.0,2074,-20.76782049382714
45965,2026-03-27,NO NAVEGA. LEDS PARPADEANDO/NO AMARRA,BASICO TV + INTERNET FIBRA 250MB ($399),LOS ROJO SIN SEÑAL EN AMBOS SERVICIOS,GT. SE ENVIA A CC,2026-03-28,1501177,ACTIVO,RICARDO FLORES MAGON,XPONDD7EB356,AC,BASINTF250,2025-07-11,XPONDD7EB356,259.0,1.0,45965,-25.271028761061974
45730,2026-03-27,NO NAVEGA. LEDS PARPADEANDO/NO AMARRA,BASICO TV + INTERNET FIBRA 250MB ($399),AMBOS SERVICIOS,GT.OFFLINE,2026-03-30,1500503,ACTIVO,SANTIAGUITO,XPONAF19AAB0,AC,BASINTF250,,XPONAF19AAB0,,3.0,45730,-20.016202723146773
37001,2026-03-27,NO NAVEGA. LEDS PARPADEANDO/NO AMARRA,INTERNET FIBRA 45MB (NO VIGENTE),TIENE EL NIVEL BAJO REQUIERE VISITA,"ER, NIVEL MENOS 28.24",2026-03-30,1500047,ACTIVO,MADERO,XPONDD41F06B,AC,INT10,,XPONDD41F06B,,3.0,37001,-28.189918518518684
26099,2026-03-28,NO NAVEGA. LEDS PARPADEANDO/NO AMARRA,INTERNET FIBRA 45MB (NO VIGENTE),SIN ACCESO,nan,2026-03-28,5555555,ACTIVO,MADERO,XPONDD45C02A,AC,INT10,,XPONDD45C02A,,0.0,26099,-30.27260493827165
42340,2026-03-28,NO NAVEGA. LEDS PARPADEANDO/NO AMARRA,INTERNET FIBRA 60MB,nan,"ER, FUERA DE LINEA",2026-03-30,1500047,ACTIVO,PUNHUATO,485754435753F071,AC,INT20,2023-09-02,485754435753F071,938.0,2.0,42340,-23.68178747534517
6155,2026-03-28,CAMBIO DE ACOMETIDA,BASICO TV + INTERNET FIBRA 60MB,CLIENTE ENTERADO CAMBIO DE ACOMETIDA RIGO,nan,2026-03-28,5555555,ACTIVO,PERIODISMO,OPTI38C04495,AC,BASINT20,2014-10-04,OPTI38C04495,4193.0,0.0,6155,-23.902042349726756
44603,2026-03-28,CAMBIO DE ACOMETIDA,INTERNET FIBRA 120MB,TEC SOLICITA OS TIT ENTERADO QUE NO TIENE COSTO,nan,2026-03-28,5555555,ACTIVO,PERIODISMO,XPONDD53012C,AC,INT50,,XPONDD53012C,,0.0,44603,-31.549588456284095
38408,2026-03-28,NO NAVEGA. LEDS FIJOS/RUIDO,INTERNET FIBRA 120MB,nan,"ER, FUERA DE LINEA",2026-03-29,1500036,ACTIVO,PEDREGAL,XPONDD43A44B,AC,INT50,,XPONDD43A44B,,1.0,38408,-27.352315634218364
349006,2026-03-28,NO NAVEGA. LEDS PARPADEANDO/NO AMARRA,BASICO TV + INTERNET FIBRA 45MB (NO VIGENTE),LOS ROJO|| EDWIN ||,"ER, VARIAS DESCONEXIONES",2026-03-29,5555555,ACTIVO,BELO,XPONDD52D0BC,AC,BASINT10,2016-03-12,XPONDD52D0BC,3668.0,1.0,349006,-25.690741286205284
38408,2026-03-28,EQUIPO DA?ADO,INTERNET FIBRA 120MB,TEC SOLICITA,nan,2026-03-29,1500036,ACTIVO,PEDREGAL,XPONDD43A44B,AC,INT50,,XPONDD43A44B,,1.0,38408,-27.352315634218364
6155,2026-03-28,NO NAVEGA. LEDS PARPADEANDO/NO AMARRA,BASICO TV + INTERNET FIBRA 60MB,LOS ROJO,"ER, VARIAS DESCONEXIONES",2026-03-29,1500039,ACTIVO,PERIODISMO,OPTI38C04495,AC,BASINT20,2014-10-04,OPTI38C04495,4193.0,1.0,6155,-23.902042349726756
28862,2026-03-29,NO NAVEGA. LEDS PARPADEANDO/NO AMARRA,BASICO TV + INTERNET FIBRA 75MB,nan,"ER, FUERA DE LINEA",2026-03-30,1500047,ACTIVO,PRADOS VERDES,XPON1D42EDB4,AC,BASINT30,2016-01-11,XPON1D42EDB4,3730.0,1.0,28862,-18.14388123456788
34361,2026-03-29,NO NAVEGA. LEDS PARPADEANDO/NO AMARRA,BASICO TV + INTERNET FIBRA 250MB ($399),SIN SEÑAL,nan,2026-03-30,1500374,ACTIVO,BELO,HWTC50026846,AC,BASINTF250,,HWTC50026846,,1.0,34361,-21.424067255768243
31139,2026-03-29,NO NAVEGA. LEDS PARPADEANDO/NO AMARRA,BASICO TV + INTERNET FIBRA 60MB,FOCO ROJO,"ER, VARIAS DESCONEXIONES",2026-03-31,1500039,ACTIVO,PEDREGAL,XPONDD302FAE,AC,BASINT20,2017-03-05,XPONDD302FAE,3311.0,2.0,31139,-24.646139380531096
1293,2026-03-30,NO NAVEGA. LEDS PARPADEANDO/NO AMARRA,BASICO TV + INTERNET FIBRA 250MB ($399),CLIENTE COMENTA TIENE FALLA EN AMBOS SERVICIOS.  INTERNET Y CABLE.,"ER, FUERA DE LINEA TEC JAIME",2026-03-31,1500046,ACTIVO,PERIODISMO,HWTC1DD89324,AC,BASINTF250,,HWTC1DD89324,,1.0,1293,-21.981825478142085
1293,2026-03-30,NO NAVEGA. LEDS PARPADEANDO/NO AMARRA,BASICO TV + INTERNET FIBRA 250MB ($399),CLIENTE COMENTA TIENE FALLA EN AMBOS SERVICIOS.  INTERNET Y CABLE.,"ER, FUERA DE LINEA TEC JAIME",2026-03-31,1500046,ACTIVO,PERIODISMO,HWTC1DD89324,AC,BASINTF250,,HWTC1DD89324,,1.0,1293,-21.981825478142085
33453,2026-03-30,NO NAVEGA. LEDS PARPADEANDO/NO AMARRA,INTERNET FIBRA 60MB,LOS ROJO,"ER, FUERA DE LINEA",2026-04-01,1500039,ACTIVO,PERIODISMO,XPONDD3FD82F,AC,INT20,,XPONDD3FD82F,,2.0,33453,-32.59101605191247
9539,2026-03-30,NO NAVEGA. LEDS PARPADEANDO/NO AMARRA,BASICO TV + INTERNET FIBRA 75MB,LOS LOS SIN SEÑAL EN AMBOS SERVICIOS,"ER, FUERA DE LINEA",2026-04-01,1500039,ACTIVO,PERIODISMO,XPONDD7E9586,AC,BASINT30,,XPONDD7E9586,,2.0,9539,-24.05741120218585
46628,2026-03-30,NO NAVEGA. LEDS FIJOS/RUIDO,BASICO TV + INTERNET FIBRA 250MB ($399),nan,PIDE VISITA,2026-04-01,1500047,ACTIVO,MADERO,HWTCAF906589,AC,BASINTF250,2026-04-03,HWTCAF906589,-4.0,2.0,46628,-25.218265598650955
42340,2026-03-30,EQUIPO DA?ADO,INTERNET FIBRA 60MB,CLIENTE ENTERADO CAMBIO DE EQUIPO SIN COSTO DANIEL,nan,2026-03-30,1500047,ACTIVO,PUNHUATO,485754435753F071,AC,INT20,2023-09-02,485754435753F071,940.0,0.0,42340,-23.68178747534517
40206,2026-03-30,NO NAVEGA. LEDS PARPADEANDO/NO AMARRA,BASICO TV + INTERNET FIBRA 120MB,nan,MODELO DE MODEM BT213XR CAMBIO DE EQUIPO,2026-04-01,1500285,ACTIVO,VIRREY,CDTCAFA3E546,AC,BASINT50,2022-10-02,CDTCAFA3E546,1275.0,2.0,40206,-25.09238457635717
41749,2026-03-30,NO NAVEGA. LEDS PARPADEANDO/NO AMARRA,BASICO TV + INTERNET FIBRA 250MB ($399),LOS ROJO,"ER, FUERA DE LINEA",2026-04-01,1500039,ACTIVO,PERIODISMO,CDTCAFA3E56A,AC,BASINTF250,,CDTCAFA3E56A,,2.0,41749,-24.096197062841547
41749,2026-03-30,NO NAVEGA. LEDS PARPADEANDO/NO AMARRA,BASICO TV + INTERNET FIBRA 250MB ($399),LOS ROJO,"ER, FUERA DE LINEA",2026-04-01,1500039,ACTIVO,PERIODISMO,CDTCAFA3E56A,AC,BASINTF250,,CDTCAFA3E56A,,2.0,41749,-24.096197062841547
344242,2026-03-30,NO NAVEGA. LEDS PARPADEANDO/NO AMARRA,INTERNET FIBRA 45MB (NO VIGENTE),LOS ROJO,"ER, FUERA DE LINEA",2026-04-01,1500039,ACTIVO,PEDREGAL,XPONDD53193C,AC,INT10,2017-11-05,XPONDD53193C,3067.0,2.0,344242,-24.335420353982233
28014,2026-03-30,NO NAVEGA. LEDS PARPADEANDO/NO AMARRA,BASICO TV + INTERNET FIBRA 250MB ($399),nan,FUERA DE LINEA REQUIERE VISITA,2026-04-02,1500285,ACTIVO,VIRREY,nan,AC,BASINTF250,2026-11-03,nan,-218.0,3.0,28014,-23.64139285714291
46604,2026-03-31,NO NAVEGA. LEDS PARPADEANDO/NO AMARRA,BASICO TV + INTERNET FIBRA 250MB ($399),LOS ROJO,"ER, REQUIERE VISITA",2026-04-01,1500047,ACTIVO,MADERO,HWTCAF8FFEA5,AC,BASINTF250,2026-03-03,HWTCAF8FFEA5,28.0,1.0,46604,-26.296248776508946
41325,2026-03-31,NO NAVEGA. LEDS PARPADEANDO/NO AMARRA,INTERNET FIBRA 75MB,CLIENTE COMENTA QUE  NO TIENE SERVICIO DESDE AYER,"ER, FUERA DE LINEA",2026-04-01,1500039,ACTIVO,PEDREGAL,485754431DCB5FC5,AC,INT30,,485754431DCB5FC5,,1.0,41325,-24.97869591937075
44459,2026-03-31,NO NAVEGA. LEDS PARPADEANDO/NO AMARRA,INTERNET FIBRA 60MB,LOS ROJO,"ER, FUERA DE LINEA",2026-04-01,1500047,ACTIVO,MADERO,OPTI41FCB615,AC,INT20,,OPTI41FCB615,,1.0,44459,-40.0
26099,2026-03-31,NO NAVEGA. LEDS PARPADEANDO/NO AMARRA,INTERNET FIBRA 45MB (NO VIGENTE),SIN CONEXION,"ER, NIVEL BAJO MENOS 28.86",2026-04-01,1500047,ACTIVO,MADERO,XPONDD45C02A,AC,INT10,,XPONDD45C02A,,1.0,26099,-30.27260493827165
45636,2026-03-31,NO NAVEGA. LEDS FIJOS/RUIDO,BASICO TV + INTERNET FIBRA 250MB ($399),NO NAVEGA,nan,2026-04-01,1500503,ACTIVO,SANTIAGUITO,HWTCAF3AD5EE,AC,BASINTF250,2025-12-09,HWTCAF3AD5EE,112.0,1.0,45636,-22.270239536056504
39977,2026-03-31,NO NAVEGA. LEDS PARPADEANDO/NO AMARRA,INTERNET FIBRA 75MB,LOS ROJO,"GT, PRESENTO DESCONEXION",2026-04-01,1500285,ACTIVO,VIRREY,OPTI37B0F815,AC,INT30,2024-09-01,OPTI37B0F815,576.0,1.0,39977,-18.996252302025724
46747,2026-03-31,NO NAVEGA. LEDS PARPADEANDO/NO AMARRA,BASICO TV + INTERNET FIBRA 250MB ($399),TIT COMENTA QUE PERFORARON UN TUVO QUE BAJA DEL AGUA DE LA AZOTEA AL HACER LA INSTALACION,MC POR TIPO DE FALLA SE REQUIERE VISITA,,1501177,ACTIVO,EL REALITO,HWTC50026BD6,AC,BASINTF250,,HWTC50026BD6,,,46747,-21.061409883720945
3683,2026-03-31,NO NAVEGA. LEDS PARPADEANDO/NO AMARRA,BASICO TV + INTERNET FIBRA 60MB,nan,"GT, PRESENTO DESCONEXION",2026-04-04,1500285,ACTIVO,VIRREY,XPONDD2BD3CE,AC,BASINT20,2014-05-03,XPONDD2BD3CE,4350.0,4.0,3683,-22.368196746470357
32731,2026-03-31,NO NAVEGA. LEDS PARPADEANDO/NO AMARRA,BASICO TV + INTERNET FIBRA 250MB ($399),LOS ROJO,"ER, FUERA DE LINEA",2026-04-01,1500047,ACTIVO,PRADOS VERDES,HWTCAF3AAFEA,AC,BASINTF250,2025-08-10,HWTCAF3AAFEA,233.0,1.0,32731,-28.45889333333336
36080,2026-03-31,NO NAVEGA. LEDS FIJOS/RUIDO,BASICO TV + INTERNET FIBRA 75MB,nan,"ER, FUERA DE LINEA",2026-04-02,1500039,ACTIVO,PRADOS VERDES,OPTI38C04D1D,AC,BASINT30,2019-06-12,OPTI38C04D1D,2484.0,2.0,36080,-23.272646913580243
35844,2026-03-31,NO NAVEGA. LEDS PARPADEANDO/NO AMARRA,BASICO TV + INTERNET FIBRA 250MB ($399),nan,nan,2026-04-04,1500285,ACTIVO,VIRREY,HWTC5002974A,AC,BASINTF250,,HWTC5002974A,,4.0,35844,-22.325922619047617
8208,2026-03-31,NO NAVEGA. LEDS PARPADEANDO/NO AMARRA,INTERNET FIBRA 75MB,nan,"ER, FUERA DE LINEA",2026-04-01,1500039,ACTIVO,PEDREGAL,XPONDD4CD9B2,AC,INT30,2024-02-07,XPONDD4CD9B2,783.0,1.0,8208,-40.0
43005,2026-03-31,NO NAVEGA. LEDS PARPADEANDO/NO AMARRA,BASICO TV + INTERNET FIBRA 60MB,AMBOS SERVICIOS,nan,2026-04-01,1500047,ACTIVO,MADERO,XPONDD3FC1A7,AC,BASINT20,2023-10-07,XPONDD3FC1A7,906.0,1.0,43005,-20.930567407407437
4929,2026-03-31,NO NAVEGA. LEDS PARPADEANDO/NO AMARRA,INTERNET FIBRA 60MB,LOS ROJO,"ER, FUERA DE LINEA",2026-04-03,1500039,ACTIVO,BELO,485754438B8B3D8B,AC,INT20,,485754438B8B3D8B,,3.0,4929,-24.12598429062341
346183,2026-03-31,NO NAVEGA. LEDS PARPADEANDO/NO AMARRA,BASICO TV + INTERNET FIBRA 250MB ($399),LOS ROJO,nan,2026-04-01,1500047,ACTIVO,PRADOS VERDES,OPTI37B0A8C5,AC,BASINTF250,,OPTI37B0A8C5,,1.0,346183,-22.074223209876507
46567,2026-03-31,NO NAVEGA. LEDS PARPADEANDO/NO AMARRA,BASICO TV + INTERNET FIBRA 250MB ($399),LA SEÑAL CONTINUA MUY INESTABLE,MC POR TIPO DE FALLA SE REQUIERE VISITA,2026-04-06,1500503,ACTIVO,SANTIAGUITO,HWTCAF91200D,AC,BASINTF250,2026-10-03,HWTCAF91200D,-186.0,6.0,46567,-21.939456845238077
45873,2026-03-31,NO NAVEGA. LEDS FIJOS/RUIDO,BASICO TV + INTERNET FIBRA 250MB ($399),SEÑAL MUY LENTA,"ER, SE RECOMIENDA VISITA",2026-04-01,1500039,ACTIVO,PEDREGAL,XPONDD7EAA36,AC,BASINTF250,,XPONDD7EAA36,,1.0,45873,-22.658128072763024
347865,2026-03-31,NO NAVEGA. LEDS PARPADEANDO/NO AMARRA,INTERNET FIBRA 75MB,SIN SEÑAL,nan,2026-04-01,1500047,ACTIVO,PRADOS VERDES,HWTCAFAA181D,AC,INT30,2026-09-02,HWTCAFAA181D,-155.0,1.0,347865,-20.89438666666666
