CONTRATO,FECHA_PEDIDO,MOTIVO_PEDIDO,PAQUETE_x,DETALLE_PEDIDO1,DETALLE_PEDIDO2,FECHA_CUMPLIMIENTO,COD_TECNICO,ESTATUS_x,ZONA,MODEM(S)_x,ESTATUS_y,PAQUETE_y,FECHA_INSTALACION,MODEM(S)_y,DIAS_ANTIGUEDAD,DIAS_ATENCION,ont_id,rx_avg,serial_number,ont_model,software_version,description
45783,2026-03-01,NO NAVEGA. LEDS PARPADEANDO/NO AMARRA,BASICO TV + INTERNET FIBRA 250MB ($399),LOS ROJO,nan,2026-03-02,1500503,ACTIVO,SANTIAGUITO,HWTCAF3AC03A,AC,BASINTF250,2025-08-10,HWTCAF3AC03A,203.0,1.0,45783,-29.86692133131654,48575443AF3AC03A,CNA-ONU-4GE2WXCA,V1.7.1,45783_M
30723,2026-03-01,NO NAVEGA. LEDS PARPADEANDO/NO AMARRA,BASICO TV + INTERNET FIBRA 75MB,LOS ROJO,GT. NIVEL MUY BAJO,2026-03-02,1500374,ACTIVO,VIRREY,XPONDD396864,AC,BASINT30,,XPONDD396864,,1.0,30723,-22.517047184170583,58504F4EDD396864,MN-CATV2,V1.7.1,30723
43606,2026-03-01,NO NAVEGA. LEDS PARPADEANDO/NO AMARRA,INTERNET FIBRA 60MB,LOS ROJO,"ER, FUERA DE LINEA",2026-03-09,1500039,ACTIVO,PEDREGAL,OPTI37B0C8A5,AC,INT20,2023-10-11,OPTI37B0C8A5,872.0,8.0,43606,-31.195143805309723,4F50544937B0C8A5,IGD,0,43606
30858,2026-03-01,NO NAVEGA. LEDS FIJOS/RUIDO,INTERNET FIBRA 75MB,SIN ACCESO A LA RED,"ER, SE RECOMIENDA VISITA",2026-03-02,1500047,ACTIVO,PRADOS VERDES,XPONDD4CDDD2,AC,INT30,,XPONDD4CDDD2,,1.0,30858,-23.56344567901227,58504F4EDD4CDDD2,MN-WIFI2,V1.7.1,30858
46098,2026-03-01,NO NAVEGA. LEDS FIJOS/RUIDO,BASICO TV + INTERNET FIBRA 250MB ($399),NO TIENE ALCANCE LA RED,"ER, SE RECOMIENDA VISITA",2026-03-04,1500047,ACTIVO,PUNHUATO,HWTCAFAB2D07,AC,BASINTF250,2025-10-12,HWTCAFAB2D07,140.0,3.0,46098,-24.241882396449796,48575443AFAB2D07,CNA-ONU-4GE2WXCA,V1.7.1,46098
37392,2026-03-02,NO NAVEGA. LEDS FIJOS/RUIDO,INTERNET FIBRA 60MB,nan,"ER, FUERA DE LINEA REQUIERE VISITA",2026-03-03,1500047,ACTIVO,PRADOS VERDES,4857544347D15F9D,AC,INT20,,4857544347D15F9D,,1.0,37392,-22.04952839506174,4857544347D15F9D,546M,V3R016C10S130,37392
31368,2026-03-02,NO NAVEGA. LEDS PARPADEANDO/NO AMARRA,INTERNET FIBRA 60MB,LOS ROJO,"ER, FUERA DE LINEA",2026-03-03,1500039,ACTIVO,PEDREGAL,XPONDD3FCC0F,AC,INT20,,XPONDD3FCC0F,,1.0,31368,-26.583408308751338,58504F4EDD3FCC0F,MN-WIFI2,V1.7.1,31368
345083,2026-03-02,CAMBIO DE ACOMETIDA,INTERNET FIBRA 75MB,TIT ENTERADO DE CAMBIO DE ACOMETIDA SIN COSTO SOLICITA TEC DAVID E,nan,2026-03-03,1500039,ACTIVO,PEDREGAL,48575443142AD2A9,AC,INT30,,48575443142AD2A9,,1.0,345083,-27.639310471976337,48575443142AD2A9,HG8546M,V3R017C10S125,345083
32334,2026-03-02,NO NAVEGA. LEDS PARPADEANDO/NO AMARRA,BASICO TV + INTERNET FIBRA 75MB,FOCO ROJO,"ER, FUERA DE LINEA",2026-03-03,1500047,ACTIVO,PRADOS VERDES,XPONDD3FB5FF,AC,BASINT30,2017-04-10,XPONDD3FB5FF,3248.0,1.0,32334,-31.24783827160494,58504F4EDD3FB5FF,MN-CATV2,V1.7.1,32334
37322,2026-03-02,NO NAVEGA. LEDS FIJOS/RUIDO,INTERNET FIBRA 60MB,nan,REQUIERE VISITA DE FAVOR PARA QUE SE HAGA LA MIGRACION A FIBRA,2026-03-02,1500039,ACTIVO,PERIODISMO,XPONDD41EB83,AC,INT20,,XPONDD41EB83,,0.0,37322,-33.83126071608718,58504F4EDD41EB83,None,None,37322
3583,2026-03-02,NO NAVEGA. LEDS PARPADEANDO/NO AMARRA,BASICO TV + INTERNET FIBRA 75MB,NO TIENE ALCANCE,"ER, SE RECOMIENDA VISITA",2026-03-03,1500047,ACTIVO,MADERO,XPONDD3C41B0,AC,BASINT30,2014-08-03,XPONDD3C41B0,4229.0,1.0,3583,-21.78586740740747,58504F4EDD3C41B0,MN-CATV2,V1.7.1,3583
43143,2026-03-02,NO NAVEGA. LEDS PARPADEANDO/NO AMARRA,BASICO TV + INTERNET FIBRA 75MB,LOS ROJO,"ER, FUERA DE LINEA",2026-03-03,1500047,ACTIVO,PUNHUATO,XPONDD4382A3,AC,BASINT30,2023-10-08,XPONDD4382A3,876.0,1.0,43143,-25.173761094674546,58504F4EDD4382A3,MN-CATV2,V1.7.1,43143
30796,2026-03-02,NO NAVEGA. LEDS PARPADEANDO/NO AMARRA,INTERNET FIBRA 60MB,nan,"ER, PENDIENTE MIGRASION",2026-03-04,1500039,ACTIVO,PERIODISMO,XPONDD439E0B,AC,INT20,2017-04-04,XPONDD439E0B,3254.0,2.0,30796,-26.930835346215883,58504F4EDD439E0B,MN-WIFI2,V1.7.1,30796
46449,2026-03-02,NO NAVEGA. LEDS PARPADEANDO/NO AMARRA,BASICO TV + INTERNET FIBRA 250MB ($399),LOS ROJO AMBOS SERVICIOS,"ER, SE MANDA CONFIRMAR",2026-03-04,1500039,ACTIVO,PERIODISMO,HWTC500265B2,AC,BASINTF250,,HWTC500265B2,,2.0,46449,-21.11958162568307,48575443500265B2,CNA-ONU-2GE2WXCA,V1.7.1,46449
46579,2026-03-02,NO NAVEGA. LEDS PARPADEANDO/NO AMARRA,BASICO TV + INTERNET FIBRA 250MB ($399),LOS ROJO AMBOS SERVICIOS,"ER, NIVEL BAJO MENOS 31.80",2026-03-03,1500039,ACTIVO,PERIODISMO,HWTCAF9132FD,AC,BASINTF250,2026-02-03,HWTCAF9132FD,27.0,1.0,46579,-30.841896615158273,48575443AF9132FD,MONUV411,V2.4.12,46579
12983,2026-03-02,NO NAVEGA. LEDS FIJOS/RUIDO,BASICO TV + INTERNET FIBRA 60MB,CLIENTE COMENTA QUE NO CUENTA CON NINGUN SERVICIO,nan,2026-03-03,1500374,ACTIVO,VIRREY,XPONDD52DA5C,AC,BASINT20,,XPONDD52DA5C,,1.0,12983,-24.73504450583162,58504F4EDD52DA5C,MN-CATV2,V1.7.1,12983
38374,2026-03-02,NO NAVEGA. LEDS PARPADEANDO/NO AMARRA,BASICO TV + INTERNET FIBRA 60MB,LOS ROJO SIN SEÑAL EN AMBOS SERVICIOS,"ER, FUERA DE LINEA",2026-03-07,1500285,ACTIVO,VIRREY,OEMT3C1D2624,AC,BASINT20,,OEMT3C1D2624,,5.0,38374,-26.211333640270443,4F454D543C1D2624,DTXU-1GE+1FE+RFW,V6.2.25.RP,38374
23004,2026-03-02,NO NAVEGA. LEDS PARPADEANDO/NO AMARRA,BASICO TV + INTERNET FIBRA 45MB (NO VIGENTE),LOS ROJO,"ER, SE MANDA CONFIRMAR",2026-03-03,1500047,ACTIVO,MADERO,XPONDD3FC347,AC,BASINT10,,XPONDD3FC347,,1.0,23004,-24.270044715447195,58504F4EDD3FC347,MN-WIFI2,V1.7.1,23004
343435,2026-03-02,NO NAVEGA. LEDS PARPADEANDO/NO AMARRA,BASICO TV + INTERNET FIBRA 120MB,LOS ROJO,"ER, SE MANDA CONFIRMAR",2026-03-04,1501409,ACTIVO,PERIODISMO,XPONDD3FBB2F,AC,BASINT50,2023-05-08,XPONDD3FBB2F,1029.0,2.0,343435,-26.064520150273363,58504F4EDD3FBB2F,MN-CATV2,V1.7.1,343435
29339,2026-03-03,NO NAVEGA. LEDS PARPADEANDO/NO AMARRA,BASICO TV + INTERNET FIBRA 250MB ($399),LOS ROJO,"ER, REQUIERE VISITA",2026-03-05,1500285,ACTIVO,VIRREY,HWTCAF8FD2C5,AC,BASINTF250,,HWTCAF8FD2C5,,2.0,29339,-24.895725905463454,48575443AF8FD2C5,MONUV411,V2.4.12,29339
19654,2026-03-03,NO NAVEGA. LEDS PARPADEANDO/NO AMARRA,INTERNET FIBRA 75MB,SOLO PRENDE PWR,"ER, SE MANDA CONFIRMAR",2026-03-04,1501409,ACTIVO,PERIODISMO,48575443EFF9497F,AC,INT30,2021-08-09,48575443EFF9497F,1667.0,1.0,19654,-23.735181010928947,48575443EFF9497F,546M,V3R017C10S125,19654
46405,2026-03-03,NO NAVEGA. LEDS PARPADEANDO/NO AMARRA,BASICO TV + INTERNET FIBRA 250MB ($399),LOS FOCOS EN ROJO,"ER, FUERA DE LINEA",2026-03-05,1500039,ACTIVO,PERIODISMO,XPONDD91A0C6,AC,BASINTF250,2026-05-02,XPONDD91A0C6,-60.0,2.0,46405,-30.102732240437355,58504F4EDD91A0C6,MN-CATVDUALM,V1R007C00S001,46405
25678,2026-03-03,NO NAVEGA. LEDS FIJOS/RUIDO,BASICO TELECABLE FIBRA,nan,"ER, SE MANDA CONFIRMAR",2026-03-04,1501409,PENDIENTE DESCONEXION,PERIODISMO,XPONDD354112,nan,nan,,nan,,1.0,25678,-20.67004952185791,58504F4EDD354112,None,None,25678
44625,2026-03-03,NO NAVEGA. LEDS FIJOS/RUIDO,INTERNET FIBRA 60MB,nan,NO NAVEGA SEÑAL MUY INTERMITENTE REQUIERE VISITA TECNICA,2026-03-03,1500374,ACTIVO,VIRREY,XPONDD3E71A5,AC,INT20,2024-05-09,XPONDD3E71A5,663.0,0.0,44625,-29.253514426028474,58504F4EDD3E71A5,MN-WIFI2,V1.7.1,44625
46494,2026-03-03,NO NAVEGA. LEDS PARPADEANDO/NO AMARRA,BASICO TV + INTERNET FIBRA 250MB ($399),nan,"ER, FUERA DE LINEA",2026-03-04,1500374,ACTIVO,VIRREY,XPON2E1B577F,AC,BASINTF250,,XPON2E1B577F,,1.0,46494,-29.830699815838035,58504F4E2E1B577F,WK-3802AWC,V3.2.14,46494
45868,2026-03-03,NO NAVEGA. LEDS PARPADEANDO/NO AMARRA,INTERNET FIBRA 60MB,MODEM LEDS APAGADOS,"ER, VARIAS DESCONEXIONES",2026-03-04,1500047,ACTIVO,MADERO,XPONDD7E9EA6,AC,INT20,,XPONDD7E9EA6,,1.0,45868,-24.354187654320924,58504F4EDD7E9EA6,MN-CATVDUALM,V1R007C00S001,45868
6630,2026-03-03,NO NAVEGA. LEDS PARPADEANDO/NO AMARRA,BASICO TV + INTERNET FIBRA 250MB ($399),nan,"ER, FUERA DE LINEA",2026-03-04,1500047,ACTIVO,MADERO,XPONDD7EA106,AC,BASINTF250,,XPONDD7EA106,,1.0,6630,-25.502287654321137,58504F4EDD7EA106,MN-CATVDUALM,V1R007C00S001,6630
45319,2026-03-03,NO NAVEGA. LEDS PARPADEANDO/NO AMARRA,INTERNET FIBRA 60MB,"TIENE EL NIVEL BAJO, REQUIERE VISITA PAR QUE LO MEJOREN POR FAVOR","ER, NIVEL MENOS 33.80",2026-03-04,1500047,ACTIVO,PUNHUATO,XPONDD5FF504,AC,INT20,,XPONDD5FF504,,1.0,45319,-30.024674556213046,58504F4EDD5FF504,MN-WIFI2,V1R007C00S001,45319
45597,2026-03-03,NO NAVEGA. LEDS PARPADEANDO/NO AMARRA,INTERNET FIBRA 60MB,nan,"ER, FUERA DE LINEA",2026-03-04,1500047,ACTIVO,MADERO,HWTCAF3AE60E,AC,INT20,,HWTCAF3AE60E,,1.0,45597,-24.568798271604997,48575443AF3AE60E,CNA-ONU-4GE2WXCA,V1.7.1,45597
31368,2026-03-03,CAMBIO DE ACOMETIDA,INTERNET FIBRA 60MB,TIT ENTERADO DE CAMBIO DE ACOMETIDA SIN COSTO SOLICITA TEC DAVID E,nan,2026-03-03,1500039,ACTIVO,PEDREGAL,XPONDD3FCC0F,AC,INT20,,XPONDD3FCC0F,,0.0,31368,-26.583408308751338,58504F4EDD3FCC0F,MN-WIFI2,V1.7.1,31368
333368,2026-03-03,NO NAVEGA. LEDS FIJOS/RUIDO,BASICO TV + INTERNET FIBRA 75MB,REQUIERE VISITA,"ER, FUERA DE LINEA",2026-03-04,1500047,ACTIVO,MADERO,XPONDD3D8C69,AC,BASINT30,2013-12-11,XPONDD3D8C69,4465.0,1.0,333368,-26.87589506172846,58504F4EDD3D8C69,MN-CATV2,V1.7.1,333368
29346,2026-03-03,NO NAVEGA. LEDS PARPADEANDO/NO AMARRA,BASICO TV + INTERNET FIBRA 60MB,nan,nan,2026-03-04,1500039,ACTIVO,PERIODISMO,OEMT3C1D25D4,AC,BASINT20,,OEMT3C1D25D4,,1.0,29346,-18.652814207650245,4F454D543C1D25D4,DTXU-1GE+1FE+RFW,V6.2.25.RP,7892
22253,2026-03-03,NO NAVEGA. LEDS PARPADEANDO/NO AMARRA,BASICO TV + INTERNET FIBRA 250MB ($399),LOS ROJO,nan,2026-03-04,1500039,ACTIVO,PEDREGAL,HWTCAF9065DD,AC,BASINTF250,2016-11-01,HWTCAF9065DD,3409.0,1.0,22253,-18.948698377581135,48575443AF9065DD,MONUV411,V2.4.12,29346
5827,2026-03-03,NO NAVEGA. LEDS PARPADEANDO/NO AMARRA,BASICO TV + INTERNET FIBRA 60MB,nan,nan,2026-03-04,1500039,ACTIVO,PERIODISMO,XPONDD3C3958,AC,BASINT20,2014-10-04,XPONDD3C3958,4168.0,1.0,5827,-27.1979798497268,58504F4EDD3C3958,MONUV411,V2.4.12,22253
333813,2026-03-03,NO NAVEGA. LEDS PARPADEANDO/NO AMARRA,INTERNET FIBRA 75MB,LOS ROJO,nan,2026-03-04,1500047,ACTIVO,MADERO,XPONDD53001C,AC,INT30,2024-12-08,XPONDD53001C,450.0,1.0,333813,-23.57500493827155,58504F4EDD53001C,MN-WIFI2,V1.7.1,5827
46334,2026-03-03,NO NAVEGA. LEDS PARPADEANDO/NO AMARRA,INTERNET FIBRA 120MB,LOS ROJO,nan,2026-03-04,1500047,ACTIVO,MADERO,XPONDD41EE13,AC,INT50,2026-08-01,XPONDD41EE13,-151.0,1.0,46334,-26.05035555555573,58504F4EDD41EE13,MN-WIFI2,V1.7.1,333813
19624,2026-03-03,NO NAVEGA. LEDS PARPADEANDO/NO AMARRA,BASICO TV + INTERNET FIBRA 250MB ($399),LOS ROJO AMBOS SERVICIO,nan,2026-03-04,5555555,ACTIVO,MADERO,HWTCAF8FFE8D,AC,BASINTF250,2015-06-11,HWTCAF8FFE8D,3918.0,1.0,19624,-24.381105679012276,48575443AF8FFE8D,MONUV411,V2.4.12,46334
37971,2026-03-03,NO NAVEGA. LEDS PARPADEANDO/NO AMARRA,INTERNET FIBRA 75MB,LOS ROJO,"ER, VARIAS DESCONEXIONES",2026-03-08,1500039,ACTIVO,VISTA BELLA,4857544357202671,AC,INT30,2022-10-05,4857544357202671,1245.0,5.0,37971,-26.046997716895074,58504F4EDD7EA98E,MN-CATVDUALM,V1R007C00S001,19624
36480,2026-03-03,NO NAVEGA. LEDS PARPADEANDO/NO AMARRA,BASICO TV + INTERNET FIBRA 250MB ($399),LOS ROJO,nan,2026-03-04,1500047,ACTIVO,MADERO,XPONDD919B1E,AC,BASINTF250,,XPONDD919B1E,,1.0,36480,-28.18619753086415,58504F4EDD919B1E,MN-CATVDUALM,V1R007C00S001,nan
333748,2026-03-03,NO NAVEGA. LEDS FIJOS/RUIDO,BASICO TV + INTERNET FIBRA 250MB ($399),SEÑAL ESTA MUY INTERMITENTE LEDS VERDES PARPADEANDO,nan,2026-03-04,1500374,ACTIVO,VIRREY,XPON2E1B643F,AC,BASINTF250,2013-09-12,XPON2E1B643F,4555.0,1.0,333748,-24.439880294659343,58504F4E2E1B643F,WK-3802AWC,V3.2.14,36480
46612,2026-03-03,NO NAVEGA. LEDS PARPADEANDO/NO AMARRA,BASICO TV + INTERNET FIBRA 250MB ($399),SIN SEÑAL,"ER, SE RECOMIENDA VISITA",2026-03-05,1500285,ACTIVO,VIRREY,HWTCAF8FD649,AC,BASINTF250,2026-03-03,HWTCAF8FD649,0.0,2.0,46612,-25.991515463917676,48575443AF8FD649,MONUV411,V2.4.12,333748
46486,2026-03-03,NO NAVEGA. LEDS PARPADEANDO/NO AMARRA,BASICO TV + INTERNET FIBRA 250MB ($399),SIN SEÑAL,nan,2026-03-04,1500047,ACTIVO,MADERO,CDTCAFA3B282,AC,BASINTF250,2026-06-02,CDTCAFA3B282,-91.0,1.0,46486,-24.533893333333403,43445443AFA3B282,FD712GD-R850,V1.7.1,46612
37965,2026-03-04,NO NAVEGA. LEDS PARPADEANDO/NO AMARRA,INTERNET FIBRA 120MB,LOS ROJO,"ER, VARIAS DESCONEXIONES",2026-03-06,1500285,ACTIVO,VIRREY,XPONDD42BC83,AC,INT50,,XPONDD42BC83,,2.0,37965,-26.977756292203438,58504F4EDD42BC83,MN-WIFIDUAL,V1R007C00S001,46486
40472,2026-03-04,NO NAVEGA. LEDS PARPADEANDO/NO AMARRA,INTERNET FIBRA 75MB,LOS ROJO,"ER, FUERA DE LINEA",2026-03-04,1500039,ACTIVO,PERIODISMO,4857544387EF92A9,AC,INT30,2022-08-03,4857544387EF92A9,1309.0,0.0,40472,-22.889009562841526,4857544387EF92A9,HG8546M,V3R017C10S125,37965
3754,2026-03-04,NO NAVEGA. LEDS PARPADEANDO/NO AMARRA,BASICO TV + INTERNET FIBRA 60MB,nan,"ER, FUERA DE LINEA",2026-03-04,1500047,ACTIVO,PRADOS VERDES,XPONDD291B28,AC,BASINT20,2016-06-07,XPONDD291B28,3557.0,0.0,3754,-18.207942469135784,58504F4EDD291B28,BT-213XR,V1.2.11,40472
5207,2026-03-04,NO NAVEGA. LEDS FIJOS/RUIDO,BASICO TV + INTERNET FIBRA 250MB ($399),SE VA LA SEÑAL OCASIONALMENTE,"ER, SE RECOMIENDA VISITA",2026-03-05,1500285,ACTIVO,VIRREY,HWTCAFAB668B,AC,BASINTF250,2014-01-04,HWTCAFAB668B,4442.0,1.0,5207,-20.451220073664857,48575443AFAB668B,CNA-ONU-4GE2WXCA,V1.7.1,3754
10411,2026-03-04,NO NAVEGA. LEDS PARPADEANDO/NO AMARRA,BASICO TV + INTERNET FIBRA 250MB ($399),FOCO ROJO,"ER, FUERA DE LINEA",2026-03-05,1500047,ACTIVO,MADERO,HWTCAF8FFED5,AC,BASINTF250,,HWTCAF8FFED5,,1.0,10411,-25.56823682837767,48575443AF8FFED5,MONUV411,V2.4.12,5207
46343,2026-03-04,NO NAVEGA. LEDS PARPADEANDO/NO AMARRA,BASICO TV + INTERNET FIBRA 250MB ($399),LOS ROJO,"ER, FUERA DE LINEA",2026-03-06,1500047,ACTIVO,ATAPANEO,XPONDD91A876,AC,BASINTF250,,XPONDD91A876,,2.0,46343,-26.416152613412237,58504F4EDD91A876,MN-CATVDUALM,V1R007C00S001,10411
8218,2026-03-04,NO NAVEGA. LEDS PARPADEANDO/NO AMARRA,BASICO TV + INTERNET FIBRA 60MB,FOCO ROJO,"ER, FUERA DE LINEA",2026-03-05,1500047,ACTIVO,MADERO,XPONDD3C33E0,AC,BASINT20,,XPONDD3C33E0,,1.0,8218,-26.165454567901314,58504F4EDD3C33E0,MN-CATV2,V1.7.1,46343
2029,2026-03-04,NO NAVEGA. LEDS PARPADEANDO/NO AMARRA,BASICO TV + INTERNET FIBRA 120MB,FOCO ROJO,"ER, FUERA DE LINEA",2026-03-05,1500285,ACTIVO,VIRREY,HWTCAF91329D,AC,BASINT50,2014-04-02,HWTCAF91329D,4354.0,1.0,2029,-25.375802639656307,48575443AF91329D,MONUV411,V2.4.12,8218
42661,2026-03-04,NO NAVEGA. LEDS PARPADEANDO/NO AMARRA,INTERNET FIBRA 75MB,SIGUE SIN SEÑAL,"ER, REQUIERE VISITA",2026-03-05,1500285,ACTIVO,VIRREY,48575443486C0893,AC,INT30,2023-05-04,48575443486C0893,1035.0,1.0,42661,-25.884180478821527,58504F4EDD4C58E2,MN-WIFI2,V1.7.1,2029
42661,2026-03-04,NO NAVEGA. LEDS FIJOS/RUIDO,INTERNET FIBRA 75MB,REQUIERE VISITA,nan,2026-03-05,1500285,ACTIVO,VIRREY,48575443486C0893,AC,INT30,2023-05-04,48575443486C0893,1035.0,1.0,42661,-25.884180478821527,58504F4EDD4C58E2,MN-WIFI2,V1.7.1,nan
28347,2026-03-04,NO NAVEGA. LEDS PARPADEANDO/NO AMARRA,BASICO TV + INTERNET FIBRA 60MB,LOS ROJO,"ER, FUERA DE LINEA",2026-03-05,1500039,ACTIVO,PEDREGAL,XPONDD291630,AC,BASINT20,,XPONDD291630,,1.0,28347,-24.626396263520046,58504F4EDD291630,BT-213XR,V1.2.11,nan
37145,2026-03-04,EQUIPO DA?ADO,INTERNET FIBRA 75MB,TIT ENTERADO DE CAMBIO DE MODEM SIN COSTO SOLICITA TEC ULISES,nan,2026-03-05,1500285,ACTIVO,VIRREY,XPONDD7E9B2E,AC,INT30,,XPONDD7E9B2E,,1.0,37145,-40.0,48575443A9A8DBA9,BT-213XR,V1.2.11,28347
44014,2026-03-04,NO NAVEGA. LEDS PARPADEANDO/NO AMARRA,INTERNET FIBRA 120MB,LOS ROJO,nan,2026-03-06,1500285,ACTIVO,VIRREY,OPTI3387876D,AC,INT50,,OPTI3387876D,,2.0,44014,-28.79062308164543,4F5054493387876D,IGD,0,nan
334299,2026-03-04,NO NAVEGA. LEDS PARPADEANDO/NO AMARRA,BASICO TV + INTERNET FIBRA 250MB ($399),LOS  ROJO AMBOS SERVICIOD,"ER, FUERA DE LINEA",2026-03-06,1500285,ACTIVO,VIRREY,XPONDD7E9C16,AC,BASINTF250,,XPONDD7E9C16,,2.0,334299,-24.603620319214336,58504F4EDD7E9C16,MN-CATVDUALM,V1R007C00S001,44014
44824,2026-03-04,NO NAVEGA. LEDS PARPADEANDO/NO AMARRA,BASICO TV + INTERNET FIBRA 250MB ($399),LOS ROJO AMBOS ROJO,"GT.NIVEL BAJO, REQUIERE VISITA",2026-03-05,1500047,ACTIVO,MADERO,HWTCAF90654D,AC,BASINTF250,,HWTCAF90654D,,1.0,44824,-27.897996766607832,48575443AF90654D,MONUV411,V2.4.12,334299
44824,2026-03-04,NO NAVEGA. LEDS PARPADEANDO/NO AMARRA,BASICO TV + INTERNET FIBRA 250MB ($399),LOS ROJO AMBOS ROJO,"GT.NIVEL BAJO, REQUIERE VISITA",2026-03-05,1500047,ACTIVO,MADERO,HWTCAF90654D,AC,BASINTF250,,HWTCAF90654D,,1.0,44824,-27.897996766607832,48575443AF90654D,MONUV411,V2.4.12,44824
22253,2026-03-04,NO NAVEGA. LEDS PARPADEANDO/NO AMARRA,BASICO TV + INTERNET FIBRA 250MB ($399),SE ABRE OTRA  OS POR FALLA,nan,2026-03-05,1500039,ACTIVO,PEDREGAL,HWTCAF9065DD,AC,BASINTF250,2016-11-01,HWTCAF9065DD,3410.0,1.0,22253,-18.948698377581135,48575443AF9065DD,MONUV411,V2.4.12,44824
343653,2026-03-04,NO NAVEGA. LEDS PARPADEANDO/NO AMARRA,BASICO TV + INTERNET FIBRA 60MB,AMBOS SERVICIOS,"LOS ROJO. GT OFFLINE, REQUIERE VISITA",2026-03-05,1500285,ACTIVO,VIRREY,XPONDD303346,AC,BASINT20,,XPONDD303346,,1.0,343653,-20.548804481276875,58504F4EDD303346,MN-CATV2,V1.7.1,22253
46515,2026-03-04,NO NAVEGA. LEDS FIJOS/RUIDO,INTERNET FIBRA 75MB,SIN ACCESO,"GT.OFFLINE, REQUIERE VISITA",2026-03-05,1500047,ACTIVO,MADERO,XPONDD37BEBC,AC,INT30,2026-07-02,XPONDD37BEBC,-120.0,1.0,46515,-36.487120740740735,58504F4EDD37BEBC,MN-CATV2,V1.7.1,343653
7439,2026-03-05,NO NAVEGA. LEDS PARPADEANDO/NO AMARRA,BASICO TV + INTERNET FIBRA 45MB (NO VIGENTE),LOS ROJO,"GT.OFFLINE, REQUIERE VISITA",2026-03-05,1500039,ACTIVO,PEDREGAL,XPONDD6EF943,AC,BASINT10,,XPONDD6EF943,,0.0,7439,-27.28265732546703,58504F4EDD6EF943,MN-CATV2,V1R007C00S001,46515
38399,2026-03-05,NO NAVEGA. LEDS PARPADEANDO/NO AMARRA,INTERNET FIBRA 60MB,LOS ROJO,"GT.OFFLINE, REQUIERE VISITA",2026-03-06,1500047,ACTIVO,PRADOS VERDES,XPONDD45BAC2,AC,INT20,2021-12-05,XPONDD45BAC2,1551.0,1.0,38399,-28.309427160493954,58504F4EDD45BAC2,MN-WIFI2,V1.7.1,7439
43004,2026-03-05,NO NAVEGA. LEDS FIJOS/RUIDO,INTERNET FIBRA 75MB,nan,TIENE NIVEL BAJO MENOS 31 PUNTO 54,2026-03-12,1500046,ACTIVO,PERIODISMO,XPONDD41E643,AC,INT30,,XPONDD41E643,,7.0,43004,-31.03795081967224,58504F4EDD41E643,MN-WIFI2,V1.7.1,38399
42661,2026-03-05,EQUIPO DA?ADO,INTERNET FIBRA 75MB,CLIENTE ENTERADA CAMBIO DE EQUIPO SIN COSTO ULISES,nan,2026-03-06,1500285,ACTIVO,VIRREY,48575443486C0893,AC,INT30,2023-05-04,48575443486C0893,1036.0,1.0,42661,-25.884180478821527,58504F4EDD4C58E2,MN-WIFI2,V1.7.1,43004
46074,2026-03-05,NO NAVEGA. LEDS FIJOS/RUIDO,INTERNET FIBRA 75MB,NO NAVEGA REQUIERE VISITA TECNICA,GT.SE ENVIA A CC,2026-03-10,1500039,ACTIVO,PERIODISMO,XPONDD3E6E75,AC,INT30,,XPONDD3E6E75,,5.0,46074,-25.187175546448255,58504F4EDD3E6E75,MN-WIFI2,V1.7.1,nan
8218,2026-03-05,CAMBIO DE ACOMETIDA,BASICO TV + INTERNET FIBRA 60MB,TIT ENTERADO DE CAMBIO DE ACOMETIDA SIN COSTO SOLICITA TEC DANIEL G,nan,2026-03-05,1500047,ACTIVO,MADERO,XPONDD3C33E0,AC,BASINT20,,XPONDD3C33E0,,0.0,8218,-26.165454567901314,58504F4EDD3C33E0,MN-CATV2,V1.7.1,344646
22253,2026-03-05,EQUIPO DA?ADO,BASICO TV + INTERNET FIBRA 250MB ($399),TEC SOLICITA,nan,2026-03-05,1500039,ACTIVO,PEDREGAL,HWTCAF9065DD,AC,BASINTF250,2016-11-01,HWTCAF9065DD,3411.0,0.0,22253,-18.948698377581135,48575443AF9065DD,MONUV411,V2.4.12,46074
30796,2026-03-05,NO NAVEGA. LEDS PARPADEANDO/NO AMARRA,INTERNET FIBRA 60MB,LOS ROJO,"GT.OFFLINE, REQUIERE VISITA",2026-03-09,1500039,ACTIVO,PERIODISMO,XPONDD439E0B,AC,INT20,2017-04-04,XPONDD439E0B,3257.0,4.0,30796,-26.930835346215883,58504F4EDD439E0B,MN-WIFI2,V1.7.1,8218
37145,2026-03-05,NO NAVEGA. LEDS FIJOS/RUIDO,INTERNET FIBRA 75MB,REQUIERE VISITA,GT.NIVEL BAJO,2026-03-06,1500285,ACTIVO,VIRREY,XPONDD7E9B2E,AC,INT30,,XPONDD7E9B2E,,1.0,37145,-40.0,48575443A9A8DBA9,MONUV411,V2.4.12,22253
37145,2026-03-05,NO NAVEGA. LEDS PARPADEANDO/NO AMARRA,INTERNET FIBRA 75MB,TIENE NIVEL BAJO,"GT.NIVEL BAJO, LE GENERARON DOBLE OS",2026-03-06,1500285,ACTIVO,VIRREY,XPONDD7E9B2E,AC,INT30,,XPONDD7E9B2E,,1.0,37145,-40.0,48575443A9A8DBA9,MN-WIFI2,V1.7.1,30796
29693,2026-03-05,NO NAVEGA. LEDS PARPADEANDO/NO AMARRA,INTERNET EXTREME (NO VIGENTE),CABLES REVENTADOS,"ER, FUERA DE LINEA",2026-03-06,1500047,ACTIVO,MADERO,904CE5653FFC,AC,IESEP,2017-04-01,904CE5653FFC,3260.0,1.0,nan,,nan,nan,nan,nan
46405,2026-03-05,CAMBIO DE ACOMETIDA,BASICO TV + INTERNET FIBRA 250MB ($399),CLIENTE ENTERADO DAVID E,nan,2026-03-05,1500039,ACTIVO,PERIODISMO,XPONDD91A0C6,AC,BASINTF250,2026-05-02,XPONDD91A0C6,-58.0,0.0,46405,-30.102732240437355,58504F4EDD91A0C6,MN-CATVDUALM,V1R007C00S001,nan
29339,2026-03-05,EQUIPO DA?ADO,BASICO TV + INTERNET FIBRA 250MB ($399),TEC SOLICITA,nan,2026-03-05,1500285,ACTIVO,VIRREY,HWTCAF8FD2C5,AC,BASINTF250,,HWTCAF8FD2C5,,0.0,29339,-24.895725905463454,48575443AF8FD2C5,MONUV411,V2.4.12,nan
16017,2026-03-05,NO NAVEGA. LEDS PARPADEANDO/NO AMARRA,BASICO TV + INTERNET FIBRA 120MB,LOS ROJO,"ER, NIVEL BAJO 30.00",2026-03-06,1500047,ACTIVO,MADERO,BTPTDD251BD7,AC,BASINT50,,BTPTDD251BD7,,1.0,16017,-30.41500493827158,42545054DD251BD7,BT-213XR,V1.2.6,46405
1431,2026-03-05,NO NAVEGA. LEDS PARPADEANDO/NO AMARRA,BASICO TV + INTERNET FIBRA 250MB ($399),INTERMITENTE,"ER, SE MANDA CONFIRMAR",2026-03-06,1500047,ACTIVO,PRADOS VERDES,HWTC50026402,AC,BASINTF250,2021-04-06,HWTC50026402,1794.0,1.0,1431,-18.6180762962963,4857544350026402,CNA-ONU-2GE2WXCA,V1.7.1,29339
3313,2026-03-05,NO NAVEGA. LEDS PARPADEANDO/NO AMARRA,INTERNET FIBRA 75MB,LOS ROJO,GT. DESCONEXIONES Y CAIDA DE NIVEL,2026-03-06,1500285,ACTIVO,VIRREY,48575443D0963F5B,AC,INT30,2017-06-11,48575443D0963F5B,3189.0,1.0,3313,-20.72674186617559,48575443D0963F5B,HG8546M,V5R019C00S050,16017
27356,2026-03-05,NO NAVEGA. LEDS PARPADEANDO/NO AMARRA,BASICO TV + INTERNET FIBRA 250MB ($399),LOS ROJO,"ER, NIVEL BAJO MENOS 28.24",2026-03-06,1500047,ACTIVO,MADERO,HWTCAF8FEA4D,AC,BASINTF250,2026-05-03,HWTCAF8FEA4D,-59.0,1.0,27356,-27.99605712603059,48575443AF8FEA4D,MONUV411,V2.4.12,1431
7439,2026-03-05,CAMBIO DE ACOMETIDA,BASICO TV + INTERNET FIBRA 45MB (NO VIGENTE),TIT ACEPTA CAMBIO DE ACOMETIDA SIN COSTO TEC DAVID E,nan,2026-03-05,1500039,ACTIVO,PEDREGAL,XPONDD6EF943,AC,BASINT10,,XPONDD6EF943,,0.0,7439,-27.28265732546703,58504F4EDD6EF943,MN-CATV2,V1R007C00S001,3313
43143,2026-03-05,NO NAVEGA. LEDS PARPADEANDO/NO AMARRA,BASICO TV + INTERNET FIBRA 75MB,LOS ROJO,"ER, SE MANDA CONFIRMAR",2026-03-06,1500047,ACTIVO,PUNHUATO,XPONDD4382A3,AC,BASINT30,2023-10-08,XPONDD4382A3,879.0,1.0,43143,-25.173761094674546,58504F4EDD4382A3,MN-CATV2,V1.7.1,27356
40948,2026-03-05,NO NAVEGA. LEDS PARPADEANDO/NO AMARRA,INTERNET FIBRA 120MB,TIENE EQUIPO XPONDD3FB3C7 SIN SEÑAL,"ER, VARIAS DESCONEXIONES",2026-03-11,1500046,ACTIVO,PERIODISMO,XPONDD3FB3C7,AC,INT50,2022-08-06,XPONDD3FB3C7,1307.0,6.0,40948,-40.0,58504F4EDD3FB3C7,MN-CATV2,V1.7.1,7439
7401,2026-03-06,NO NAVEGA. LEDS FIJOS/RUIDO,INTERNET FIBRA 75MB,CAMION TIRO ACOMETIDA,"ER, FUERA DE LINEA",2026-03-10,1500039,ACTIVO,PERIODISMO,48575443DD5BB09B,AC,INT30,,48575443DD5BB09B,,4.0,7401,-26.311552254098483,48575443DD5BB09B,HG8546M,V3R017C10S125,43143
46515,2026-03-06,NO NAVEGA. LEDS PARPADEANDO/NO AMARRA,INTERNET FIBRA 75MB,nan,"ER, FUERA DE LINEA",2026-03-08,1500039,ACTIVO,MADERO,XPONDD37BEBC,AC,INT30,2026-07-02,XPONDD37BEBC,-118.0,2.0,46515,-36.487120740740735,58504F4EDD37BEBC,MN-CATV2,V1.7.1,40948
41475,2026-03-06,NO NAVEGA. LEDS PARPADEANDO/NO AMARRA,INTERNET FIBRA 60MB,nan,"ER, FUERA DE LINEA",2026-03-08,1500039,ACTIVO,MADERO,XPONDD531184,AC,INT20,2022-01-09,XPONDD531184,1517.0,2.0,41475,-31.377914814814797,58504F4EDD531184,MN-WIFI2,V1.7.1,7401
43911,2026-03-06,NO NAVEGA. LEDS FIJOS/RUIDO,BASICO TV + INTERNET FIBRA 60MB,MODEM FLOJO,"GT, CAIDAS DE NIVEL, REQUIERE VISITA",2026-03-07,1500285,ACTIVO,VIRREY,OPTI38BFC61D,AC,BASINT20,,OPTI38BFC61D,,1.0,43911,-24.255790362185337,4F50544938BFC61D,IGD,0,46515
44356,2026-03-06,NO NAVEGA. LEDS PARPADEANDO/NO AMARRA,INTERNET FIBRA 75MB,LOS ROJO,"ER, SE MANDA CONFIRMAR",2026-03-07,1500046,ACTIVO,PEDREGAL,XPONDD4C53BA,AC,INT30,2024-11-06,XPONDD4C53BA,485.0,1.0,44356,-24.133549655850505,58504F4EDD4C53BA,MN-WIFI2,V1.7.1,41475
2029,2026-03-06,EQUIPO DA?ADO,BASICO TV + INTERNET FIBRA 120MB,SOLICITA ING SIN COSTO,nan,2026-03-07,1500285,ACTIVO,VIRREY,HWTCAF91329D,AC,BASINT50,2014-04-02,HWTCAF91329D,4356.0,1.0,2029,-25.375802639656307,48575443AF91329D,MONUV411,V2.4.12,43911
5572,2026-03-06,NO NAVEGA. LEDS PARPADEANDO/NO AMARRA,BASICO TV + INTERNET FIBRA 60MB,FOCO ROJO,"ER, SE MANDAN CONFIRMAR",2026-03-07,1500046,ACTIVO,PEDREGAL,XPONDD590CC0,AC,BASINT20,,XPONDD590CC0,,1.0,5572,-21.615373647984242,58504F4EDD590CC0,MN-CATV2,V1.7.1,44356
46611,2026-03-06,NO NAVEGA. LEDS PARPADEANDO/NO AMARRA,BASICO TV + INTERNET FIBRA 250MB ($399),LOS ROJO,"ER, SE MANDA CONFIRMAR",2026-03-07,1501409,ACTIVO,PEDREGAL,HWTC50026612,AC,BASINTF250,,HWTC50026612,,1.0,46611,-22.956839970501484,4857544350026612,CNA-ONU-2GE2WXCA,V1.7.1,2029
46517,2026-03-06,NO NAVEGA. LEDS PARPADEANDO/NO AMARRA,INTERNET FIBRA 60MB,nan,"GT.OFFLINE, REQUIERE VISITA",2026-03-07,1500285,ACTIVO,VIRREY,HWTCAFAA0CE9,AC,INT20,2026-09-02,HWTCAFAA0CE9,-180.0,1.0,46517,-24.28183087783937,48575443AFAA0C05,CNA-ONU-4GE2WX,V1.7.1,5572
42795,2026-03-06,NO NAVEGA. LEDS PARPADEANDO/NO AMARRA,INTERNET FIBRA 60MB,FOCO ROJO,nan,2026-03-07,1500285,ACTIVO,VIRREY,XPONDD3FCBE7,AC,INT20,,XPONDD3FCBE7,,1.0,42795,-26.013420810313097,58504F4EDD3FCBE7,MN-WIFI2,V1.7.1,46611
351965,2026-03-06,NO NAVEGA. LEDS PARPADEANDO/NO AMARRA,BASICO TV + INTERNET FIBRA 250MB ($399),LOS ROJO,"ER, SE MANDA CONFIRMAR",2026-03-07,1500046,CORTADO,PEDREGAL,XPONDD7E9E1E,CO,BASINTF250,,XPONDD7E9E1E,,1.0,351965,-30.3872246804326,58504F4EDD7E9E1E,nan,nan,nan
347282,2026-03-06,NO NAVEGA. LEDS PARPADEANDO/NO AMARRA,INTERNET FIBRA 60MB,nan,"ER, SE MANDA CONFIRMAR",2026-03-07,1501409,ACTIVO,VIRREY,nan,AC,INT20,2017-02-08,nan,3313.0,1.0,347282,-24.18181860036851,58504F4EDD5CABF6,MN-WIFI2,V1.7.1,42795
45193,2026-03-06,NO NAVEGA. LEDS PARPADEANDO/NO AMARRA,INTERNET FIBRA 75MB,nan,"ER, SE MANDA CONFIRMAR",2026-03-08,1500285,ACTIVO,PRADOS VERDES,HWTC1DD87014,AC,INT30,2025-08-04,HWTC1DD87014,214.0,2.0,45193,-22.128825925925838,485754431DD87014,CNA-ONU-4GE2WX,V1.7.1,351965
45605,2026-03-06,NO NAVEGA. LEDS PARPADEANDO/NO AMARRA,BASICO TV + INTERNET FIBRA 250MB ($399),nan,"ER, SE MANDA CONFIRMAR",2026-03-08,1500285,ACTIVO,PRADOS VERDES,HWTCAF3AFE92,AC,BASINTF250,2025-03-09,HWTCAF3AFE92,362.0,2.0,45605,-19.05944913580253,48575443AF3AFE92,CNA-ONU-4GE2WXCA,V1.7.1,nan
348437,2026-03-06,NO NAVEGA. LEDS PARPADEANDO/NO AMARRA,BASICO TV + INTERNET XTREME (NO VIGENTE),LOS ROJO SIN SEÑAL EN AMBOS SERVICIOS,"ER, SE MANDA CONFIRMAR",2026-03-07,1501409,ACTIVO,VIRREY,XPONDD353F7A,AC,BASIESEP,,XPONDD353F7A,,1.0,348437,-20.700810313075532,58504F4EDD353F7A,MN-CATV2,V1.7.1,45193
3848,2026-03-06,NO NAVEGA. LEDS PARPADEANDO/NO AMARRA,BASICO TV + INTERNET NAVEGA (NO VIGENTE),nan,"ER, REQUIERE VISITA PARA MIGRACION",2026-03-09,1500039,ACTIVO,PERIODISMO,C03F0EA13EF6,AC,BASIESE,,C03F0EA13EF6,,3.0,nan,,48575443AF3AFE92,CNA-ONU-4GE2WXCA,V1.7.1,45605
46581,2026-03-06,NO NAVEGA. LEDS PARPADEANDO/NO AMARRA,BASICO TV + INTERNET FIBRA 250MB ($399),LOS ROJO,"ER, FUERA DE LINEA",2026-03-07,1500285,PENDIENTE DESCONEXION,VIRREY,nan,PD,BASINTF250,2026-05-03,nan,-58.0,1.0,nan,,58504F4EDD353F7A,MN-CATV2,V1.7.1,348437
39838,2026-03-06,NO NAVEGA. LEDS PARPADEANDO/NO AMARRA,BASICO TV + INTERNET FIBRA 75MB,nan,"ER, NIVEL POCO BAJO MENOS 27. 70",2026-03-07,1500285,ACTIVO,BELO,XPONDD2BD456,AC,BASINT30,,XPONDD2BD456,,1.0,39838,-27.079731222385874,58504F4EDD2BD456,BT-213XR,V1.2.16SP,nan
36940,2026-03-06,NO NAVEGA. LEDS PARPADEANDO/NO AMARRA,INTERNET FIBRA 60MB,LOS ROJO,"ER, SE MANDA CONFIRMAR",2026-03-08,1500046,ACTIVO,PERIODISMO,HWTC5002659A,AC,INT20,2020-05-09,HWTC5002659A,2127.0,2.0,36940,-25.007557077625567,485754435002659A,CNA-ONU-2GE2WXCA,V1.7.1,nan
37727,2026-03-06,NO NAVEGA. LEDS PARPADEANDO/NO AMARRA,INTERNET NAVEGA (NO VIGENTE),LOS ROJO,"ER, SE MANDA CONFIRMAR",2026-03-09,1500039,ACTIVO,PERIODISMO,E8ED05E896B2,AC,IESE,,E8ED05E896B2,,3.0,nan,,58504F4EDD2BD456,BT-213XR,V1.2.16SP,39838
45093,2026-03-06,NO NAVEGA. LEDS FIJOS/RUIDO,BASICO TV + INTERNET FIBRA 250MB ($399),INTERMITENTE,"ER, SE RECOMIENDA VISITA",2026-03-08,1500039,ACTIVO,VISTA BELLA,XPONDD7E9BFE,AC,BASINTF250,,XPONDD7E9BFE,,2.0,45093,-24.963912988330794,58504F4EDD7E9BFE,MN-CATVDUALM,V1R007C00S001,36940
45093,2026-03-06,NO NAVEGA. LEDS FIJOS/RUIDO,BASICO TV + INTERNET FIBRA 250MB ($399),INTERMITENTE,"ER, SE RECOMIENDA VISITA",2026-03-08,1500039,ACTIVO,VISTA BELLA,XPONDD7E9BFE,AC,BASINTF250,,XPONDD7E9BFE,,2.0,45093,-24.963912988330794,58504F4EDD7E9BFE,MN-CATVDUALM,V1R007C00S001,nan
32704,2026-03-06,NO NAVEGA. LEDS FIJOS/RUIDO,BASICO TV + INTERNET FIBRA 60MB,LEDS VERDES FIJOS SIN SEÑAL,"ER, SE MANDA CONFIRMAR",2026-03-09,1500039,ACTIVO,PERIODISMO,HTWC500292CA,AC,BASINT20,,HTWC500292CA,,3.0,32704,-26.46349926253682,48575443500292CA,CNA-ONU-2GE2WXCA,V1.7.1,45093
40905,2026-03-06,NO NAVEGA. LEDS PARPADEANDO/NO AMARRA,INTERNET FIBRA 60MB,LOS ROJO,"ER, FUERA DE LINEA",2026-03-11,1500046,ACTIVO,PERIODISMO,485754439B8CB26F,AC,INT20,2022-07-06,485754439B8CB26F,1339.0,5.0,40905,-24.66376304023854,485754439B8CB26F,546M,V3R016C10S130,45093
33837,2026-03-07,NO NAVEGA. LEDS PARPADEANDO/NO AMARRA,INTERNET NAVEGA (NO VIGENTE),nan,"ER, REQUIERE VISITA RUIDO UPSTREAM",2026-03-10,1500039,ACTIVO,PERIODISMO,C43DC76BC0E8,AC,IESE,2018-03-05,C43DC76BC0E8,2924.0,3.0,nan,,48575443500292CA,CNA-ONU-2GE2WXCA,V1.7.1,32704
22726,2026-03-07,NO NAVEGA. LEDS PARPADEANDO/NO AMARRA,INTERNET NAVEGA (NO VIGENTE),nan,"ER, REQUIERE VIISTA PARA MIGRACION",2026-03-08,1500186,ACTIVO,PERIODISMO,204E7F09583C,AC,IESE,,204E7F09583C,,1.0,nan,,485754439B8CB26F,546M,V3R016C10S130,40905
33716,2026-03-07,NO NAVEGA. LEDS PARPADEANDO/NO AMARRA,INTERNET NAVEGA (NO VIGENTE),LOS ROJO,"ER, PENDIENTE DE MIGRACION",2026-03-10,1500039,ACTIVO,PERIODISMO,C43DC76BD5E2,AC,IESE,,C43DC76BD5E2,,3.0,nan,,nan,nan,nan,nan
8464,2026-03-07,NO NAVEGA. LEDS PARPADEANDO/NO AMARRA,INTERNET NAVEGA (NO VIGENTE),SIN CONEXION,"ER, REQUIERE VISTA PARA MIGRACION",2026-03-08,1500046,ACTIVO,PERIODISMO,C43DC76C1052,AC,IESE,,C43DC76C1052,,1.0,nan,,nan,nan,nan,nan
37403,2026-03-07,NO NAVEGA. LEDS PARPADEANDO/NO AMARRA,INTERNET NAVEGA (NO VIGENTE),nan,REQUIERE VISITA PARA MIGRACION,2026-03-10,1500039,ACTIVO,PERIODISMO,E0469A8DF14,AC,IESE,2020-01-12,E0469A8DF14,2246.0,3.0,nan,,nan,nan,nan,nan
41170,2026-03-07,NO NAVEGA. LEDS FIJOS/RUIDO,BASICO TV + INTERNET FIBRA 75MB,nan,"ER, NIVEL BAJO MENOS 28.54",2026-03-08,1500039,ACTIVO,MADERO,XPONDD3F5A17,AC,BASINT30,2022-05-07,XPONDD3F5A17,1400.0,1.0,41170,-28.387025925926125,58504F4EDD3F5A17,MN-CATV2,V1.7.1,nan
46454,2026-03-07,NO NAVEGA. LEDS PARPADEANDO/NO AMARRA,INTERNET FIBRA 60MB,FOCO ROJO,JE FUERA DE LINEA REQUIERE VISITA,2026-03-10,1500503,ACTIVO,SANTIAGUITO,HWTCAFAA0BC9,AC,INT20,2026-07-02,HWTCAFAA0BC9,-117.0,3.0,46454,-28.447324760463907,nan,nan,nan,nan
42904,2026-03-07,NO NAVEGA. LEDS PARPADEANDO/NO AMARRA,BASICO TV + INTERNET FIBRA 250MB ($399),AMBOS SERVICIOS,"ER, NIVEL BAJO MENOS 31.54",2026-03-09,1500285,ACTIVO,VIRREY,XPONDD3E5BA9,AC,BASINTF250,2023-02-06,XPONDD3E5BA9,1125.0,2.0,42904,-27.64477593615726,58504F4EDD3E5BA9,MN-CATV2,V1.7.1,41170
32318,2026-03-07,NO NAVEGA. LEDS PARPADEANDO/NO AMARRA,BASICO TV + INTERNET FIBRA 45MB (NO VIGENTE),REQUIERE VISITA,ER UPSTREAM BAJO,2026-03-08,1500186,ACTIVO,PERIODISMO,"204E7F096FED, XPONDD290608",AC,BASINT10,,"204E7F096FED, XPONDD290608",,1.0,32318,-28.5007741477272,58504F4EDD290608,BT-213XR,V1.2.11,46454_M
10387,2026-03-07,NO NAVEGA. LEDS PARPADEANDO/NO AMARRA,INTERNET FIBRA 150MB,nan,PIDE VISITA POR INTERMITENCIAS,2026-03-09,1500285,ACTIVO,VIRREY,485754435384A39B,AC,INT100,,485754435384A39B,,2.0,10387,-19.46826273787601,485754435384A39B,HS8546V,V3R017C10S138,42904
37733,2026-03-07,NO NAVEGA. LEDS PARPADEANDO/NO AMARRA,INTERNET EXTREME (NO VIGENTE),LOS ROJO,"GT, UPS BAJO",2026-03-10,1500039,ACTIVO,PERIODISMO,E8ED05E93A12,AC,IESEP,,E8ED05E93A12,,3.0,nan,,58504F4EDD290608,BT-213XR,V1.2.11,32318
10788,2026-03-07,NO NAVEGA. LEDS FIJOS/RUIDO,BASICO TV + INTERNET NAVEGA (NO VIGENTE),SIGUE SIN SEÑAL,GT.UPS ALTO Y RUIDO BAJO,2026-03-09,1500039,ACTIVO,PERIODISMO,F07BCB26D523,AC,BASIESE,,F07BCB26D523,,2.0,nan,,485754435384A39B,HS8546V,V3R017C10S138,10387
343554,2026-03-07,NO NAVEGA. LEDS PARPADEANDO/NO AMARRA,BASICO TV + INTERNET NAVEGA (NO VIGENTE),LOS ROJO AMBOS SERVICIO,"GT, SE ENVIA A CC",2026-03-08,1500046,ACTIVO,PERIODISMO,30469A4CEB54,AC,BASIESE,,30469A4CEB54,,1.0,nan,,nan,nan,nan,nan
16476,2026-03-07,NO NAVEGA. LEDS PARPADEANDO/NO AMARRA,INTERNET NAVEGA (NO VIGENTE),LOS ROJO,GT.UPS BAJO,2026-03-10,1500039,ACTIVO,PERIODISMO,0024B2C29353,AC,IESE,,0024B2C29353,,3.0,nan,,nan,nan,nan,nan
24968,2026-03-07,NO NAVEGA. LEDS PARPADEANDO/NO AMARRA,INTERNET NAVEGA (NO VIGENTE),LOS ROJO,GT.UPS BAJO,2026-03-08,1500186,ACTIVO,PERIODISMO,6CB0CECA57F8,AC,IESE,,6CB0CECA57F8,,1.0,nan,,nan,nan,nan,nan
14235,2026-03-07,NO NAVEGA. LEDS PARPADEANDO/NO AMARRA,INTERNET EXTREME (NO VIGENTE),LOS ROJO,GT.REQUIERE VISITA,2026-03-08,1500186,ACTIVO,PERIODISMO,204E7F09522E,AC,IESEP,,204E7F09522E,,1.0,nan,,nan,nan,nan,nan
37433,2026-03-07,NO NAVEGA. LEDS PARPADEANDO/NO AMARRA,INTERNET EXTREME (NO VIGENTE),LOS FOCOS DE ENTRADA Y SALIDA ESTAN EN ROJO,GT.UPS BAJO,2026-03-10,1500039,ACTIVO,PERIODISMO,14ABF0331802,AC,IESEP,2020-03-12,14ABF0331802,2186.0,3.0,nan,,nan,nan,nan,nan
30871,2026-03-07,NO NAVEGA. LEDS PARPADEANDO/NO AMARRA,INTERNET NAVEGA (NO VIGENTE),nan,nan,2026-03-07,1500046,ACTIVO,PERIODISMO,C43DC763389C,AC,IESE,2017-06-04,C43DC763389C,3198.0,0.0,nan,,nan,nan,nan,nan
37158,2026-03-07,NO NAVEGA. LEDS PARPADEANDO/NO AMARRA,INTERNET NAVEGA (NO VIGENTE),SIGUE SIN SEÑAL,GT.REQUIERE VISITA,2026-03-09,1500039,ACTIVO,PERIODISMO,200CC8E4BA20,AC,IESE,2020-12-10,200CC8E4BA20,1913.0,2.0,nan,,nan,nan,nan,nan
31414,2026-03-07,NO NAVEGA. LEDS PARPADEANDO/NO AMARRA,INTERNET NAVEGA (NO VIGENTE),LOS ROJO,GT.UPS BAJO,2026-03-10,1500039,ACTIVO,PERIODISMO,E0469A858A9E,AC,IESE,,E0469A858A9E,,3.0,nan,,nan,nan,nan,nan
32470,2026-03-07,NO NAVEGA. LEDS PARPADEANDO/NO AMARRA,INTERNET FIBRA 45MB (NO VIGENTE),REQUIERE VISITA PARA MIGRACION,nan,2026-03-11,1500046,ACTIVO,PERIODISMO,HWTCAFA9FD35,AC,INT10,,HWTCAFA9FD35,,4.0,32470,-29.29749738766976,48575443AFA9FD35,CNA-ONU-4GE2WX,V1.7.1,nan
32110,2026-03-07,NO NAVEGA. LEDS FIJOS/RUIDO,INTERNET NAVEGA (NO VIGENTE),nan,GT.SE ENVIA A CC,2026-03-08,1501365,ACTIVO,PERIODISMO,204E7F116E6B,AC,IESE,2017-11-09,204E7F116E6B,3040.0,1.0,32110,-23.959186289120684,nan,nan,nan,nan
45796,2026-03-07,NO NAVEGA. LEDS PARPADEANDO/NO AMARRA,BASICO TV + INTERNET FIBRA 250MB ($399),FALLA SERVICIO  INTERNET DESDE HACE 2 DIAS.,nan,2026-03-10,1500047,CORTADO,PUNHUATO,HWTCAF3AAF42,CO,BASINTF250,2025-07-10,HWTCAF3AAF42,240.0,3.0,45796,-35.394667159763344,48575443AF3AAF42,CNA-ONU-4GE2WX,V1.7.1,32470
37710,2026-03-07,NO NAVEGA. LEDS PARPADEANDO/NO AMARRA,INTERNET NAVEGA (NO VIGENTE),REQUIERE VISITA TIENE NIVEL DEL RUIDO BAJO,GT. UPS BAJO,2026-03-08,1500186,ACTIVO,PERIODISMO,E8ED05F83862,AC,IESE,,E8ED05F83862,,1.0,nan,,nan,nan,nan,nan
8208,2026-03-07,NO NAVEGA. LEDS PARPADEANDO/NO AMARRA,INTERNET FIBRA 75MB,SE ENCUENTRA FEURA DE LINEA REQUIERE VISITA,GT.OFFLINE,2026-03-08,1500285,ACTIVO,PEDREGAL,XPONDD4CD9B2,AC,INT30,2024-02-07,XPONDD4CD9B2,759.0,1.0,8208,-40.0,58504F4EDD4CD9B2,None,None,45796
36939,2026-03-07,NO NAVEGA. LEDS PARPADEANDO/NO AMARRA,INTERNET NAVEGA (NO VIGENTE),LOS ROJO,GT.UPS BAJO,2026-03-10,1500039,BAJA,PERIODISMO,nan,BA,IESE,,nan,,3.0,nan,,nan,nan,nan,nan
37628,2026-03-07,NO NAVEGA. LEDS PARPADEANDO/NO AMARRA,INTERNET EXTREME (NO VIGENTE),SIGUE SIN SEÑAL,nan,2026-03-08,1500186,CORTADO,PERIODISMO,14ABF0048AC2,CO,IESEP,,14ABF0048AC2,,1.0,nan,,58504F4EDD4CD9B2,None,None,8208
1431,2026-03-07,NO NAVEGA. LEDS PARPADEANDO/NO AMARRA,BASICO TV + INTERNET FIBRA 250MB ($399),SIGUE SIN SEÑAL,GT.DESCONEXIONES,2026-03-08,1500285,ACTIVO,PRADOS VERDES,HWTC50026402,AC,BASINTF250,2021-04-06,HWTC50026402,1796.0,1.0,1431,-18.6180762962963,4857544350026402,CNA-ONU-2GE2WXCA,V1.7.1,nan
29964,2026-03-07,NO NAVEGA. LEDS PARPADEANDO/NO AMARRA,INTERNET FIBRA 45MB (NO VIGENTE),LOS ROJO,GT. SE ENVIA A CC,2026-03-08,1501365,ACTIVO,PEDREGAL,XPONDD3E6FBD,AC,INT10,2017-03-02,XPONDD3E6FBD,3292.0,1.0,29964,-23.278393559488702,58504F4EDD3E6FBD,MN-WIFI2,V1.7.1,nan
39902,2026-03-07,NO NAVEGA. LEDS PARPADEANDO/NO AMARRA,BASICO TV + INTERNET FIBRA 75MB,LOS ROJO,GT. SE ATIENDE POR WHATS CC,2026-03-08,1501365,ACTIVO,PEDREGAL,XPONDD4C78D2,AC,BASINT30,2021-10-12,XPONDD4C78D2,1607.0,1.0,39902,-23.40232915437568,58504F4EDD4C78D2,MN-CATV2,V1.7.1,1431
32158,2026-03-07,NO NAVEGA. LEDS PARPADEANDO/NO AMARRA,INTERNET NAVEGA (NO VIGENTE),FUERA DE LINEA,nan,2026-03-09,1500039,ACTIVO,PERIODISMO,204E7F09140D,AC,IESE,,204E7F09140D,,2.0,nan,,58504F4EDD3E6FBD,MN-WIFI2,V1.7.1,29964
30109,2026-03-08,NO NAVEGA. LEDS PARPADEANDO/NO AMARRA,INTERNET FIBRA 75MB,SE REVENTO LA FIBRA,nan,2026-03-09,1500285,ACTIVO,VIRREY,XPONDD531ABC,AC,INT30,,XPONDD531ABC,,1.0,30109,-25.433436157151696,58504F4EDD531ABC,MN-WIFI2,V1.7.1,39902
33537,2026-03-08,NO NAVEGA. LEDS PARPADEANDO/NO AMARRA,INTERNET NAVEGA (NO VIGENTE),nan,JV SE ATENDIO CON EL TECNICO,2026-03-08,1501451,ACTIVO,PERIODISMO,E0469A8E8D7B,AC,IESE,2018-08-03,E0469A8E8D7B,2774.0,0.0,nan,,nan,nan,nan,nan
44270,2026-03-08,NO NAVEGA. LEDS FIJOS/RUIDO,INTERNET FIBRA 120MB,FUERA DE LINEA,GT.OFFLINE,2026-03-10,1500039,ACTIVO,PEDREGAL,XPONDD4CE102,AC,INT50,,XPONDD4CE102,,2.0,44270,-24.634379301868346,58504F4EDD4CE102,MN-WIFI2,V1.7.1,30109
9625,2026-03-08,EQUIPO DA?ADO,BASICO TELECABLE FIBRA,SIN COSTO CLIENTE ENTERADO PIDE JORGE PURA TV,nan,2026-03-08,1500046,ACTIVO,PRADOS VERDES,HWTCAF3E613E,nan,nan,,nan,,0.0,9625,-21.7799037037037,nan,nan,nan,nan
36065,2026-03-08,NO NAVEGA. LEDS PARPADEANDO/NO AMARRA,INTERNET FIBRA 75MB,LOS ROJO,"ER, FUERA DE LINEA",2026-03-10,1500046,ACTIVO,PEDREGAL,48575443A385BD9C,AC,INT30,,48575443A385BD9C,,2.0,36065,-27.853097345132703,48575443A385BD9C,HG8546M,V5R019C00S050,44270
33210,2026-03-08,NO NAVEGA. LEDS FIJOS/RUIDO,INTERNET FIBRA 45MB (NO VIGENTE),TIENE NIVEL DEMASIADO BAJO REQUIERE VISITA,nan,2026-03-09,1500285,ACTIVO,BELO,XPONDD52FC8C,AC,INT10,,XPONDD52FC8C,,1.0,33210,-26.375666421207693,58504F4EDD52FC8C,MN-WIFI2,V1.7.1,nan
38399,2026-03-09,NO NAVEGA. LEDS PARPADEANDO/NO AMARRA,INTERNET FIBRA 60MB,LOS ROJO  CUMPLIERO LA ORDEN ANTERIOR NO PASARON AL DOM,"ER, SE MANDA CONFIRMAR",2026-03-10,1500036,ACTIVO,PRADOS VERDES,XPONDD45BAC2,AC,INT20,2021-12-05,XPONDD45BAC2,1555.0,1.0,38399,-28.309427160493954,58504F4EDD45BAC2,MN-WIFI2,V1.7.1,36065
34829,2026-03-09,NO NAVEGA. LEDS PARPADEANDO/NO AMARRA,INTERNET FIBRA 75MB,nan,"ER, FUERA DE LINEA",2026-03-11,1500036,ACTIVO,MADERO,48575443D81A048B,AC,INT30,2021-04-11,48575443D81A048B,1793.0,2.0,34829,-33.05734197530868,48575443D81A048B,546M,V3R016C10S130,33210
46476,2026-03-09,NO NAVEGA. LEDS PARPADEANDO/NO AMARRA,BASICO TV + INTERNET FIBRA 250MB ($399),nan,"ER, FUERA DE LINEA",2026-03-10,1500039,ACTIVO,PEDREGAL,CDTCAFA3B492,AC,BASINTF250,2026-11-02,CDTCAFA3B492,-238.0,1.0,46476,-29.91880899705022,43445443AFA3B492,FD712GD-R850,V1.7.1,38399
38399,2026-03-09,EQUIPO DA?ADO,INTERNET FIBRA 60MB,CLIENTE ENTERADO CAMBIO DE EQUIPO  SIN COSTO CARLOS,nan,2026-03-10,1500036,ACTIVO,PRADOS VERDES,XPONDD45BAC2,AC,INT20,2021-12-05,XPONDD45BAC2,1555.0,1.0,38399,-28.309427160493954,58504F4EDD45BAC2,MN-WIFI2,V1.7.1,34829
44145,2026-03-09,NO NAVEGA. LEDS PARPADEANDO/NO AMARRA,INTERNET FIBRA 60MB,LOS ROJO,"GT.OFFLINE, REQUIERE VISITA",2026-03-10,1500285,ACTIVO,BELO,XPONDD3FD78F,AC,INT20,,XPONDD3FD78F,,1.0,44145,-24.83519759450164,58504F4EDD3FD78F,MN-WIFI2,V1.7.1,46476
46102,2026-03-09,NO NAVEGA. LEDS PARPADEANDO/NO AMARRA,BASICO TV + INTERNET FIBRA 250MB ($399),LOS ROJO,"ER, FUERA DE LINEA",2026-03-10,1500047,ACTIVO,PRADOS VERDES,XPONDDAF412529,AC,BASINTF250,,XPONDDAF412529,,1.0,46102,-19.957056049382814,58504F4EAF412529,HG104AT,V1.7.1,38399
32318,2026-03-09,NO NAVEGA. LEDS PARPADEANDO/NO AMARRA,BASICO TV + INTERNET FIBRA 45MB (NO VIGENTE),NO NAVEGA,nan,2026-03-09,1500039,ACTIVO,PERIODISMO,"204E7F096FED, XPONDD290608",AC,BASINT10,,"204E7F096FED, XPONDD290608",,0.0,32318,-28.5007741477272,58504F4EDD290608,BT-213XR,V1.2.11,44145
347957,2026-03-09,NO NAVEGA. LEDS PARPADEANDO/NO AMARRA,INTERNET FIBRA 60MB,NO NAVEGA,"ER, FUERA DE LINEA",2026-03-12,1500046,ACTIVO,PERIODISMO,XPONDD91A38E,AC,INT20,,XPONDD91A38E,,3.0,347957,-25.262723702185948,58504F4EDD91A38E,MN-CATVDUALM,V1R007C00S001,46102
14742,2026-03-09,NO NAVEGA. LEDS PARPADEANDO/NO AMARRA,BASICO TV + INTERNET FIBRA 250MB ($399),LOS ROJO AMBOS SERVICIOS,"ER, FUERA DE LINEA",2026-03-12,1501465,ACTIVO,PEDREGAL,CDTCAFA3E5D6,AC,BASINTF250,,CDTCAFA3E5D6,,3.0,14742,-23.87905113077682,43445443AFA3E5D6,FD712GD-R850,V1.7.1,32318
2496,2026-03-09,NO NAVEGA. LEDS PARPADEANDO/NO AMARRA,BASICO TV + INTERNET FIBRA 250MB ($399),NO TIENE ALCANCE TEC RAUL GONZALES,"ER, CAIDAS DE NIVEL HASTA MENOS 28",2026-03-17,5555555,ACTIVO,PERIODISMO,HWTC5002653A,AC,BASINTF250,2014-11-02,HWTC5002653A,4145.0,8.0,2496,-28.23088456284138,485754435002653A,CNA-ONU-2GE2WXCA,V1.7.1,347957
7401,2026-03-09,CAMBIO DE ACOMETIDA,INTERNET FIBRA 75MB,CAMBIO DE ACOMETIDASIN COST O PIDE DAVID E,nan,2026-03-10,1500039,ACTIVO,PERIODISMO,48575443DD5BB09B,AC,INT30,,48575443DD5BB09B,,1.0,7401,-26.311552254098483,48575443DD5BB09B,HG8546M,V3R017C10S125,14742
30796,2026-03-09,EQUIPO DA?ADO,INTERNET FIBRA 60MB,CLIENTE ENTERADO SIN COSTO PIDE DAVID,nan,2026-03-09,1500039,ACTIVO,PERIODISMO,XPONDD439E0B,AC,INT20,2017-04-04,XPONDD439E0B,3261.0,0.0,30796,-26.930835346215883,58504F4EDD439E0B,MN-WIFI2,V1.7.1,2496
42347,2026-03-09,NO NAVEGA. LEDS FIJOS/RUIDO,INTERNET FIBRA 75MB,CLIENTE COMENTA QUE SU CARGADOR TIENE UNA FALLA Y NO AGARRA EL INTERNET,"ER, REQUIERE VISITA",2026-03-11,1500036,ACTIVO,MADERO,XPONDD45BA62,AC,INT30,2023-05-04,XPONDD45BA62,1040.0,2.0,42347,-25.3828466666666,58504F4EDD45BA62,HG8546M,V3R017C10S125,7401
346646,2026-03-09,NO NAVEGA. LEDS PARPADEANDO/NO AMARRA,BASICO TV + INTERNET FIBRA 60MB,CABLE COLGANDO,"ER, FUERA DE LINEA",2026-03-12,1500046,ACTIVO,PERIODISMO,XPONDD3025A6,AC,BASINT20,,XPONDD3025A6,,3.0,346646,-28.079105191256847,58504F4EDD3025A6,MN-CATV2,V1.7.1,30796
45954,2026-03-09,NO NAVEGA. LEDS PARPADEANDO/NO AMARRA,BASICO TV + INTERNET FIBRA 250MB ($399),LOS ROJA,"ER, VARIAS DESCONEXIONES",2026-03-11,1500046,ACTIVO,PERIODISMO,XPONDD7E977E,AC,BASINTF250,2025-10-11,XPONDD7E977E,149.0,2.0,45954,-25.1493510928961,58504F4EDD7E977E,MN-CATVDUALM,V1R007C00S001,42347
45920,2026-03-09,NO NAVEGA. LEDS PARPADEANDO/NO AMARRA,BASICO TV + INTERNET FIBRA 250MB ($399),LA SEÑAL ES INTERMITENTE DURANTE LA TARDE NOCHE,"ER, SE REVISA CON EL TECNICO",2026-03-10,1500046,ACTIVO,PEDREGAL,XPONDD7EA476,AC,BASINTF250,,XPONDD7EA476,,1.0,45920,-21.80871066863317,58504F4EDD7EA476,MN-CATVDUALM,V1R007C00S001,346646
38451,2026-03-09,NO NAVEGA. LEDS FIJOS/RUIDO,INTERNET FIBRA 75MB,LEDS VERDES INTERMITENTES,"ER, SE MANDA CONFIRMAR",2026-03-10,1500047,ACTIVO,PRADOS VERDES,48575443FAF4E091,AC,INT30,,48575443FAF4E091,,1.0,38451,-21.13467777777777,48575443FAF4E091,546M,V3R017C10S108,45954
346667,2026-03-10,NO NAVEGA. LEDS PARPADEANDO/NO AMARRA,BASICO TV + INTERNET FIBRA 250MB ($399),TARDA EN AMARRAR LA SEÑAL Y ALGUNOS CANALES SE VEN MAL.,"ER, REQUIERE VISITA",2026-03-12,1501465,ACTIVO,PEDREGAL,CDTCAFA3B552,AC,BASINTF250,2014-08-10,CDTCAFA3B552,4230.0,2.0,346667,-25.505444936086576,43445443AFA3B552,FD712GD-R850,V1.7.1,45920
46625,2026-03-10,NO NAVEGA. LEDS PARPADEANDO/NO AMARRA,BASICO TV + INTERNET FIBRA 250MB ($399),LOS ROJO,"ER, VARIAS DESCONEXIONES",2026-03-10,1500046,ACTIVO,PEDREGAL,HWTCAF9065AD,AC,BASINTF250,2026-09-03,HWTCAF9065AD,-177.0,0.0,46625,-20.9152906162465,48575443AF9065AD,MONUV411,V2.4.12,38451
46454,2026-03-10,CAMBIO DE ACOMETIDA,INTERNET FIBRA 60MB,TECNICO HIMBERTO SOLICITA SIN COSTO DESDE EL POSTE AL MODEM TIT ENTERADO,nan,2026-03-10,1500503,ACTIVO,SANTIAGUITO,HWTCAFAA0BC9,AC,INT20,2026-07-02,HWTCAFAA0BC9,-114.0,0.0,46454,-28.447324760463907,43445443AFA3B552,FD712GD-R850,V1.7.1,346667
29225,2026-03-10,NO NAVEGA. LEDS PARPADEANDO/NO AMARRA,BASICO TV + INTERNET FIBRA 75MB,nan,PIDE VISITA TEC POR FALLAS CONSTANTES,2026-03-12,1500047,ACTIVO,MADERO,XPONDD375304,AC,BASINT30,,XPONDD375304,,2.0,29225,-23.37509604938268,58504F4EDD395304,MN-CATV2,V1.7.1,46625
19624,2026-03-10,NO NAVEGA. LEDS PARPADEANDO/NO AMARRA,BASICO TV + INTERNET FIBRA 250MB ($399),nan,NO AN IDO A REVISAR EL SERVCIO LO REPORTARON EL DIA 3 YE LLARAON EL DIA 7 Y QUEDARON EN MANDAR EL TECNICTO Y NO FUERON,2026-03-11,1500036,ACTIVO,MADERO,HWTCAF8FFE8D,AC,BASINTF250,2015-06-11,HWTCAF8FFE8D,3925.0,1.0,19624,-24.381105679012276,48575443AF8FFE8D,MONUV411,V2.4.12,46454_M
46644,2026-03-10,NO NAVEGA. LEDS PARPADEANDO/NO AMARRA,BASICO TV + INTERNET FIBRA 250MB ($399),SIN SEÑAL AMBOS SERVICIOS,"ER, FUERA DE LINEA",2026-03-11,1500036,ACTIVO,PUNHUATO,HWTCAF909259,AC,BASINTF250,2026-07-03,HWTCAF909259,-115.0,1.0,46644,-24.089294380587496,48575443AF909259,MONUV411,V2.4.12,nan
37145,2026-03-10,NO NAVEGA. LEDS PARPADEANDO/NO AMARRA,INTERNET FIBRA 75MB,TIENE NIVEL BAJO LE PUEDES GENERAR OS POR FAVOR,nan,2026-03-11,1500285,ACTIVO,VIRREY,XPONDD7E9B2E,AC,INT30,,XPONDD7E9B2E,,1.0,37145,-40.0,48575443A9A8DBA9,MONUV411,V2.4.12,19624
11653,2026-03-10,NO NAVEGA. LEDS PARPADEANDO/NO AMARRA,INTERNET FIBRA 60MB,LOS ROJO,"ER, FUERA DE LINEA",2026-03-11,1500036,ACTIVO,PRADOS VERDES,XPONDD4C7E7A,AC,INT20,2014-11-11,XPONDD4C7E7A,4137.0,1.0,11653,-26.388064197530714,58504F4EDD4C7E7A,MN-CATV2,V1.7.1,46644
38533,2026-03-10,NO NAVEGA. LEDS PARPADEANDO/NO AMARRA,BASICO TV + INTERNET FIBRA 75MB,LOS ROJO AMBOS SERVICIOS,"ER, SE MANDA CONFIRMAR",2026-03-10,1501409,ACTIVO,MADERO,BTPTDD26BFFA,AC,BASINT30,,BTPTDD26BFFA,,0.0,38533,-19.907838765432114,42545054DD26BFFA,BT-213XR,V1.2.6,nan
46551,2026-03-10,NO NAVEGA. LEDS FIJOS/RUIDO,BASICO TV + INTERNET FIBRA 250MB ($399),TIT CPOMENTA QUE LE HICIERON MAL INSTALACION SE GENERA OS P QUE PASEN A REV SEG CON ING VIVI,nan,2026-03-13,1500503,ACTIVO,SANTIAGUITO,HWTC5002692A,AC,BASINTF250,,HWTC5002692A,,3.0,46551,-23.19809757942513,485754435002692A,CNA-ONU-2GE2WXCA,V1.7.1,11653
45796,2026-03-10,CAMBIO DE ACOMETIDA,BASICO TV + INTERNET FIBRA 250MB ($399),CAMBIO DE COMETIDA SIN COSTO TIT ENETARDO,nan,2026-03-10,1500047,CORTADO,PUNHUATO,HWTCAF3AAF42,CO,BASINTF250,2025-07-10,HWTCAF3AAF42,243.0,0.0,45796,-35.394667159763344,48575443AF3AAF42,BT-213XR,V1.2.6,38533
45768,2026-03-10,NO NAVEGA. LEDS PARPADEANDO/NO AMARRA,BASICO TV + INTERNET FIBRA 250MB ($399),nan,"GT.OFFLINE, REQUIERE VISITA",2026-03-12,1500285,ACTIVO,VISTA BELLA,HWTCAF3AADAA,AC,BASINTF250,2025-06-10,HWTCAF3AADAA,273.0,2.0,45768,-20.566382546930505,48575443AF3AADAA,CNA-ONU-4GE2WXCA,V1.7.1,46551
343766,2026-03-10,NO NAVEGA. LEDS PARPADEANDO/NO AMARRA,BASICO TV + INTERNET FIBRA 60MB,LOS ROJO,GT. HA PRESENTADO DESCONEXIONES,2026-03-11,1500285,ACTIVO,VIRREY,XPONDD54FB0C,AC,BASINT20,,XPONDD54FB0C,,1.0,343766,-24.180564763658705,58504F4EDD54FB0C,MN-CATV2,V1.7.1,45796
44266,2026-03-10,NO NAVEGA. LEDS FIJOS/RUIDO,INTERNET FIBRA 75MB,SIN SEÑAL,"ER, SE RECOMIENDA VISITA",2026-03-11,1500046,BAJA,PERIODISMO,nan,BA,INT30,,nan,,1.0,44266,-23.235542832909243,58504F4EDD45B55A,MN-WIFI2,V1.7.1,45768
14986,2026-03-11,NO NAVEGA. LEDS PARPADEANDO/NO AMARRA,BASICO TV + INTERNET FIBRA 75MB,SIN SEÑAL EN NINGUN SERVICIO,"ER, FUERA DE LINEA",2026-03-12,1501465,ACTIVO,PEDREGAL,XPONDD3C2F80,AC,BASINT30,,XPONDD3C2F80,,1.0,14986,-28.035331858407126,58504F4EDD3C2F80,MN-CATV2,V1R007C00S001,343766
37145,2026-03-11,EQUIPO DA?ADO,INTERNET FIBRA 75MB,TIT ENTERADO DE CAMBIO DE MODEM SIN COSTO SOLICITA TEC ULISES,nan,2026-03-11,1500285,ACTIVO,VIRREY,XPONDD7E9B2E,AC,INT30,,XPONDD7E9B2E,,0.0,37145,-40.0,48575443A9A8DBA9,nan,nan,nan
41246,2026-03-11,NO NAVEGA. LEDS PARPADEANDO/NO AMARRA,INTERNET FIBRA 60MB,nan,FUERA DE LINEA REQUIERE VISITA,2026-03-14,1500046,ACTIVO,PEDREGAL,XPONDD41F2E3,AC,INT20,2022-10-08,XPONDD41F2E3,1250.0,3.0,41246,-22.520460914454247,58504F4EDD41F2E3,MN-WIFI2,V1.7.1,14986
40905,2026-03-11,CAMBIO DE ACOMETIDA,INTERNET FIBRA 60MB,TEC SOLICITA OS TIT ENTERAD Q NO TIENE COSTO,nan,2026-03-11,1500046,ACTIVO,PERIODISMO,485754439B8CB26F,AC,INT20,2022-07-06,485754439B8CB26F,1344.0,0.0,40905,-24.66376304023854,485754439B8CB26F,546M,V3R016C10S130,nan
14986,2026-03-11,NO NAVEGA. LEDS PARPADEANDO/NO AMARRA,BASICO TV + INTERNET FIBRA 75MB,LOS ROJO AMBOS SERVICIOS,"ER, FUERA DE LINEA",2026-03-14,5555555,ACTIVO,PEDREGAL,XPONDD3C2F80,AC,BASINT30,,XPONDD3C2F80,,3.0,14986,-28.035331858407126,58504F4EDD3C2F80,MN-CATV2,V1R007C00S001,41246
1687,2026-03-11,NO NAVEGA. LEDS PARPADEANDO/NO AMARRA,INTERNET FIBRA 60MB,TEC RAUL GONZALES,PIDE VISITA CONEXION MUY LENTA,2026-03-17,5555555,ACTIVO,PERIODISMO,OPTI37B12B15,AC,INT20,,OPTI37B12B15,,6.0,1687,-22.502453893442592,4F50544937B12B15,IGD,0,40905
35280,2026-03-11,NO NAVEGA. LEDS PARPADEANDO/NO AMARRA,BASICO TV + INTERNET FIBRA 75MB,LOS ROJO AMBOS SERVICIO CLIENTE COMENTA QUE  EL CABLE ESTA  COLGADO Y PUEDE TUMBAR SU MUFA,"ER, REQUIERE VISITA",2026-03-14,5555555,ACTIVO,PEDREGAL,XPONDD396134,AC,BASINT30,2019-04-03,XPONDD396134,2534.0,3.0,35280,-23.823155572365202,58504F4EDD396134,MN-CATV2,V1.7.1,14986
11653,2026-03-11,CAMBIO DE ACOMETIDA,INTERNET FIBRA 60MB,CAMBIO DE COMETIDA SIN COSTO TIT ENTERADA,nan,2026-03-11,1500036,ACTIVO,PRADOS VERDES,XPONDD4C7E7A,AC,INT20,2014-11-11,XPONDD4C7E7A,4138.0,0.0,11653,-26.388064197530714,58504F4EDD4C7E7A,MN-CATV2,V1.7.1,1687
36188,2026-03-11,NO NAVEGA. LEDS PARPADEANDO/NO AMARRA,BASICO TV + INTERNET FIBRA 60MB,nan,"ER, SE MANDA CONFIRMAR",2026-03-12,1501465,ACTIVO,PEDREGAL,XPON1DA91360,AC,BASINT20,2025-08-04,XPON1DA91360,219.0,1.0,36188,-26.76340830875127,58504F4E1DA91360,HG102WT,V3.2.22,35280
46640,2026-03-11,NO NAVEGA. LEDS PARPADEANDO/NO AMARRA,BASICO TV + INTERNET FIBRA 250MB ($399),AMBOS SERVICIOS,nan,2026-03-12,1500503,PENDIENTE DESCONEXION,SANTIAGUITO,nan,PD,BASINTF250,2026-05-03,nan,-53.0,1.0,46640,-21.092117239300784,58504F4EDD4C7E7A,MN-CATV2,V1.7.1,11653
30119,2026-03-11,NO NAVEGA. LEDS PARPADEANDO/NO AMARRA,INTERNET NAVEGA (NO VIGENTE),LOS ROJO,nan,2026-03-12,1500047,ACTIVO,MADERO,204E7FA8620F,AC,IESE,,204E7FA8620F,,1.0,nan,,58504F4E1DA91360,HG102WT,V3.2.22,36188
34918,2026-03-11,NO NAVEGA. LEDS PARPADEANDO/NO AMARRA,BASICO TV + INTERNET FIBRA 75MB,LOS ROJO SIN SEÑAL EN AMBOS SERVICIOS,"ER, SE MANDA CONFIRMAR",2026-03-12,1500046,ACTIVO,PERIODISMO,XPONDD2C3576,AC,BASINT30,,XPONDD2C3576,,1.0,34918,-28.58207137978133,58504F4EDD2C3576,BT-213XR,V1.2.16SP,nan
33569,2026-03-12,NO NAVEGA. LEDS FIJOS/RUIDO,INTERNET NAVEGA (NO VIGENTE),nan,FUERA DE SERVICIO REQUIERE VISITA TECNICA,2026-03-13,1500047,ACTIVO,MADERO,E091F5DF5878,AC,IESE,,E091F5DF5878,,1.0,nan,,nan,nan,nan,nan
40999,2026-03-12,NO NAVEGA. LEDS FIJOS/RUIDO,INTERNET FIBRA 60MB,nan,SEÑAL INTERMITENTE SOLCITEN PASEN A DOM,2026-03-14,1500046,ACTIVO,PEDREGAL,HWTCAFAA0A25,AC,INT20,,HWTCAFAA0A25,,2.0,40999,-22.334643559488704,48575443AFAA0A25,CNA-ONU-4GE2WX,V1.7.1,34918
46463,2026-03-12,NO NAVEGA. LEDS PARPADEANDO/NO AMARRA,BASICO TV + INTERNET FIBRA 250MB ($399),FALLA EN AMBOS SERVICIOS. CLIENTE COMENTA QUE INTERNET NO TIENE DESDE EL DIA DE LA INSTALACION.,"ER, SE MANDA CONFIRMAR",2026-03-13,1500047,ACTIVO,MADERO,HWTC50026396,AC,BASINTF250,,HWTC50026396,,1.0,46463,-18.02626049382717,4857544350026396,CNA-ONU-2GE2WXCA,V1.7.1,nan
23887,2026-03-12,NO NAVEGA. LEDS PARPADEANDO/NO AMARRA,INTERNET FIBRA 60MB,nan,"ER, SE MANDA CONFIRMAR",2026-03-14,1500047,ACTIVO,MADERO,XPONDD3D8749,AC,INT20,,XPONDD3D8749,,2.0,23887,-25.498895802469136,58504F4EDD3D8749,MN-CATV2,V1.7.1,40999
43401,2026-03-12,NO NAVEGA. LEDS FIJOS/RUIDO,INTERNET FIBRA 120MB,nan,SEÑAL LENTA SOLCITAN PASEN A DOM,2026-03-13,1500047,ACTIVO,MADERO,4857544374B2894C,AC,INT50,,4857544374B2894C,,1.0,43401,-27.379195555555608,4857544374B2894C,HG8546M,V5R019C00S050,46463
333418,2026-03-12,NO NAVEGA. LEDS PARPADEANDO/NO AMARRA,BASICO TV + INTERNET FIBRA 250MB ($399),LOS ROJO SIN SEÑAL EN AMBOS SERVICIOS,"ER, FUERA DE LINEA",2026-03-13,1500047,ACTIVO,PRADOS VERDES,HWTCAF3ADB76,AC,BASINTF250,,HWTCAF3ADB76,,1.0,333418,-23.574011604938285,48575443AF3ADB76,CNA-ONU-4GE2WXCA,V1.7.1,23887
46564,2026-03-12,NO NAVEGA. LEDS FIJOS/RUIDO,BASICO TV + INTERNET FIBRA 250MB ($399),PIDE VISITA TECNICA,nan,2026-03-13,1500503,ACTIVO,SANTIAGUITO,HWTC50026966,AC,BASINTF250,2026-02-03,HWTC50026966,37.0,1.0,46564,-24.164507514761052,4857544374B2894C,HG8546M,V5R019C00S050,43401
347957,2026-03-12,EQUIPO DA?ADO,INTERNET FIBRA 60MB,CLIENTE ENTERADA CAMBIO DE EQUIPO SIN COSTO JORGE,nan,2026-03-12,5555555,ACTIVO,PERIODISMO,XPONDD91A38E,AC,INT20,,XPONDD91A38E,,0.0,347957,-25.262723702185948,58504F4EDD91A38E,MN-CATVDUALM,V1R007C00S001,333418
36065,2026-03-12,NO NAVEGA. LEDS FIJOS/RUIDO,INTERNET FIBRA 75MB,nan,"ER, VARIAS DESCONEXIONES",2026-03-12,1501465,ACTIVO,PEDREGAL,48575443A385BD9C,AC,INT30,,48575443A385BD9C,,0.0,36065,-27.853097345132703,48575443A385BD9C,HG8546M,V5R019C00S050,46564_M
21660,2026-03-12,NO NAVEGA. LEDS PARPADEANDO/NO AMARRA,BASICO TV + INTERNET XTREME (NO VIGENTE),SOLO PWR ENCENDIDO,"ER,  USP BAJO",2026-03-13,1500047,ACTIVO,MADERO,E8ED05F1C1B2,AC,BASIESEP,2016-02-01,E8ED05F1C1B2,3692.0,1.0,nan,,58504F4EDD91A38E,MN-CATVDUALM,V1R007C00S001,347957
10254,2026-03-12,NO NAVEGA. LEDS PARPADEANDO/NO AMARRA,INTERNET FIBRA 75MB,LOS ROJO,"ER, FUERA DE LINEA",2026-03-14,5555555,ACTIVO,PEDREGAL,4857544352939A8B,AC,INT30,,4857544352939A8B,,2.0,10254,-24.622450835791582,4857544352939A8B,546M,V3R016C10S130,36065
36188,2026-03-12,CAMBIO DE ACOMETIDA,BASICO TV + INTERNET FIBRA 60MB,CLIENTE ENTERADA CAMBIO DE ACOMETIDA RIGO,nan,2026-03-12,1501465,ACTIVO,PEDREGAL,XPON1DA91360,AC,BASINT20,2025-08-04,XPON1DA91360,220.0,0.0,36188,-26.76340830875127,58504F4E1DA91360,HG102WT,V3.2.22,nan
39605,2026-03-12,NO NAVEGA. LEDS FIJOS/RUIDO,INTERNET FIBRA 150MB,nan,"GT.OFFLINE, REQUIERE VISITA",2026-03-14,1501143,ACTIVO,VIRREY,XPONDD42BCBB,AC,INT100,2021-02-11,XPONDD42BCBB,1855.0,2.0,39605,-30.896668201350412,58504F4EDD42BCBB,MN-WIFIDUAL,V1R007C00S001,10254
45859,2026-03-12,NO NAVEGA. LEDS PARPADEANDO/NO AMARRA,BASICO TV + INTERNET FIBRA 250MB ($399),CABLE REVENTADO,"ER, FUERA DE LINEA",2026-03-14,5555555,ACTIVO,PEDREGAL,XPONAF5B65D9,AC,BASINTF250,,XPONAF5B65D9,,2.0,45859,-26.05424532940028,58504F4EAF5B65D9,HG102AT,V1.7.1,36188
34918,2026-03-12,CAMBIO DE ACOMETIDA,BASICO TV + INTERNET FIBRA 75MB,CAMBIO DE COMETIDA SIN COSTO TIT ENTERADA,nan,2026-03-12,1500046,ACTIVO,PERIODISMO,XPONDD2C3576,AC,BASINT30,,XPONDD2C3576,,0.0,34918,-28.58207137978133,58504F4EDD2C3576,BT-213XR,V1.2.16SP,39605
37704,2026-03-12,NO NAVEGA. LEDS PARPADEANDO/NO AMARRA,BASICO TV + INTERNET FIBRA 250MB ($399),SEÑAL DEBIL,"ER, SE RECOMIENDA VISITA",2026-03-14,1500046,ACTIVO,PEDREGAL,HWTCAFAB358F,AC,BASINTF250,,HWTCAFAB358F,,2.0,37704,-25.120058997050165,48575443AFAB358F,CNA-ONU-4GE2WXCA,V1.7.1,45859
44641,2026-03-12,NO NAVEGA. LEDS PARPADEANDO/NO AMARRA,INTERNET FIBRA 60MB,"SE ENCONTRÓ 2 MODEM EN DOMICILIO, UNO CON LA SEÑAL DE INTERNET Y OTRO LO COLOCARON PARA SACAR LA SEÑAL DE CATV",SE RETIRÓ EL MODEM QUE SACABA SEÑAL DE CATV,2026-03-14,1500046,ACTIVO,PEDREGAL,XPONDD530CCC,AC,INT20,2024-04-09,XPONDD530CCC,702.0,2.0,44641,-29.55697148475897,58504F4EDD530CCC,MN-WIFI2,V1.7.1,34918
46532,2026-03-12,NO NAVEGA. LEDS PARPADEANDO/NO AMARRA,BASICO TV + INTERNET FIBRA 250MB ($399),LOS ROJO SIN SEÑAL EN AMBOS SERVICIOS,nan,2026-03-17,1500285,ACTIVO,VISTA BELLA,XPON2E1B57D3,AC,BASINTF250,,XPON2E1B57D3,,5.0,46532,-28.312569060773505,58504F4E2E1B57D3,WK-3802AWC,V3.2.14,37704
34833,2026-03-12,NO NAVEGA. LEDS PARPADEANDO/NO AMARRA,BASICO TV + INTERNET FIBRA 60MB,TEC RAUL GONZALES,"ER, SE RECOMIENDA VISITA",2026-03-17,5555555,ACTIVO,PERIODISMO,OPTI38C066B5,AC,BASINT20,,OPTI38C066B5,,5.0,34833,-23.039023224043817,4F50544938C066B5,IGD,0,44641
44307,2026-03-12,NO NAVEGA. LEDS PARPADEANDO/NO AMARRA,INTERNET FIBRA 60MB,SEÑAL DEBIL E INTERMITENTE,"ER, SE REVISA CON EL TECNICO",2026-03-14,1500046,ACTIVO,PEDREGAL,HWTCAF8FDF25,AC,INT20,2024-06-06,HWTCAF8FDF25,644.0,2.0,44307,-19.04508235004915,48575443AF8FDF25,MONUV411,V2.4.12,46532
24769,2026-03-12,NO NAVEGA. LEDS PARPADEANDO/NO AMARRA,BASICO TELECABLE FIBRA,nan,nan,2026-03-19,1500374,ACTIVO,VIRREY,nan,nan,nan,,nan,,7.0,24769,-32.56678459119517,48575443AF3ABF86,CNA-ONU-4GE2WXCA,V1.7.1,34833
30723,2026-03-12,NO NAVEGA. LEDS PARPADEANDO/NO AMARRA,BASICO TV + INTERNET FIBRA 75MB,nan,"GT, HA PRESENTADO DESCONEXIONES",2026-03-15,1500047,ACTIVO,VIRREY,XPONDD396864,AC,BASINT30,,XPONDD396864,,3.0,30723,-22.517047184170583,58504F4EDD396864,MN-CATV2,V1.7.1,44307
44467,2026-03-13,NO NAVEGA. LEDS PARPADEANDO/NO AMARRA,INTERNET FIBRA 75MB,LOS ROJO,nan,2026-03-13,1500047,ACTIVO,PRADOS VERDES,XPONDD52F364,AC,INT30,,XPONDD52F364,,0.0,44467,-27.834955555555627,58504F4EDD52F364,MN-WIFI2,V1.7.1,nan
46074,2026-03-13,NO NAVEGA. LEDS PARPADEANDO/NO AMARRA,INTERNET FIBRA 75MB,LOS ROJO,nan,2026-03-14,1500046,ACTIVO,PERIODISMO,XPONDD3E6E75,AC,INT30,,XPONDD3E6E75,,1.0,46074,-25.187175546448255,58504F4EDD3E6E75,MN-WIFI2,V1.7.1,30723
46633,2026-03-13,NO NAVEGA. LEDS PARPADEANDO/NO AMARRA,BASICO TV + INTERNET FIBRA 250MB ($399),SIN SEÑAL AMBOS SERVICIOS,JE MANDO A CC,2026-03-14,1500014,ACTIVO,EL REALITO,HWTCAF911FC5,AC,BASINTF250,2026-09-03,HWTCAF911FC5,-174.0,1.0,46633,-21.770750877193,58504F4EDD52F364,MN-WIFI2,V1.7.1,44467
40323,2026-03-13,NO NAVEGA. LEDS PARPADEANDO/NO AMARRA,BASICO TV + INTERNET FIBRA 120MB,SIN SEÑAL DE AMBOS SERVICIOS,"GT, HA TENIDO DESCONEXIONES",2026-03-17,1500285,ACTIVO,VIRREY,XPONDD2C3936,AC,BASINT50,,XPONDD2C3936,,4.0,40323,-18.122275936157116,58504F4EDD2C3936,BT-213XR,V1.2.16SP,344646
14908,2026-03-13,NO NAVEGA. LEDS PARPADEANDO/NO AMARRA,BASICO TV + INTERNET FIBRA 250MB ($399),SIN SEÑAL EN NINGUN SERVICIO,"GT, DESCONEXIONES",2026-03-15,1500047,ACTIVO,VIRREY,XPON1D903B14,AC,BASINTF250,2015-06-04,XPON1D903B14,3935.0,2.0,14908,-22.824995395948523,58504F4EDD7EA80E,MN-CATVDUALM,V1R007C00S001,46074
22093,2026-03-13,NO NAVEGA. LEDS PARPADEANDO/NO AMARRA,BASICO TV + INTERNET FIBRA 75MB,nan,CLIENTE MOLESTO QUE LE FALLA MUCHO POR LAS TARDES,2026-03-15,1500047,ACTIVO,PRADOS VERDES,XPONDD3E7145,AC,BASINT30,2016-06-01,XPONDD3E7145,3572.0,2.0,22093,-18.729611358024698,58504F4EDD3E7145,MN-WIFI2,V1.7.1,46633_M
46582,2026-03-13,NO NAVEGA. LEDS PARPADEANDO/NO AMARRA,INTERNET FIBRA 60MB,LOS ROJO,JE MANDO A CC,2026-03-14,1500014,ACTIVO,EL REALITO,HWTC50026882,AC,INT20,2026-05-03,HWTC50026882,-51.0,1.0,46582,-25.535371681416144,58504F4EDD2C3936,BT-213XR,V1.2.16SP,40323
37613,2026-03-13,NO NAVEGA. LEDS FIJOS/RUIDO,INTERNET FIBRA 75MB,nan,SE GENERA OS CORRECTA,2026-03-14,1500046,ACTIVO,PEDREGAL,XPONDD4C57EA,AC,INT30,,XPONDD4C57EA,,1.0,37613,-24.35971976401192,58504F4EDD4C57EA,MN-WIFI2,V1.7.1,46138
41246,2026-03-13,CAMBIO DE ACOMETIDA,INTERNET FIBRA 60MB,SOLICITA TEC LUIS E,nan,2026-03-14,1500046,ACTIVO,PEDREGAL,XPONDD41F2E3,AC,INT20,2022-10-08,XPONDD41F2E3,1252.0,1.0,41246,-22.520460914454247,58504F4EDD41F2E3,MN-WIFI2,V1.7.1,22093
30971,2026-03-13,NO NAVEGA. LEDS PARPADEANDO/NO AMARRA,BASICO TV + INTERNET FIBRA 250MB ($399),LOS ROJO AMBOS SERVICIOS,"ER, SE RECOMIENDA VISITA",2026-03-14,5555555,ACTIVO,PEDREGAL,XPONAF5B6A7D,AC,BASINTF250,,XPONAF5B6A7D,,1.0,30971,-23.436127089478834,58504F4EAF5B6A7D,HG102AT,V1.7.1,46582_M
40999,2026-03-13,EQUIPO DA?ADO,INTERNET FIBRA 60MB,TIT ENTERADO DE CAMBIO DE MODEM SIN COSTO SOLICITA ING LUIS E,nan,2026-03-14,1500046,ACTIVO,PEDREGAL,HWTCAFAA0A25,AC,INT20,,HWTCAFAA0A25,,1.0,40999,-22.334643559488704,48575443AFAA0A25,CNA-ONU-4GE2WX,V1.7.1,37613
46626,2026-03-13,NO NAVEGA. LEDS PARPADEANDO/NO AMARRA,BASICO TV + INTERNET FIBRA 250MB ($399),nan,"ER, FUERA DE LINEA",2026-03-14,5555555,ACTIVO,PEDREGAL,HWTCAF913279,AC,BASINTF250,2026-10-03,HWTCAF913279,-204.0,1.0,46626,-23.659470121381872,48575443AF913279,MONUV411,V2.4.12,41246
44307,2026-03-13,EQUIPO DA?ADO,INTERNET FIBRA 60MB,TIT ACEPTA CAMBIO DE MODEM SIN COSTO TEC JORGE,nan,2026-03-14,1500046,ACTIVO,PEDREGAL,HWTCAF8FDF25,AC,INT20,2024-06-06,HWTCAF8FDF25,645.0,1.0,44307,-19.04508235004915,48575443AF8FDF25,MONUV411,V2.4.12,30971
46532,2026-03-13,CAMBIO DE ACOMETIDA,BASICO TV + INTERNET FIBRA 250MB ($399),TIT ACEPTO CAMBIO DE ACOMETIDA SIN COSTO TEC ULISES,nan,2026-03-14,1501143,ACTIVO,VISTA BELLA,XPON2E1B57D3,AC,BASINTF250,,XPON2E1B57D3,,1.0,46532,-28.312569060773505,58504F4E2E1B57D3,WK-3802AWC,V3.2.14,40999
46216,2026-03-13,NO NAVEGA. LEDS PARPADEANDO/NO AMARRA,BASICO TV + INTERNET FIBRA 250MB ($399),LOS ROJO,"GT.OFFLINE, REQUIERE VISITA",2026-03-14,1501143,ACTIVO,VIRREY,HWTCAFAB6AB7,AC,BASINTF250,,HWTCAFAB6AB7,,1.0,46216,-32.64593001841641,48575443AFAB6AB7,MONUV411,V2.4.12,46626
37429,2026-03-13,NO NAVEGA. LEDS PARPADEANDO/NO AMARRA,INTERNET FIBRA 60MB,DESDE AYER,"ER, FUERA DE LINEA",2026-03-20,1500039,ACTIVO,PERIODISMO,XPONDD439B43,AC,INT20,,XPONDD439B43,,7.0,37429,-29.036714480874352,58504F4EDD439B43,MN-WIFI2,V1.7.1,44307
41241,2026-03-13,NO NAVEGA. LEDS PARPADEANDO/NO AMARRA,BASICO TV + INTERNET FIBRA 60MB,nan,JE MANDO A CC,2026-03-15,1500047,ACTIVO,VIRREY,XPONDD591548,AC,BASINT20,2024-09-11,XPONDD591548,548.0,2.0,41241,-24.38056936771032,58504F4EDD591548,MN-CATV2,V1.7.1,46532
46688,2026-03-13,NO NAVEGA. LEDS PARPADEANDO/NO AMARRA,BASICO TV + INTERNET FIBRA 250MB ($399),nan,JE TIENE EL NIVEL BAJO REQUIERE VISITA,2026-03-15,1500047,ACTIVO,MADERO,HWTCAF8FFB8D,AC,BASINTF250,,HWTCAF8FFB8D,,2.0,46688,-30.310799253034503,48575443AF8FFB8D,MONUV411,V2.4.12,46216
37962,2026-03-13,NO NAVEGA. LEDS PARPADEANDO/NO AMARRA,BASICO TV + INTERNET FIBRA 60MB,LOS ROJO SIN SEÑAL EN AMBOS SERVICIOS,JE MANDO A CC,2026-03-14,1500047,ACTIVO,PRADOS VERDES,XPONDD43931B,AC,BASINT20,,XPONDD43931B,,1.0,37962,-20.975099999999976,58504F4EDD43931B,MN-CATV2,V1.7.1,37429
351965,2026-03-14,NO NAVEGA. LEDS PARPADEANDO/NO AMARRA,BASICO TV + INTERNET FIBRA 250MB ($399),LOS ROJO,JE MANDO A CC,2026-03-14,5555555,CORTADO,PEDREGAL,XPONDD7E9E1E,CO,BASINTF250,,XPONDD7E9E1E,,0.0,351965,-30.3872246804326,58504F4EDD7E9E1E,MN-CATV2,V1.7.1,41241
1236,2026-03-14,NO NAVEGA. LEDS PARPADEANDO/NO AMARRA,BASICO TV + INTERNET FIBRA 250MB ($399),CLIENTE COMENTA QUE NO CUENTA CON NINGUN SERVICIO,GT.OFFLINE,2026-03-15,1500047,ACTIVO,VIRREY,XPONDD7E9E3E,AC,BASINTF250,,XPONDD7E9E3E,,1.0,1236,-28.88563996316791,58504F4EDD7E9E3E,MN-CATVDUALM,V1R007C00S001,46688
1236,2026-03-14,NO NAVEGA. LEDS PARPADEANDO/NO AMARRA,BASICO TV + INTERNET FIBRA 250MB ($399),CLIENTE COMENTA QUE NO CUENTA CON NINGUN SERVICIO,GT.OFFLINE,2026-03-15,1500047,ACTIVO,VIRREY,XPONDD7E9E3E,AC,BASINTF250,,XPONDD7E9E3E,,1.0,1236,-28.88563996316791,58504F4EDD7E9E3E,MN-CATVDUALM,V1R007C00S001,37962
334167,2026-03-14,NO NAVEGA. LEDS PARPADEANDO/NO AMARRA,BASICO TV + INTERNET FIBRA 60MB,LOS ROJO,JE MANDO A CC,2026-03-15,1500047,CORTESIA,VIRREY,HWTCAF912F9D,SC,BASINT20,2013-07-12,HWTCAF912F9D,4628.0,1.0,334167,-20.926743400859486,48575443AF912F9D,MONUV411,V2.4.12,351965
28954,2026-03-14,NO NAVEGA. LEDS FIJOS/RUIDO,BASICO TV + INTERNET FIBRA 75MB,nan,JE MANDO A CC,2026-03-14,1501409,ACTIVO,PERIODISMO,HWTCAF3ADEE2,AC,BASINT30,2016-04-11,HWTCAF3ADEE2,3624.0,0.0,28954,-19.87169228142075,48575443AF3ADEE2,CNA-ONU-4GE2WXCA,V1.7.1,1236
42621,2026-03-14,NO NAVEGA. LEDS PARPADEANDO/NO AMARRA,INTERNET FIBRA 60MB,SEÑAL BAJA,JE FUERA DE LINEA REQUIERE VISITA,2026-03-19,1500046,ACTIVO,PEDREGAL,XPONDD6002D4,AC,INT20,2025-11-07,XPONDD6002D4,127.0,5.0,42621,-28.078060471976297,58504F4EDD6002D4,MN-WIFI2,V1R007C00S001,1236
32704,2026-03-14,NO NAVEGA. LEDS PARPADEANDO/NO AMARRA,BASICO TV + INTERNET FIBRA 60MB,nan,"ER, FUERA DE LINEA",2026-03-18,1500046,ACTIVO,PERIODISMO,HTWC500292CA,AC,BASINT20,,HTWC500292CA,,4.0,32704,-26.46349926253682,48575443500292CA,CNA-ONU-2GE2WXCA,V1.7.1,334167
37962,2026-03-14,CAMBIO DE ACOMETIDA,BASICO TV + INTERNET FIBRA 60MB,CLEINTE ENTERADO PIDE DANIEL,nan,2026-03-14,1500047,ACTIVO,PRADOS VERDES,XPONDD43931B,AC,BASINT20,,XPONDD43931B,,0.0,37962,-20.975099999999976,58504F4EDD43931B,MN-CATV2,V1.7.1,28954
39605,2026-03-14,CAMBIO DE ACOMETIDA,INTERNET FIBRA 150MB,TIT ACEPTA CAMBIO DE ACOMETIDA SIN COSTO TEC DIEGO A,nan,2026-03-14,1501143,ACTIVO,VIRREY,XPONDD42BCBB,AC,INT100,2021-02-11,XPONDD42BCBB,1857.0,0.0,39605,-30.896668201350412,58504F4EDD42BCBB,MN-WIFIDUAL,V1R007C00S001,42621
335546,2026-03-14,NO NAVEGA. LEDS PARPADEANDO/NO AMARRA,BASICO TV + INTERNET FIBRA 250MB ($399),AMBO SERVICIO,JE FUERA DE LINEA REQUIERE VISITA,2026-03-17,1500046,ACTIVO,PEDREGAL,XPONDD919E0E,AC,BASINTF250,,XPONDD919E0E,,3.0,335546,-25.542987954769057,58504F4EDD919E0E,MN-CATVDUALM,V1R007C00S001,32704
45796,2026-03-14,NO NAVEGA. LEDS PARPADEANDO/NO AMARRA,BASICO TV + INTERNET FIBRA 250MB ($399),AMBOS SERVICIOS,JE FUERA DE LINEA REQUIERE VISITA,2026-03-18,1500036,CORTADO,PUNHUATO,HWTCAF3AAF42,CO,BASINTF250,2025-07-10,HWTCAF3AAF42,247.0,4.0,45796,-35.394667159763344,48575443AF3AAF42,MN-CATV2,V1.7.1,37962
45733,2026-03-14,NO NAVEGA. LEDS PARPADEANDO/NO AMARRA,INTERNET FIBRA 75MB,TEC RAUL GONZALES,"ER, SE MANDA CONFIRMAR",2026-03-17,5555555,ACTIVO,PERIODISMO,XPONDD7E964E,AC,INT30,,XPONDD7E964E,,3.0,45733,-25.00271345628418,58504F4EDD7E964E,MN-CATVDUALM,V1R007C00S001,39605
43606,2026-03-14,NO NAVEGA. LEDS PARPADEANDO/NO AMARRA,INTERNET FIBRA 60MB,SEÑAL BAJA,ER. NIVEL BAJO MENOS 30.00,2026-03-19,1500046,ACTIVO,PEDREGAL,OPTI37B0C8A5,AC,INT20,2023-10-11,OPTI37B0C8A5,885.0,5.0,43606,-31.195143805309723,4F50544937B0C8A5,IGD,0,335546
46216,2026-03-14,CAMBIO DE ACOMETIDA,BASICO TV + INTERNET FIBRA 250MB ($399),TIT ACEPTA CAMBIO DE ACOMETIDA SIN COSTO TEC DIEGO A,nan,2026-03-14,1501143,ACTIVO,VIRREY,HWTCAFAB6AB7,AC,BASINTF250,,HWTCAFAB6AB7,,0.0,46216,-32.64593001841641,48575443AFAB6AB7,None,None,45796
346646,2026-03-14,NO NAVEGA. LEDS PARPADEANDO/NO AMARRA,BASICO TV + INTERNET FIBRA 60MB,TEC RAUL GONZALES,"ER, FUERA DE LINEA",2026-03-17,5555555,ACTIVO,PERIODISMO,XPONDD3025A6,AC,BASINT20,,XPONDD3025A6,,3.0,346646,-28.079105191256847,58504F4EDD3025A6,MN-CATV2,V1.7.1,45733
46546,2026-03-14,NO NAVEGA. LEDS PARPADEANDO/NO AMARRA,BASICO TV + INTERNET FIBRA 250MB ($399),nan,REQUIERE VISITA TECNICA,2026-03-17,1500046,ACTIVO,PEDREGAL,HWTCAF8FD685,AC,BASINTF250,,HWTCAF8FD685,,3.0,46546,-23.72994714847592,48575443AF8FD685,MONUV411,V2.4.12,43606
45804,2026-03-14,NO NAVEGA. LEDS PARPADEANDO/NO AMARRA,BASICO TV + INTERNET FIBRA 250MB ($399),nan,"ER, SE MANDA CONFIRMAR",2026-03-17,1500046,ACTIVO,PEDREGAL,XPONAF5B65C1,AC,BASINTF250,,XPONAF5B65C1,,3.0,45804,-24.24924532940032,58504F4EAF5B65C1,HG102AT,V1.7.1,46216
15891,2026-03-14,NO NAVEGA. LEDS PARPADEANDO/NO AMARRA,BASICO TV + INTERNET FIBRA 60MB,LOS ROJO,"ER, FUERA DE LINEA",2026-03-15,1500047,ACTIVO,MADERO,HWTCAF8FFBA5,AC,BASINT20,,HWTCAF8FFBA5,,1.0,15891,-24.476103703703696,48575443AF8FFBA5,MONUV411,V2.4.12,346646
44449,2026-03-14,NO NAVEGA. LEDS PARPADEANDO/NO AMARRA,INTERNET FIBRA 60MB,nan,"ER, VARIAS DESCONEXIONES",2026-03-17,1500046,ACTIVO,PEDREGAL,485754436258316F,AC,INT20,2024-11-07,485754436258316F,492.0,3.0,44449,-24.204295722713866,485754436258316F,546M,V3R016C10S138,46546
37001,2026-03-14,NO NAVEGA. LEDS FIJOS/RUIDO,INTERNET FIBRA 45MB (NO VIGENTE),NO PUEDE NAVEGAR,"ER, NIVEL BAJO MENOS 28.54",2026-03-15,1500047,ACTIVO,MADERO,XPONDD41F06B,AC,INT10,,XPONDD41F06B,,1.0,37001,-28.189918518518684,58504F4EDD41F06B,MN-WIFI2,V1.7.1,45804
1236,2026-03-15,CAMBIO DE ACOMETIDA,BASICO TV + INTERNET FIBRA 250MB ($399),TIT ENTERADO DE CAMBIO DE ACOMETIDA SIN COSTO SOLICITA TEC DANIEL G,nan,2026-03-15,5555555,ACTIVO,VIRREY,XPONDD7E9E3E,AC,BASINTF250,,XPONDD7E9E3E,,0.0,1236,-28.88563996316791,58504F4EDD7E9E3E,MN-CATVDUALM,V1R007C00S001,15891
1236,2026-03-15,CAMBIO DE ACOMETIDA,BASICO TV + INTERNET FIBRA 250MB ($399),TIT ENTERADO DE CAMBIO DE ACOMETIDA SIN COSTO SOLICITA TEC DANIEL G,nan,2026-03-15,5555555,ACTIVO,VIRREY,XPONDD7E9E3E,AC,BASINTF250,,XPONDD7E9E3E,,0.0,1236,-28.88563996316791,58504F4EDD7E9E3E,MN-CATVDUALM,V1R007C00S001,44449
46190,2026-03-15,NO NAVEGA. LEDS PARPADEANDO/NO AMARRA,BASICO TV + INTERNET FIBRA 250MB ($399),FALLA EN AMBOS SERVICIOS. CLIENTE COMENTA ROMPIERON EL CABLE FUERA DE SU DOMICILIO.,"ER, FUERA DE LINEA",2026-03-17,1501177,ACTIVO,NINO ARTILLERO,XPONDD7EA9A6,AC,BASINTF250,,XPONDD7EA9A6,,2.0,46190,-27.8396140609639,58504F4EDD7EA9A6,MN-WIFI2,V1.7.1,37001
334167,2026-03-15,EQUIPO DA?ADO,BASICO TV + INTERNET FIBRA 60MB,TIT ENTERADO DE CAMBIO DE ACOMETIDA SIN COSTO SOLICITA TEC CARLOS,nan,2026-03-15,5555555,CORTESIA,VIRREY,HWTCAF912F9D,SC,BASINT20,2013-07-12,HWTCAF912F9D,4629.0,0.0,334167,-20.926743400859486,48575443AF912F9D,MONUV411,V2.4.12,1236
15891,2026-03-15,EQUIPO DA?ADO,BASICO TV + INTERNET FIBRA 60MB,TIT ENTERADO DE CAMBIO DE MODEM SIN COSTO SOLICITA TEC DANIEL G,nan,2026-03-15,5555555,ACTIVO,MADERO,HWTCAF8FFBA5,AC,BASINT20,,HWTCAF8FFBA5,,0.0,15891,-24.476103703703696,48575443AF8FFBA5,MONUV411,V2.4.12,1236
40555,2026-03-15,NO NAVEGA. LEDS PARPADEANDO/NO AMARRA,BASICO TV + INTERNET FIBRA 60MB,LOS ROJO,"ER, FUERA DE LINEA",2026-03-19,1500503,ACTIVO,SANTIAGUITO,HWTCAF911FE9,AC,BASINT20,2022-09-04,HWTCAF911FE9,1288.0,4.0,40555,-25.20608547655077,48575443AF911FE9,MONUV411,V2.4.12,46190
19862,2026-03-15,NO NAVEGA. LEDS FIJOS/RUIDO,INTERNET FIBRA 60MB,SIN SEÑAL,GT. SE ENVIA A CC,2026-03-17,1500285,ACTIVO,VIRREY,XPONDD4C5FEA,AC,INT20,,XPONDD4C5FEA,,2.0,19862,-21.801809392265152,58504F4EDD4C5FEA,MN-WIFI2,V1.7.1,334167
46137,2026-03-16,NO NAVEGA. LEDS PARPADEANDO/NO AMARRA,INTERNET FIBRA 60MB,LOS ROJO,GT.OFFLINE,2026-03-18,1500036,ACTIVO,PRADOS VERDES,XPONDD3E63F1,AC,INT20,2025-10-12,XPONDD3E63F1,155.0,2.0,46137,-35.488859259259165,58504F4EDD3E63F1,MN-CATV2,V1.7.1,15891
29054,2026-03-16,NO NAVEGA. LEDS PARPADEANDO/NO AMARRA,INTERNET FIBRA 75MB,LOS ROJO,GT.OFFLINE,2026-03-17,1500046,ACTIVO,PEDREGAL,XPONDD28C9F8,AC,INT30,2016-09-11,XPONDD28C9F8,3473.0,1.0,29054,-19.907733529990157,58504F4EDD28C9F8,BT-213XR,V1.2.11,40555
30684,2026-03-16,NO NAVEGA. LEDS PARPADEANDO/NO AMARRA,BASICO TV + INTERNET FIBRA 250MB ($399),SIN SEÑAL AMBOS SERVICIOS,GT.OFFLINE,2026-03-17,1500046,ACTIVO,PEDREGAL,HWTCAFAB481F,AC,BASINTF250,,HWTCAFAB481F,,1.0,30684,-23.138727876106163,48575443AFAB481F,CNA-ONU-4GE2WXCA,V1.7.1,19862
28253,2026-03-16,NO NAVEGA. LEDS PARPADEANDO/NO AMARRA,BASICO TV + INTERNET FIBRA 75MB,LOS ROJO,GT.OFFLINE,2026-03-17,1500046,ACTIVO,PEDREGAL,XPONDD291E10,AC,BASINT30,2016-01-11,XPONDD291E10,3717.0,1.0,28253,-23.589550147492567,58504F4EDD291E10,BT-213XR,V1.2.11,46137
333418,2026-03-16,NO NAVEGA. LEDS PARPADEANDO/NO AMARRA,BASICO TV + INTERNET FIBRA 250MB ($399),SIN SEÑAL AMBOS SERVICIOS,"ER, VARIAS DESCONEXIONES",2026-03-17,1500047,ACTIVO,PRADOS VERDES,HWTCAF3ADB76,AC,BASINTF250,,HWTCAF3ADB76,,1.0,333418,-23.574011604938285,48575443AF3ADB76,CNA-ONU-4GE2WXCA,V1.7.1,29054
46567,2026-03-16,NO NAVEGA. LEDS PARPADEANDO/NO AMARRA,BASICO TV + INTERNET FIBRA 250MB ($399),SIN SEÑAL,"CLIENTE COMENTA QUE NO SE LE DIO SOLUCION A SU FALLA, YA QUE QUIERE CONECTAR SU XBOX PERO LA RED NO SE PUEDE CONFIGURAR||",2026-03-17,1500503,ACTIVO,SANTIAGUITO,HWTCAF91200D,AC,BASINTF250,2026-10-03,HWTCAF91200D,-201.0,1.0,46567,-21.939456845238077,48575443AFAB481F,CNA-ONU-4GE2WXCA,V1.7.1,30684
335929,2026-03-16,NO NAVEGA. LEDS PARPADEANDO/NO AMARRA,BASICO TV + INTERNET FIBRA 60MB,LOS ROJO,"ER, SE MANDA CONFIRMAR",2026-03-17,1500046,ACTIVO,PEDREGAL,485754438DE0219A,AC,BASINT20,,485754438DE0219A,,1.0,335929,-18.55464601769913,485754438DE0219A,HG8546M,V3R017C10S125,28253
7462,2026-03-17,NO NAVEGA. LEDS PARPADEANDO/NO AMARRA,INTERNET FIBRA 75MB,nan,GT.OFFLINE,2026-03-19,1500374,ACTIVO,VIRREY,XPONDD4C5532,AC,INT30,,XPONDD4C5532,,2.0,7462,-28.126325966850626,58504F4EDD4C5532,MN-WIFI2,V1.7.1,333418
38819,2026-03-17,NO NAVEGA. LEDS PARPADEANDO/NO AMARRA,INTERNET FIBRA 75MB,LOS ROJO,"ER, SE MANDA CONFIRMAR",2026-03-18,1500046,ACTIVO,PEDREGAL,485754437322E79D,AC,INT30,2021-08-07,485754437322E79D,1683.0,1.0,38819,-23.568875368731568,485754437322E79D,546M,V3R016C10S135,46567_M
46539,2026-03-17,NO NAVEGA. LEDS PARPADEANDO/NO AMARRA,BASICO TV + INTERNET FIBRA 250MB ($399),LOS ROJO,"ER, FUERA DE LINEA",2026-03-18,1500046,ACTIVO,PEDREGAL,HWTCAF8FD5F5,AC,BASINTF250,,HWTCAF8FD5F5,,1.0,46539,-21.016529006882973,48575443AF8FD5F5,MONUV411,V2.4.12,335929
18720,2026-03-17,MODEM DAÑADO/PERDIDO (COBRO),INTERNET FIBRA 45MB (NO VIGENTE),nan,nan,2026-03-19,1500046,ACTIVO,PEDREGAL,HWTC50029366,AC,INT10,,HWTC50029366,,2.0,18720,-24.107192723697153,4857544350029366,CNA-ONU-2GE2WXCA,V1.7.1,7462
44943,2026-03-17,NO NAVEGA. LEDS PARPADEANDO/NO AMARRA,INTERNET FIBRA 75MB,LOS ROJO,"ER, NIVEL BAJO MENOS 30.80",2026-03-18,1500046,ACTIVO,PEDREGAL,XPONDD5CBC5E,AC,INT30,2025-07-01,XPONDD5CBC5E,259.0,1.0,44943,-30.917319321533807,58504F4EDD5CBC5E,MN-WIFI2,V1.7.1,38819
8231,2026-03-17,NO NAVEGA. LEDS FIJOS/RUIDO,BASICO TV + INTERNET FIBRA 60MB,TAMPOCO SERVICIO DE TV,"ER, FUERA DE LINEA",2026-03-19,1500046,ACTIVO,PERIODISMO,XPON1DA91348,AC,BASINT20,,XPON1DA91348,,2.0,8231,-28.898642418032797,58504F4E1DA91348,HG102WT,V3.2.22,46539
333418,2026-03-17,CAMBIO DE ACOMETIDA,BASICO TV + INTERNET FIBRA 250MB ($399),TEC SOLICITA OS TIT ENTERADO QUE NO TIENE COSTO,nan,2026-03-17,1500047,ACTIVO,PRADOS VERDES,HWTCAF3ADB76,AC,BASINTF250,,HWTCAF3ADB76,,0.0,333418,-23.574011604938285,48575443AF3ADB76,CNA-ONU-4GE2WXCA,V1.7.1,18720
334228,2026-03-17,NO NAVEGA. LEDS PARPADEANDO/NO AMARRA,BASICO TV + INTERNET 50MB (DOBLE MEGAS) (NO VIGENTE),nan,GT.SE ENVIA A CC,2026-03-19,1500374,ACTIVO,VIRREY,HWTC1DD88424,AC,BASINT50DM,,HWTC1DD88424,,2.0,334228,-19.272321976672792,58504F4EDD5CBC5E,MN-WIFI2,V1.7.1,44943
10076,2026-03-17,NO NAVEGA. LEDS PARPADEANDO/NO AMARRA,BASICO TV + INTERNET FIBRA 75MB,LOS ROJO,nan,2026-03-18,1500036,ACTIVO,PRADOS VERDES,BTPTDD26C0CA,AC,BASINT30,,BTPTDD26C0CA,,1.0,10076,-20.87784320987657,42545054DD26C0CA,BT-213XR,V1.2.6,8231
45580,2026-03-17,NO NAVEGA. LEDS PARPADEANDO/NO AMARRA,BASICO TV + INTERNET FIBRA 250MB ($399),CLIENTE COMENTA QUE LE FALLA MUCHO Y SOLO TIENEUN DISPOSITIVO CONECTADO,"ER, SE RECOMIENDA VISITA",2026-03-18,1500036,ACTIVO,MADERO,HWTCAF3AE58A,AC,BASINTF250,,HWTCAF3AE58A,,1.0,45580,-27.381779012345554,48575443AF3AE58A,CNA-ONU-4GE2WXCA,V1.7.1,333418
42800,2026-03-17,NO NAVEGA. LEDS FIJOS/RUIDO,INTERNET FIBRA 75MB,nan,"ER, SE REVISA CON EL TECNICO",2026-03-17,1500046,ACTIVO,PEDREGAL,XPONDD3E703D,AC,INT30,2023-04-05,XPONDD3E703D,1077.0,0.0,42800,-22.498606194690215,58504F4EDD3E703D,MN-WIFI2,V1.7.1,334228_PROMO
334299,2026-03-17,NO NAVEGA. LEDS PARPADEANDO/NO AMARRA,BASICO TV + INTERNET FIBRA 250MB ($399),FALLAS CONSTANTES EN AMBOS SERVICIOS.,GT.SE ENVIA A CC,2026-03-20,1500374,ACTIVO,VIRREY,XPONDD7E9C16,AC,BASINTF250,,XPONDD7E9C16,,3.0,334299,-24.603620319214336,58504F4EDD7E9C16,MN-CATVDUALM,V1R007C00S001,10076
45933,2026-03-17,NO NAVEGA. LEDS PARPADEANDO/NO AMARRA,BASICO TV + INTERNET FIBRA 250MB ($399),SIN SEÑAL AMBOS SERVICIOS,"ER, FUERA DE LINEA",2026-03-18,1500046,ACTIVO,PERIODISMO,XPONDD7EA6D6,AC,BASINTF250,2025-04-11,XPONDD7EA6D6,340.0,1.0,45933,-25.712211407103847,58504F4EDD7EA6D6,MN-CATVDUALM,V1R007C00S001,45580
44026,2026-03-17,NO NAVEGA. LEDS PARPADEANDO/NO AMARRA,BASICO TV + INTERNET FIBRA 250MB ($399),nan,"ER, SE MANDA CONFIRMAR",2026-03-18,1500046,ACTIVO,PERIODISMO,XPONAF19C748,AC,BASINTF250,,XPONAF19C748,,1.0,44026,-26.58840163934429,58504F4EAF19C748,HG102AT,V1.7.1,42800
1842,2026-03-17,NO NAVEGA. LEDS FIJOS/RUIDO,BASICO TV + INTERNET FIBRA 150MB,PIDE VISITA,nan,2026-03-18,1500374,ACTIVO,VIRREY,4857544322F59D9B,AC,BASINT100,,4857544322F59D9B,,1.0,1842,-20.618666359729858,4857544322F59D9B,HS8546V,V3R017C10S138,334299
349067,2026-03-17,NO NAVEGA. LEDS PARPADEANDO/NO AMARRA,BASICO TV + INTERNET FIBRA 75MB,nan,"ER, USP BAJO",2026-03-18,1500046,ACTIVO,PERIODISMO,0026F221C650,AC,BASINT30,,0026F221C650,,1.0,349067,-24.72414593698177,42545054DD25204F,BT-213XR,V1.2.6,45933
37426,2026-03-17,NO NAVEGA. LEDS FIJOS/RUIDO,BASICO TV + INTERNET FIBRA 75MB,nan,TIT COMENTA NO FUNCIONA EL WIFFI DEL MODEM Y NAVEGA SOLO 25 MG CON CABLE ETERNET SOLICITA PASEN A SU DOMICLIO,2026-03-18,1500036,ACTIVO,MADERO,OPTI38C04F45,AC,BASINT30,,OPTI38C04F45,,1.0,37426,-40.0,4F50544938C04F45,IGD,0,44026
46627,2026-03-17,NO NAVEGA. LEDS FIJOS/RUIDO,BASICO TV + INTERNET FIBRA 250MB ($399),nan,PIDE VISITA ESTA MUY LENTO,2026-03-18,1500036,ACTIVO,MADERO,CDTCAFA3BB6A,AC,BASINTF250,2026-04-03,CDTCAFA3BB6A,-17.0,1.0,46627,-20.682132601351327,43445443AFA3BB6A,FD712GD-R850,V1.7.1,1842
45552,2026-03-17,NO NAVEGA. LEDS PARPADEANDO/NO AMARRA,INTERNET FIBRA 75MB,LOS ROJO,"ER, FUERA DE LINEA",2026-03-18,1500036,ACTIVO,PRADOS VERDES,XPONDD5FEE38,AC,INT30,,XPONDD5FEE38,,1.0,45552,-24.650963950617314,58504F4EDD5FEE38,MN-WIFI5,V1R007C00S001,nan
46646,2026-03-17,NO NAVEGA. LEDS PARPADEANDO/NO AMARRA,BASICO TV + INTERNET FIBRA 250MB ($399),FOCO ROJO,"ER, FUERA DE LINEA",2026-03-19,1500046,ACTIVO,PEDREGAL,HWTCAF8FD24D,AC,BASINTF250,2026-11-03,HWTCAF8FD24D,-231.0,2.0,46646,-31.782248243559934,48575443AF8FD24D,MONUV411,V2.4.12,37426
29054,2026-03-17,CAMBIO DE ACOMETIDA,INTERNET FIBRA 75MB,SIN COSO TIT ENTERADO PIDE JORGE,nan,2026-03-17,1500046,ACTIVO,PEDREGAL,XPONDD28C9F8,AC,INT30,2016-09-11,XPONDD28C9F8,3474.0,0.0,29054,-19.907733529990157,58504F4EDD28C9F8,BT-213XR,V1.2.11,46627
29555,2026-03-17,NO NAVEGA. LEDS PARPADEANDO/NO AMARRA,BASICO TV + INTERNET FIBRA 250MB ($399),LOS ROJO,"ER, SE RECOMIENDA VISITA",2026-03-18,1500374,ACTIVO,BELO,XPONDD91A8DE,AC,BASINTF250,,XPONDD91A8DE,,1.0,29555,-21.708630338733403,58504F4EDD91A8DE,MN-CATVDUALM,V1R007C00S001,45552
46277,2026-03-17,NO NAVEGA. LEDS PARPADEANDO/NO AMARRA,BASICO TV + INTERNET FIBRA 250MB ($399),nan,"ER, VARIAS DESCONEXIONES",2026-03-20,1500374,ACTIVO,VISTA BELLA,XPONDD91A1D6,AC,BASINTF250,,XPONDD91A1D6,,3.0,46277,-24.192300862506347,58504F4EDD91A1D6,MN-CATVDUALM,V1R007C00S001,46646
14694,2026-03-17,NO NAVEGA. LEDS PARPADEANDO/NO AMARRA,BASICO TV + INTERNET FIBRA 60MB,nan,"ER, SE RECOMIENDA VISITA",2026-03-20,1500046,ACTIVO,PEDREGAL,XPONDD4C6CDA,AC,BASINT20,,XPONDD4C6CDA,,3.0,14694,-22.542265240904673,58504F4EDD4C6CDA,MN-CATV2,V1.7.1,29054
46615,2026-03-17,NO NAVEGA. LEDS PARPADEANDO/NO AMARRA,BASICO TV + INTERNET FIBRA 250MB ($399),LOS ROJO,"ER, SE RECOMIENDA VISITA",2026-03-19,1500046,ACTIVO,PEDREGAL,HWTCAF9065D1,AC,BASINTF250,2026-12-03,HWTCAF9065D1,-261.0,2.0,nan,,58504F4EDD91A8DE,MN-CATVDUALM,V1R007C00S001,29555
46190,2026-03-17,CAMBIO DE ACOMETIDA,BASICO TV + INTERNET FIBRA 250MB ($399),TIT ACEPTA CAMBIO DE ACOMETIDA SIN COSTO TEC RICARDO,nan,2026-03-17,1501177,ACTIVO,NINO ARTILLERO,XPONDD7EA9A6,AC,BASINTF250,,XPONDD7EA9A6,,0.0,46190,-27.8396140609639,58504F4EDD7EA9A6,MN-CATVDUALM,V1R007C00S001,46277
34833,2026-03-17,NO NAVEGA. LEDS PARPADEANDO/NO AMARRA,BASICO TV + INTERNET FIBRA 60MB,LOS ROJO,"ER, SE RECOMIENDA VISITA",2026-03-21,1500046,ACTIVO,PERIODISMO,OPTI38C066B5,AC,BASINT20,,OPTI38C066B5,,4.0,34833,-23.039023224043817,4F50544938C066B5,IGD,0,14694
42138,2026-03-17,NO NAVEGA. LEDS FIJOS/RUIDO,BASICO TV + INTERNET FIBRA 250MB ($399),SIN SEÑAL,"ER, SE RECOMIENDA VISITA",2026-03-21,1500046,ACTIVO,PERIODISMO,HWTCAF9065C5,AC,BASINTF250,2023-04-01,HWTCAF9065C5,1081.0,4.0,42138,-24.892580259562802,48575443AF9065C5,MONUV411,V2.4.12,2486
42138,2026-03-17,NO NAVEGA. LEDS FIJOS/RUIDO,BASICO TV + INTERNET FIBRA 250MB ($399),SIN SEÑAL,"ER, SE RECOMIENDA VISITA",2026-03-21,1500046,ACTIVO,PERIODISMO,HWTCAF9065C5,AC,BASINTF250,2023-04-01,HWTCAF9065C5,1081.0,4.0,42138,-24.892580259562802,48575443AF9065C5,MONUV411,V2.4.12,46190
43478,2026-03-17,NO NAVEGA. LEDS PARPADEANDO/NO AMARRA,BASICO TV + INTERNET FIBRA 250MB ($399),LOS ROJO,nan,2026-03-18,1500036,ACTIVO,PRADOS VERDES,HWTCAF8FFEED,AC,BASINTF250,,HWTCAF8FFEED,,1.0,43478,-23.1317044444445,48575443AF8FFEED,MONUV411,V2.4.12,34833
43478,2026-03-17,NO NAVEGA. LEDS PARPADEANDO/NO AMARRA,BASICO TV + INTERNET FIBRA 250MB ($399),LOS ROJO,nan,2026-03-18,1500036,ACTIVO,PRADOS VERDES,HWTCAF8FFEED,AC,BASINTF250,,HWTCAF8FFEED,,1.0,43478,-23.1317044444445,48575443AF8FFEED,MONUV411,V2.4.12,42138
44943,2026-03-18,CAMBIO DE ACOMETIDA,INTERNET FIBRA 75MB,SIN COSTO CLIENTE ENTERADO JORGE SOLICITA,nan,2026-03-18,1500046,ACTIVO,PEDREGAL,XPONDD5CBC5E,AC,INT30,2025-07-01,XPONDD5CBC5E,260.0,0.0,44943,-30.917319321533807,58504F4EDD5CBC5E,MN-WIFI2,V1.7.1,42138
42886,2026-03-18,NO NAVEGA. LEDS PARPADEANDO/NO AMARRA,INTERNET FIBRA 60MB,LOS ROJO,"ER, FUERA DE LINEA",2026-03-19,1500374,ACTIVO,BELO,XPONDD3FC39F,AC,INT20,,XPONDD3FC39F,,1.0,42886,-20.984126165930256,58504F4EDD3FC39F,MN-WIFI2,V1.7.1,43478
39433,2026-03-18,NO NAVEGA. LEDS PARPADEANDO/NO AMARRA,INTERNET FIBRA 75MB,nan,"ER, REQUIERE VISITA",2026-03-19,1500036,ACTIVO,MADERO,XPONDD4C5E9A,AC,INT30,,XPONDD4C5E9A,,1.0,39433,-21.446525925925943,58504F4EDD4C5E9A,MN-WIFI2,V1.7.1,43478
34918,2026-03-18,NO NAVEGA. LEDS PARPADEANDO/NO AMARRA,BASICO TV + INTERNET FIBRA 75MB,SIN SEÑAL EN AMBOS SERVICIO,"ER, FUERA DE LINEA",2026-03-21,1500046,ACTIVO,PERIODISMO,XPONDD2C3576,AC,BASINT30,,XPONDD2C3576,,3.0,34918,-28.58207137978133,58504F4EDD2C3576,BT-213XR,V1.2.16SP,44943
46232,2026-03-18,NO NAVEGA. LEDS PARPADEANDO/NO AMARRA,BASICO TV + INTERNET FIBRA 250MB ($399),LOS ROJO,"ER, NIVEL BAJO MENOS 29.20",2026-03-19,1500036,ACTIVO,MADERO,HWTCAFAB56E3,AC,BASINTF250,,HWTCAFAB56E3,,1.0,46232,-29.365023209876536,48575443AFAB56E3,CNA-ONU-4GE2WXCA,V1.7.1,42886
18742,2026-03-18,NO NAVEGA. LEDS FIJOS/RUIDO,INTERNET FIBRA 60MB,nan,"ER, FUERA DE LINEA",2026-03-20,1500046,ACTIVO,PEDREGAL,XPONDD5FE014,AC,INT20,2025-04-06,XPONDD5FE014,346.0,2.0,18742,-25.770002458210456,58504F4EDD5FE014,MN-WIFI2,V1R007C00S001,39433
30684,2026-03-18,NO NAVEGA. LEDS PARPADEANDO/NO AMARRA,BASICO TV + INTERNET FIBRA 250MB ($399),SIGUE SIN SEÑAL DE TV TAMBIEN,"ER, FUERA DE LINEA",2026-03-19,1500046,ACTIVO,PEDREGAL,HWTCAFAB481F,AC,BASINTF250,,HWTCAFAB481F,,1.0,30684,-23.138727876106163,48575443AFAB481F,CNA-ONU-4GE2WXCA,V1.7.1,34918
30832,2026-03-18,NO NAVEGA. LEDS PARPADEANDO/NO AMARRA,INTERNET FIBRA 45MB (NO VIGENTE),PON PARPADEA,"ER, NIVEL BAJO MENOS 32.21",2026-03-22,1500285,ACTIVO,PRADOS VERDES,XPONDD41E623,AC,INT10,2017-02-05,XPONDD41E623,3328.0,4.0,30832,-31.21839259259239,58504F4EDD41E623,MN-WIFI2,V1.7.1,46232
45853,2026-03-18,NO NAVEGA. LEDS PARPADEANDO/NO AMARRA,BASICO TV + INTERNET FIBRA 250MB ($399),CABLE TROZADO A FUERA DE DOM,"ER, REQUIERE VISITA",2026-03-20,1500039,ACTIVO,PEDREGAL,XPONAF5B6A95,AC,BASINTF250,,XPONAF5B6A95,,2.0,45853,-27.331270894788684,58504F4EAF5B6A95,HG102AT,V1.7.1,18742
32373,2026-03-18,NO NAVEGA. LEDS PARPADEANDO/NO AMARRA,INTERNET FIBRA 45MB (NO VIGENTE),LOS ROJO,"ER, FUERA DE LINEA",2026-03-19,1500046,ACTIVO,PEDREGAL,485754438AB0288B,AC,INT10,2017-05-10,485754438AB0288B,3234.0,1.0,32373,-26.59404744346115,485754438AB0288B,546M,V3R016C10S130,30684
45221,2026-03-18,NO NAVEGA. LEDS PARPADEANDO/NO AMARRA,INTERNET FIBRA 60MB,LOS ROJO,"ER, FUERA DE LINEA",2026-03-20,1500374,ACTIVO,VISTA BELLA,HWTC1DD880A0,AC,INT20,,HWTC1DD880A0,,2.0,45221,-25.407874175545306,485754431DD880A0,CNA-ONU-4GE2WX,V1.7.1,30832
46567,2026-03-18,NO NAVEGA. LEDS PARPADEANDO/NO AMARRA,BASICO TV + INTERNET FIBRA 250MB ($399),LOS ROJO,JE MANDO A CC,2026-03-19,1500503,ACTIVO,SANTIAGUITO,HWTCAF91200D,AC,BASINTF250,2026-10-03,HWTCAF91200D,-199.0,1.0,46567,-21.939456845238077,58504F4EDD41E623,None,None,44615
37182,2026-03-18,NO NAVEGA. LEDS PARPADEANDO/NO AMARRA,INTERNET FIBRA 45MB (NO VIGENTE),LOS ROJO,"ER, FUERA DE LINEA",2026-03-19,1500046,ACTIVO,PEDREGAL,OPTI37B0EFED,AC,INT10,,OPTI37B0EFED,,1.0,37182,-22.676975172074776,4F50544937B0EFED,MONUV142,0,45853
345006,2026-03-18,NO NAVEGA. LEDS PARPADEANDO/NO AMARRA,BASICO TV + INTERNET FIBRA 60MB,LOS ROJO,nan,2026-03-19,1500046,ACTIVO,PEDREGAL,XPONDD45EB3A,AC,BASINT20,,XPONDD45EB3A,,1.0,345006,-23.539188790560395,58504F4EDD45EB3A,MN-CATV2,V1.7.1,32373
46627,2026-03-18,EQUIPO DA?ADO,BASICO TV + INTERNET FIBRA 250MB ($399),CAMBIO DE EQUIPO SIN COSTO TOIT ENTERADA,nan,2026-03-18,1500036,ACTIVO,MADERO,CDTCAFA3BB6A,AC,BASINTF250,2026-04-03,CDTCAFA3BB6A,-16.0,0.0,46627,-20.682132601351327,43445443AFA3BB6A,FD712GD-R850,V1.7.1,45221
728,2026-03-18,NO NAVEGA. LEDS FIJOS/RUIDO,BASICO TV + INTERNET FIBRA 250MB ($399),LOS ROJO AMBOS SERVICIOS,"ER, VARIAS DESCONEXIONES",2026-03-19,1500374,ACTIVO,VIRREY,XPON2E1B644B,AC,BASINTF250,,XPON2E1B644B,,1.0,728,-23.179123695518857,58504F4E2E1B644B,WK-3802AWC,V3.2.14,46567_M
46534,2026-03-18,NO NAVEGA. LEDS FIJOS/RUIDO,BASICO TV + INTERNET FIBRA 250MB ($399),INTERMITENTE,"ER, VARIAS DESCONEXIONES",2026-03-19,1500374,ACTIVO,BELO,HWTC5002590A,AC,BASINTF250,,HWTC5002590A,,1.0,46534,-21.90422434953359,485754435002590A,CNA-ONU-2GE2WXCA,V1.7.1,37182
28760,2026-03-18,NO NAVEGA. LEDS PARPADEANDO/NO AMARRA,BASICO TV + INTERNET FIBRA 250MB ($399),LOS ROJO,"ER, SE RECOMIENDA VISITA",2026-03-22,1500039,ACTIVO,PERIODISMO,HWTCAFAB3583,AC,BASINTF250,2025-11-12,HWTCAFAB3583,126.0,4.0,28760,-23.33839480874329,48575443AFAB3583,CNA-ONU-4GE2WXCA,V1.7.1,345006
334791,2026-03-18,NO NAVEGA. LEDS PARPADEANDO/NO AMARRA,BASICO TV + INTERNET FIBRA 75MB,nan,"ER, SE RECOMIENDA VISITA",2026-03-19,1500046,ACTIVO,PEDREGAL,XPONDD298288,AC,BASINT30,,XPONDD298288,,1.0,334791,-25.590215093411956,58504F4EDD298288,BT-211XR,V1.2.11,46627
42142,2026-03-18,NO NAVEGA. LEDS PARPADEANDO/NO AMARRA,BASICO TV + INTERNET FIBRA 250MB ($399),MODEM APAGO,nan,2026-03-19,1500036,ACTIVO,PUNHUATO,CDTCAFA3B28E,AC,BASINTF250,2026-05-02,CDTCAFA3B28E,-45.0,1.0,42142,-24.22927761341231,43445443AFA3B28E,FD712GD-R850,V1.7.1,728
32754,2026-03-18,NO NAVEGA. LEDS PARPADEANDO/NO AMARRA,BASICO TV + INTERNET FIBRA 45MB (NO VIGENTE),AMBOS SERVICION,nan,2026-03-22,1500039,ACTIVO,PEDREGAL,XPONDD6EFEE3,AC,BASINT10,,XPONDD6EFEE3,,4.0,32754,-29.177555309734522,58504F4EDD6EFEE3,MN-CATV2,V1R007C00S001,46534
38462,2026-03-18,NO NAVEGA. LEDS PARPADEANDO/NO AMARRA,INTERNET FIBRA 75MB,FOCO DE WIFFI APAGADO. BOTON DE WIFI,nan,2026-03-21,1500374,ACTIVO,BELO,XPONDD43A11B,AC,INT30,,XPONDD43A11B,,3.0,38462,-22.68021723122233,58504F4EDD43A11B,MN-WIFI2,V1.7.1,28760
42173,2026-03-18,NO NAVEGA. LEDS PARPADEANDO/NO AMARRA,INTERNET FIBRA 60MB,LOS ROJO,"GT.OFFLINE, REQUIERE VISITA",2026-03-19,1500036,ACTIVO,PUNHUATO,48575443D055B05B,AC,INT20,2023-04-01,48575443D055B05B,1082.0,1.0,42173,-23.833909023668625,48575443D055B05B,HG8546M,V5R019C00S050,334791
38104,2026-03-18,NO NAVEGA. LEDS PARPADEANDO/NO AMARRA,BASICO TV + INTERNET FIBRA 250MB ($399),LOS ROJO,GT. NIVEL BAJO MENOS  28.54,2026-03-20,1500374,ACTIVO,VISTA BELLA,HWTCAF8FE9ED,AC,BASINTF250,,HWTCAF8FE9ED,,2.0,38104,-27.910968076285183,48575443AF8FE9ED,MONUV411,V2.4.12,42142
31602,2026-03-18,NO NAVEGA. LEDS PARPADEANDO/NO AMARRA,INTERNET FIBRA 75MB,SIN SEÑAL,nan,2026-03-22,1500046,ACTIVO,PERIODISMO,48575443AA2C929D,AC,INT30,2017-10-07,48575443AA2C929D,3084.0,4.0,31602,-27.807547814207812,48575443AA2C929D,546M,V3R016C10S130,32754
45918,2026-03-18,NO NAVEGA. LEDS PARPADEANDO/NO AMARRA,BASICO TV + INTERNET FIBRA 250MB ($399),FUERA DE LINEA,GT.CAIDA DE NIVEL,2026-03-19,1500503,ACTIVO,SANTIAGUITO,HWTC500258CE,AC,BASINTF250,,HWTC500258CE,,1.0,45918,-20.31161371659105,48575443500258CE,CNA-ONU-2GE2WXCA,V1.7.1,38462
41817,2026-03-18,NO NAVEGA. LEDS PARPADEANDO/NO AMARRA,INTERNET FIBRA 60MB,RESETEO,"GT.OFFLINE, REQUIERE VISITA",2026-03-21,1500374,ACTIVO,BELO,XPONDD5FF36C,AC,INT20,,XPONDD5FF36C,,3.0,41817,-24.712398134511613,58504F4EDD5FF36C,MN-WIFI2,V1R007C00S001,42173
36704,2026-03-18,EQUIPO DA?ADO,BASICO TV + INTERNET FIBRA 60MB,INF UBER SOLICITA,nan,2026-03-19,1500047,CORTESIA,PERIODISMO,HWTC50025F52,SC,BASINT20,,HWTC50025F52,,1.0,36704,-26.10581454918038,4857544350025F52,CNA-ONU-2GE2WXCA,V1.7.1,38104
44554,2026-03-18,NO NAVEGA. LEDS PARPADEANDO/NO AMARRA,INTERNET FIBRA 60MB,LOS ROJO,nan,2026-03-20,1501399,ACTIVO,NINO ARTILLERO,XPONDD53062C,AC,INT20,,XPONDD53062C,,2.0,44554,-21.83198623402161,48575443AA2C929D,546M,V3R016C10S130,31602
46678,2026-03-19,NO NAVEGA. LEDS PARPADEANDO/NO AMARRA,BASICO TV + INTERNET FIBRA 250MB ($399),SIN SEÑAL EN NINGUN SERVICIO,GT.OFFLINE,2026-03-19,1501177,ACTIVO,EL REALITO,HWTCAF91203D,AC,BASINTF250,,HWTCAF91203D,,0.0,46678,-24.155730809674044,48575443500258CE,CNA-ONU-2GE2WXCA,V1.7.1,45918
41062,2026-03-19,NO NAVEGA. LEDS FIJOS/RUIDO,INTERNET FIBRA 75MB,PIDE VISITA POR FALLAS CONSTANTES,GT. DESCONEXIONES,2026-03-23,1500047,ACTIVO,MADERO,4857544311658EA9,AC,INT30,,4857544311658EA9,,4.0,41062,-29.030076560099733,4857544311658EA9,HG8546M,V3R017C10S125,41817
45980,2026-03-19,NO NAVEGA. LEDS PARPADEANDO/NO AMARRA,BASICO TV + INTERNET FIBRA 250MB ($399),LOS ROJO,"GT.OFFLINE, REQUIERE VISITA",2026-03-19,1500046,ACTIVO,PEDREGAL,XPONDD7EAEC6,AC,BASINTF250,,XPONDD7EAEC6,,0.0,45980,-30.36487094395297,58504F4EDD7EAEC6,MN-CATVDUALM,V1R007C00S001,36704
39656,2026-03-19,NO NAVEGA. LEDS PARPADEANDO/NO AMARRA,INTERNET FIBRA 75MB,FALLA SERVICIO DESDE EL PRIMERO DEL MES.,"GT.OFFLINE, REQUIERE VISITA",2026-03-23,1500374,PENDIENTE DESCONEXION,MIL CUMBRES,nan,PD,INT30,2021-05-11,nan,1773.0,4.0,39656,-25.735220588235304,4857544321A4B28B,546M,V3R016C10S130,44554_M
42689,2026-03-19,NO NAVEGA. LEDS PARPADEANDO/NO AMARRA,INTERNET FIBRA 75MB,LOS ROJO,"GT.OFFLINE, REQUIERE VISTA",2026-03-20,1500046,ACTIVO,PEDREGAL,XPONDD3E7155,AC,INT30,,XPONDD3E7155,,1.0,42689,-22.76440880039334,58504F4EDD3E7155,MN-WIFI2,V1.7.1,46678_M
34501,2026-03-19,NO NAVEGA. LEDS FIJOS/RUIDO,INTERNET FIBRA 120MB,TIENE NIVEL BAJO REQUIERE VISITA,GT. NIVEL BAJO MENOS 30.96,2026-03-23,1500039,ACTIVO,PEDREGAL,4857544357390071,AC,INT50,2023-09-03,4857544357390071,928.0,4.0,34501,-30.73098451327429,4857544357390071,HG8546M,V5R019C00S050,41062
344795,2026-03-19,NO NAVEGA. LEDS PARPADEANDO/NO AMARRA,INTERNET FIBRA 75MB,nan,JE MANDO A CC,2026-03-20,1500046,ACTIVO,PEDREGAL,XPONDD41F2FB,AC,INT30,,XPONDD41F2FB,,1.0,344795,-21.91301622418877,58504F4EDD41F2FB,MN-WIFI2,V1.7.1,45980
29054,2026-03-19,NO NAVEGA. LEDS FIJOS/RUIDO,INTERNET FIBRA 75MB,MALA INST,JE VISITA PARA CHECAR EN DOMICILIO,2026-03-19,1500046,ACTIVO,PEDREGAL,XPONDD28C9F8,AC,INT30,2016-09-11,XPONDD28C9F8,3476.0,0.0,29054,-19.907733529990157,58504F4EDD28C9F8,BT-213XR,V1.2.11,nan
346613,2026-03-19,NO NAVEGA. LEDS PARPADEANDO/NO AMARRA,BASICO TV + INTERNET FIBRA 250MB ($399),SIN SEÑAL EN NINGUN SERVICIO,JE FUERA DE LINEA REQUIERE VISITA,2026-03-20,1500046,ACTIVO,PEDREGAL,XPONDD7EAA7E,AC,BASINTF250,,XPONDD7EAA7E,,1.0,346613,-25.35809365781717,58504F4EDD7EAA7E,MN-CATVDUALM,V1R007C00S001,42689
32334,2026-03-19,NO NAVEGA. LEDS PARPADEANDO/NO AMARRA,BASICO TV + INTERNET FIBRA 75MB,NIVEL BAJO,nan,2026-03-22,1500285,ACTIVO,PRADOS VERDES,XPONDD3FB5FF,AC,BASINT30,2017-04-10,XPONDD3FB5FF,3265.0,3.0,32334,-31.24783827160494,58504F4EDD3FB5FF,MN-CATV2,V1.7.1,34501
346667,2026-03-19,NO NAVEGA. LEDS PARPADEANDO/NO AMARRA,BASICO TV + INTERNET FIBRA 250MB ($399),nan,JE MANDO A CC,2026-03-20,1500046,ACTIVO,PEDREGAL,CDTCAFA3B552,AC,BASINTF250,2014-08-10,CDTCAFA3B552,4239.0,1.0,346667,-25.505444936086576,43445443AFA3B552,FD712GD-R850,V1.7.1,344795
13421,2026-03-19,NO NAVEGA. LEDS FIJOS/RUIDO,INTERNET FIBRA 75MB,SEÑAL INTERMITENTE SOLICITA PASEN A DOM. RESETEO,JE VISITA PARA CHECAR EN DOMICILIO,2026-03-21,1500374,ACTIVO,BELO,48575443E68816A9,AC,INT30,2017-11-12,48575443E68816A9,3049.0,2.0,13421,-27.00011413843894,48575443E68816A9,HG8546M,V3R017C10S125,29054
45976,2026-03-19,NO NAVEGA. LEDS PARPADEANDO/NO AMARRA,INTERNET FIBRA 60MB,LOS ROJO,JE FUERA DE LINEA REQUIERE VISITA,2026-03-23,1500047,ACTIVO,PUNHUATO,485754434A9F18A,AC,INT20,2025-07-11,485754434A9F18A,251.0,4.0,45976,-27.029527859960854,485754434A9F918A,546M,V3R017C10S108,346613
40555,2026-03-19,EQUIPO DA?ADO,BASICO TV + INTERNET FIBRA 60MB,TIT ENTERADO DE CAMBIO DE MODEM SIN COSTO SOLICITA TEC HUMBERTO,nan,2026-03-19,1500503,ACTIVO,SANTIAGUITO,HWTCAF911FE9,AC,BASINT20,2022-09-04,HWTCAF911FE9,1292.0,0.0,40555,-25.20608547655077,48575443AF911FE9,MONUV411,V2.4.12,32334
46507,2026-03-19,NO NAVEGA. LEDS PARPADEANDO/NO AMARRA,BASICO TV + INTERNET FIBRA 250MB ($399),LOS ROJO AMBOS SERVICIOS,JE FUERA DE LINEA REQUIERE VISITA,2026-03-20,1500374,ACTIVO,BELO,HWTC50025916,AC,BASINTF250,,HWTC50025916,,1.0,46507,-20.16011291114383,4857544350025916,CNA-ONU-2GE2WXCA,V1.7.1,346667
45365,2026-03-19,NO NAVEGA. LEDS PARPADEANDO/NO AMARRA,INTERNET FIBRA 75MB,COMENTA QUE SE LE VA MUCHO POR LAS TARDES,JE MANDO A CC,2026-03-24,1500374,ACTIVO,BELO,HWTC73B8608B,AC,INT30,2025-10-06,HWTC73B8608B,164.0,5.0,45365,-26.988225331369662,4857544373B8608B,546M,V3R016C10S130,13421
11603,2026-03-19,NO NAVEGA. LEDS FIJOS/RUIDO,BASICO TV + INTERNET FIBRA 250MB ($399),nan,"SE ENCUENTRA OFFLINE, REQUIERE VISITA",2026-03-21,1500046,ACTIVO,PERIODISMO,HWTCAFAB42BB,AC,BASINTF250,2025-12-12,HWTCAFAB42BB,97.0,2.0,11603,-23.30276810109293,48575443AFAB42BB,CNA-ONU-4GE2WXCA,V1.7.1,nan
34940,2026-03-19,NO NAVEGA. LEDS PARPADEANDO/NO AMARRA,BASICO TV + INTERNET FIBRA 60MB,LOS ROJO,JE FUERA DE LINEA REQUIERE VISITA,2026-03-21,1500046,ACTIVO,PERIODISMO,XPON1D43230C,AC,BASINT20,,XPON1D43230C,,2.0,34940,-24.58689207650278,58504F4E1D43230C,HG102AT,V1.7.1,40555
44730,2026-03-19,NO NAVEGA. LEDS PARPADEANDO/NO AMARRA,INTERNET FIBRA 60MB,nan,JE MANDO A CC,2026-03-19,5555555,ACTIVO,NINO ARTILLERO,XPONDD439F93,AC,INT20,,XPONDD439F93,,0.0,44730,-23.92215093412001,4857544350025916,CNA-ONU-2GE2WXCA,V1.7.1,46507
38692,2026-03-19,NO NAVEGA. LEDS PARPADEANDO/NO AMARRA,INTERNET FIBRA 75MB,nan,JE MANDO A CC,2026-03-22,1500285,ACTIVO,VIRREY,4857544366EEC1A9,AC,INT30,,4857544366EEC1A9,,3.0,38692,-22.731728054020927,4857544366EEC1A9,HG8546M,V3R017C10S125,45365
348164,2026-03-19,NO NAVEGA. LEDS PARPADEANDO/NO AMARRA,BASICO TV + INTERNET FIBRA 250MB ($399),LOS ROJO AMBOS SERVICIOS. REALIZO EDWIN Y DIEGO ABR- ACOMETIDA DAÑADA.,JE FUERA DE LINEA REQUIERE VISITA,2026-03-21,1500036,ACTIVO,PRADOS VERDES,HWTC1DD89B88,AC,BASINTF250,2025-04-08,HWTC1DD89B88,345.0,2.0,348164,-27.42444938271598,48575443AFAB42BB,CNA-ONU-4GE2WXCA,V1.7.1,11603
39433,2026-03-19,EQUIPO DA?ADO,INTERNET FIBRA 75MB,TIT ENTERADO DE CAMBIO DE MODEM SIN COSTO SOLICOITA TEC CARLOS,nan,2026-03-19,1500036,ACTIVO,MADERO,XPONDD4C5E9A,AC,INT30,,XPONDD4C5E9A,,0.0,39433,-21.446525925925943,58504F4EDD4C5E9A,MN-WIFI2,V1.7.1,34940
29342,2026-03-19,NO NAVEGA. LEDS PARPADEANDO/NO AMARRA,INTERNET FIBRA 75MB,LOS ROJO,JE MANDO A CC,2026-03-23,1500047,ACTIVO,MADERO,485754430A61A26F,AC,INT30,,485754430A61A26F,,4.0,29342,-22.17844320987666,485754430A61A26F,HG8546M,V3R017C00S125,44730_M
41020,2026-03-19,NO NAVEGA. LEDS FIJOS/RUIDO,INTERNET FIBRA 60MB,SEÑAL MUY INTERMITENTE. 1 EMPALME VERDE,GT.OFFLINE,2026-03-21,1500374,ACTIVO,VIRREY,48575443F3252EA9,AC,INT20,,48575443F3252EA9,,2.0,41020,-20.246246163290376,48575443F3252EA9,HG8546M,V3R017C10S125,38692
42354,2026-03-19,NO NAVEGA. LEDS PARPADEANDO/NO AMARRA,INTERNET FIBRA 75MB,"FALLAS CONTINUAS, SE VA EL INTERNET.  ESTO A PARTIR DEL PRIMERO DEL MES DE MARZO.",GT.SE ENVIA A CC,2026-03-20,1500374,ACTIVO,BELO,XPONDD3C30D0,AC,INT30,,XPONDD3C30D0,,1.0,42354,-23.288966617574875,58504F4EDD3C30D0,MN-CATV2,V1.7.1,348164_promo
638,2026-03-19,NO NAVEGA. LEDS PARPADEANDO/NO AMARRA,INTERNET FIBRA 45MB (NO VIGENTE),LOS ROJO,nan,2026-03-19,1500036,ACTIVO,MADERO,"14CFE2CCD842, XPONDD5FEF38",AC,INT10,2021-07-01,"14CFE2CCD842, XPONDD5FEF38",1722.0,0.0,638,-28.947598101265772,58504F4EDD5FEF38,MN-WIFI2,V1.7.1,39433
31626,2026-03-19,NO NAVEGA. LEDS FIJOS/RUIDO,BASICO TV + INTERNET FIBRA 250MB ($399),FOCO ROJO,"ER, VARIAS DESCONEXIONES",2026-03-20,1500046,ACTIVO,PEDREGAL,HWTC50029396,AC,BASINTF250,,HWTC50029396,,1.0,31626,-24.894994252873555,4857544350029396,CNA-ONU-2GE2WXCA,V1.7.1,29342
26269,2026-03-20,NO NAVEGA. LEDS PARPADEANDO/NO AMARRA,INTERNET FIBRA 75MB,LOS ROJO,nan,2026-03-21,1501409,ACTIVO,PRADOS VERDES,XPONDD54FC7C,AC,INT30,,XPONDD54FC7C,,1.0,26269,-22.01819037037035,58504F4EDD54FC7C,MN-CATV2,V1.7.1,41020
31064,2026-03-20,NO NAVEGA. LEDS PARPADEANDO/NO AMARRA,INTERNET FIBRA 45MB (NO VIGENTE),LOS ROJO,"ER, FUERA DE LINEA",2026-03-20,1500046,ACTIVO,PEDREGAL,XPONDD5CB25E,AC,INT10,2017-09-05,XPONDD5CB25E,3118.0,0.0,31064,-29.473632005899507,58504F4EDD5CB25E,MN-WIFI2,V1.7.1,42354
45918,2026-03-20,NO NAVEGA. LEDS FIJOS/RUIDO,BASICO TV + INTERNET FIBRA 250MB ($399),NUEVAMENTE SIN SEÑAL,"GT, SE ATENDIO X WHATS",2026-03-20,1500503,ACTIVO,SANTIAGUITO,HWTC500258CE,AC,BASINTF250,,HWTC500258CE,,0.0,45918,-20.31161371659105,48575443500258CE,CNA-ONU-2GE2WXCA,V1.7.1,638
45956,2026-03-20,NO NAVEGA. LEDS PARPADEANDO/NO AMARRA,BASICO TV + INTERNET FIBRA 250MB ($399),nan,GT.SE ENVIA A CC,2026-03-30,1501177,ACTIVO,RICARDO FLORES MAGON,XPONDD7EA3DE,AC,BASINTF250,2025-08-11,XPONDD7EA3DE,221.0,10.0,45956,-25.571718289085585,58504F4EDD7EA3DE,MN-CATVDUALM,V1R007C00S001,45478
40463,2026-03-20,NO NAVEGA. LEDS PARPADEANDO/NO AMARRA,INTERNET FIBRA 60MB,LOS ROJO,"ER, FUERA DE LINEA",2026-03-23,1500039,ACTIVO,PEDREGAL,48575443B51C13A9,AC,INT20,,48575443B51C13A9,,3.0,40463,-40.0,48575443B51C13A9,HG8546M,V3R017C10S125,31626
44684,2026-03-20,NO NAVEGA. LEDS PARPADEANDO/NO AMARRA,INTERNET FIBRA 60MB,nan,NO TIENE SERVICIO DESDE AYER,2026-03-23,1500039,BAJA,PEDREGAL,nan,BA,INT20,2024-02-10,nan,769.0,3.0,44684,-25.574827674897097,58504F4EDD530E34,MN-WIFI2,V1.7.1,26269
18742,2026-03-20,CAMBIO DE ACOMETIDA,INTERNET FIBRA 60MB,SIN COSTO CLIENTE ENTERADO  PIDE JORGE,nan,2026-03-20,1500046,ACTIVO,PEDREGAL,XPONDD5FE014,AC,INT20,2025-04-06,XPONDD5FE014,348.0,0.0,18742,-25.770002458210456,58504F4EDD5FE014,MN-WIFI2,V1R007C00S001,31064
346700,2026-03-20,NO NAVEGA. LEDS FIJOS/RUIDO,INTERNET FIBRA 60MB,nan,"ER, FUERA DE LINEA",2026-03-23,1500039,ACTIVO,PEDREGAL,XPONDD4C53FA,AC,INT20,2016-08-01,XPONDD4C53FA,3518.0,3.0,346700,-30.20952310717821,58504F4EDD4C53FA,MN-WIFI2,V1.7.1,45918
45918,2026-03-20,EQUIPO DA?ADO,BASICO TV + INTERNET FIBRA 250MB ($399),TIT ENTERADO DE CAMBIO DE MODEM SIN COSTO SOLICITA TEC HUMBERTO,nan,2026-03-20,1500503,ACTIVO,SANTIAGUITO,HWTC500258CE,AC,BASINTF250,,HWTC500258CE,,0.0,45918,-20.31161371659105,48575443500258CE,CNA-ONU-2GE2WXCA,V1.7.1,45956
349067,2026-03-20,NO NAVEGA. LEDS PARPADEANDO/NO AMARRA,BASICO TV + INTERNET FIBRA 75MB,nan,NO HAN PASADO A DOM,2026-03-20,1500039,ACTIVO,PERIODISMO,0026F221C650,AC,BASINT30,,0026F221C650,,0.0,349067,-24.72414593698177,42545054DD25204F,BT-213XR,V1.2.6,40463
21371,2026-03-20,NO NAVEGA. LEDS PARPADEANDO/NO AMARRA,BASICO TV + INTERNET FIBRA 60MB,nan,GT. SE ENVIA A CC,2026-03-22,1500285,ACTIVO,VIRREY,XPONDD291150,AC,BASINT20,,XPONDD291150,,2.0,21371,-21.156091160220953,58504F4EDD291150,BT-213XR,V1.2.11,nan
46232,2026-03-20,NO NAVEGA. LEDS PARPADEANDO/NO AMARRA,BASICO TV + INTERNET FIBRA 250MB ($399),LOS ROJO,"ER, FUERA DE LINEA",2026-03-22,1500285,ACTIVO,MADERO,HWTCAFAB56E3,AC,BASINTF250,,HWTCAFAB56E3,,2.0,46232,-29.365023209876536,48575443AFAB56E3,CNA-ONU-4GE2WXCA,V1.7.1,18742
29036,2026-03-20,NO NAVEGA. LEDS PARPADEANDO/NO AMARRA,BASICO TV + INTERNET FIBRA 250MB ($399),CABLE TROZADO,"ER, FUERA DE LINEA",2026-03-23,1500039,ACTIVO,PERIODISMO,HWTCAF912EF5,AC,BASINTF250,,HWTCAF912EF5,,3.0,29036,-28.049312545587316,48575443AF912EF5,MONUV411,V2.4.12,346700
42689,2026-03-20,CAMBIO DE ACOMETIDA,INTERNET FIBRA 75MB,CLIENTE ENTERADO CAMBIO DE ACOMETIDA JORGE,nan,2026-03-20,1500046,ACTIVO,PEDREGAL,XPONDD3E7155,AC,INT30,,XPONDD3E7155,,0.0,42689,-22.76440880039334,58504F4EDD3E7155,MN-WIFI2,V1.7.1,45918
32373,2026-03-20,NO NAVEGA. LEDS FIJOS/RUIDO,INTERNET FIBRA 45MB (NO VIGENTE),FOCO ROJO,"ER, VARIAS DESCONEXIONES",2026-03-20,1500039,ACTIVO,PEDREGAL,485754438AB0288B,AC,INT10,2017-05-10,485754438AB0288B,3236.0,0.0,32373,-26.59404744346115,485754438AB0288B,546M,V3R016C10S130,nan
14986,2026-03-20,NO NAVEGA. LEDS PARPADEANDO/NO AMARRA,BASICO TV + INTERNET FIBRA 75MB,LOS ROJO SIN SEÑAL EN AMBOS SERVICIOS,"ER, NIVEL BAJO MENOS 29.58",2026-03-20,1500039,ACTIVO,PEDREGAL,XPONDD3C2F80,AC,BASINT30,,XPONDD3C2F80,,0.0,14986,-28.035331858407126,58504F4EDD3C2F80,MN-CATV2,V1R007C00S001,21371
32373,2026-03-20,EQUIPO DA?ADO,INTERNET FIBRA 45MB (NO VIGENTE),TECNICO DAVID SOLICITA SIN COSTO TIT ENTERADO,nan,2026-03-20,1500039,ACTIVO,PEDREGAL,485754438AB0288B,AC,INT10,2017-05-10,485754438AB0288B,3236.0,0.0,32373,-26.59404744346115,485754438AB0288B,546M,V3R016C10S130,46232
46418,2026-03-20,NO NAVEGA. LEDS PARPADEANDO/NO AMARRA,BASICO TV + INTERNET FIBRA 250MB ($399),LOS ROJO,GT.SE ENVIA A CC,2026-03-20,1501409,ACTIVO,EL REALITO,XPONDD91A03E,AC,BASINTF250,2026-05-02,XPONDD91A03E,-43.0,0.0,46418,-23.6052409339295,48575443AF912EF5,MONUV411,V2.4.12,29036
1691,2026-03-20,NO NAVEGA. LEDS PARPADEANDO/NO AMARRA,BASICO TV + INTERNET FIBRA 150MB,LOS ROJO,GT.OFFLINE,2026-03-23,1500374,CORTESIA PARCIAL,BELO,48575443946655C5,CP,BASINT100,,48575443946655C5,,3.0,1691,-20.004306578301414,48575443946655C5,HS8546V,V3R017C10S138,42689
40553,2026-03-20,NO NAVEGA. LEDS PARPADEANDO/NO AMARRA,INTERNET FIBRA 60MB,LOS ROJO,"ER, SE MANDA CONFIRMAR",2026-03-22,1500047,ACTIVO,MADERO,48575443477865A9,AC,INT20,,48575443477865A9,,2.0,40553,-22.275555555555627,48575443477865A9,HG8546M,V3R017C10S125,32373
6346,2026-03-20,NO NAVEGA. LEDS PARPADEANDO/NO AMARRA,BASICO TV + INTERNET FIBRA 75MB,CLIENTE COMENTA QUE POR LAS TARDES SE LE VA EL SERVCIO DE INTERNET.,GT. SE ENVIA A CC,2026-03-21,1500374,ACTIVO,BELO,XPONDD4C87F2,AC,BASINT30,,XPONDD4C87F2,,1.0,6346,-22.20026509572898,58504F4EDD4C87F2,MN-CATV2,V1.7.1,14986
30750,2026-03-20,NO NAVEGA. LEDS PARPADEANDO/NO AMARRA,INTERNET FIBRA 75MB,LOS ROJO,"ER, SE MANDA CONFIRMAR",2026-03-20,1500039,ACTIVO,PEDREGAL,48575443746BF44C,AC,INT30,,48575443746BF44C,,0.0,30750,-25.11047935103235,48575443746BF44C,HG8546M,V5R019C00S050,32373
6233,2026-03-20,NO NAVEGA. LEDS PARPADEANDO/NO AMARRA,BASICO TV + INTERNET FIBRA 250MB ($399),LOS ROJO,"ER, FUERA DE LINEA",2026-03-23,1500047,ACTIVO,MADERO,HWTCAF8FFBC9,AC,BASINTF250,2014-09-04,HWTCAF8FFBC9,4215.0,3.0,6233,-29.662331349206408,48575443AF8FFBC9,MONUV411,V2.4.12,46418_M
46646,2026-03-20,NO NAVEGA. LEDS PARPADEANDO/NO AMARRA,BASICO TV + INTERNET FIBRA 250MB ($399),LOS ROJO,"ER, FUERA DE LINEA",2026-03-22,1500039,ACTIVO,PEDREGAL,HWTCAF8FD24D,AC,BASINTF250,2026-11-03,HWTCAF8FD24D,-228.0,2.0,46646,-31.782248243559934,48575443AF8FD24D,MONUV411,V2.4.12,1691
21878,2026-03-20,NO NAVEGA. LEDS PARPADEANDO/NO AMARRA,BASICO TV + INTERNET FIBRA 250MB ($399),REALIZO EDWIN Y DIEGO,TIENE MUCHAS INTERMITENCIAS Y NO PUEDE INGRESAR A NINGUNA PAGINA NI ABRIR NINGUNA PLATAFORMA,2026-03-21,1500036,ACTIVO,PRADOS VERDES,XPONDD3C40E8,AC,BASINTF250,2016-06-01,XPONDD3C40E8,3579.0,1.0,21878,-24.087463209876656,58504F4EDD3C40E8,MN-CATV2,V1.7.1,40553
45976,2026-03-20,CAMBIO DE ACOMETIDA,INTERNET FIBRA 60MB,TIT ACEPTA CAMBIO DE ACOMETIDA SIN COSTO TEC DANIEL G,nan,2026-03-23,1500047,ACTIVO,PUNHUATO,485754434A9F18A,AC,INT20,2025-07-11,485754434A9F18A,252.0,3.0,45976,-27.029527859960854,485754434A9F918A,546M,V3R017C10S108,6346
31064,2026-03-20,CAMBIO DE ACOMETIDA,INTERNET FIBRA 45MB (NO VIGENTE),CLIENTE ENTERDO  SIN COSTOPIDE JORGE,nan,2026-03-20,1500046,ACTIVO,PEDREGAL,XPONDD5CB25E,AC,INT10,2017-09-05,XPONDD5CB25E,3118.0,0.0,31064,-29.473632005899507,58504F4EDD5CB25E,MN-WIFI2,V1.7.1,30750
16345,2026-03-20,NO NAVEGA. LEDS PARPADEANDO/NO AMARRA,BASICO TV + INTERNET FIBRA 60MB,LOS ROJO,nan,2026-03-23,1500047,ACTIVO,MADERO,"A021B774465A, XPONDDAC562A",AC,BASINT20,,"A021B774465A, XPONDDAC562A",,3.0,16345,-25.741815718157188,58504F4EDD4C562A,MN-WIFI2,V1.7.1,6233
38133,2026-03-20,NO NAVEGA. LEDS PARPADEANDO/NO AMARRA,INTERNET FIBRA 75MB,nan,"ER, SE RECOMIENDA VISITA",2026-03-27,1500285,ACTIVO,VIRREY,48575443452FB99C,AC,INT30,,48575443452FB99C,,7.0,38133,-21.749648557397055,48575443452FB99C,546M,V3R017C10S125,46646
32946,2026-03-20,NO NAVEGA. LEDS PARPADEANDO/NO AMARRA,INTERNET FIBRA 45MB (NO VIGENTE),nan,GT.SE ENVIA A CC,2026-03-23,1500374,ACTIVO,VIRREY,485754435921828C,AC,INT10,,485754435921828C,,3.0,32946,-26.21147329650091,58504F4EDD41EC8B,MN-WIFI2,V1.7.1,21878
45853,2026-03-20,CAMBIO DE ACOMETIDA,BASICO TV + INTERNET FIBRA 250MB ($399),TIT ACEPTA CAMBIO DE ACOMETIDA SIN COSTO TEC DAVID E,nan,2026-03-20,1500039,ACTIVO,PEDREGAL,XPONAF5B6A95,AC,BASINTF250,,XPONAF5B6A95,,0.0,45853,-27.331270894788684,58504F4EAF5B6A95,HG102AT,V1.7.1,nan
46711,2026-03-21,NO NAVEGA. LEDS PARPADEANDO/NO AMARRA,BASICO TV + INTERNET FIBRA 250MB ($399),PASO TEC Y A LA HORA SE LE FUE LA SEÑAL,"ER, FUERA DE LINEA",2026-03-23,1501399,ACTIVO,QUINCEO,HWTC5002AC02,AC,BASINTF250,,HWTC5002AC02,,2.0,46711,-27.85967709885738,58504F4EDD5CB25E,MN-WIFI2,V1.7.1,31064
46614,2026-03-21,NO NAVEGA. LEDS PARPADEANDO/NO AMARRA,BASICO TV + INTERNET FIBRA 250MB ($399),FOCO ROJO,"ER, FUERA DE LINEA",2026-03-24,1501177,ACTIVO,EL REALITO,HWTCAF912079,AC,BASINTF250,2026-06-03,HWTCAF912079,-74.0,3.0,46614,-25.38134497549024,nan,nan,nan,nan
45980,2026-03-21,NO NAVEGA. LEDS PARPADEANDO/NO AMARRA,BASICO TV + INTERNET FIBRA 250MB ($399),AMBOS SERVICIOS,"ER, FUERA DE LINEA",2026-03-22,1500039,ACTIVO,PEDREGAL,XPONDD7EAEC6,AC,BASINTF250,,XPONDD7EAEC6,,1.0,45980,-30.36487094395297,58504F4EDD7EAEC6,MN-CATVDUALM,V1R007C00S001,38133
39249,2026-03-21,NO NAVEGA. LEDS PARPADEANDO/NO AMARRA,INTERNET FIBRA 75MB,SOLO PRENDE PWR,"ER, REQUIERE VISITA",2026-03-23,1500047,ACTIVO,MADERO,4857544368C5E68B,AC,INT30,2021-09-10,4857544368C5E68B,1653.0,2.0,39249,-28.06713565305073,4857544368C5E68B,546M,V3R016C10S130,nan
38684,2026-03-21,NO NAVEGA. LEDS PARPADEANDO/NO AMARRA,INTERNET FIBRA 75MB,nan,nan,2026-03-23,1500039,ACTIVO,PERIODISMO,48575443A833539A,AC,INT30,,48575443A833539A,,2.0,38684,-40.0,48575443A833539A,EG8143A5,V5R019C00S100,45853
348164,2026-03-21,CAMBIO DE ACOMETIDA,BASICO TV + INTERNET FIBRA 250MB ($399),CAMBIO DE COMETIDA SIN COSTO TIT ENTERADA,REALIZO EDWIN Y DIEGO,2026-03-21,1500036,ACTIVO,PRADOS VERDES,HWTC1DD89B88,AC,BASINTF250,2025-04-08,HWTC1DD89B88,347.0,0.0,348164,-27.42444938271598,485754435002AC02,CNA-ONU-2GE2WXCA,V1.7.1,46711_M
44777,2026-03-21,NO NAVEGA. LEDS PARPADEANDO/NO AMARRA,INTERNET FIBRA 60MB,nan,EL CLIENTE PIDE VALORAR EL ESTADO DE SU MODEM PORQUE HA TENIDO MUCHOS REPORTES,2026-03-23,1501177,ACTIVO,NINO ARTILLERO,HWTC5002ACDA,AC,INT20,,HWTC5002ACDA,,2.0,44777,-20.67469764011801,485754435002ACDA,CNA-ONU-2GE2WXCA,V1.7.1,46614_M
45800,2026-03-21,NO NAVEGA. LEDS PARPADEANDO/NO AMARRA,BASICO TV + INTERNET FIBRA 250MB ($399),LOS ROJO,GT.OFFLINE,2026-03-25,1501177,ACTIVO,RICARDO FLORES MAGON,HWTCAF3ABF4A,AC,BASINTF250,2025-08-10,HWTCAF3ABF4A,223.0,4.0,45800,-28.29222222222219,48575443AF3ABF4A,CNA-ONU-4GE2WXCA,V1.7.1,45980
43913,2026-03-21,NO NAVEGA. LEDS PARPADEANDO/NO AMARRA,BASICO TV + INTERNET FIBRA 250MB ($399),CLIENTE COMENTA QUE NO CUENTA CON NINGUN SERVICIO,GT.OFFLINE,2026-03-22,1500285,ACTIVO,BELO,XPONDD7EA10E,AC,BASINTF250,,XPONDD7EA10E,,1.0,43913,-26.859819587629065,58504F4EDD7EA10E,MN-CATVDUALM,V1R007C00S001,39249
39672,2026-03-21,NO NAVEGA. LEDS FIJOS/RUIDO,INTERNET FIBRA 60MB,FUERA DE LINEA REQUIETE VISITA TECNICA,nan,2026-03-23,1500374,ACTIVO,MIL CUMBRES,XPONDD4CDE6A,AC,INT20,2024-12-06,XPONDD4CDE6A,470.0,2.0,39672,-28.120484781541464,58504F4EDD4CDE6A,MN-WIFI2,V1.7.1,38684
38415,2026-03-21,NO NAVEGA. LEDS FIJOS/RUIDO,INTERNET FIBRA 75MB,FUERA DE LINEA REQUIERE VISITA TECNICA,nan,2026-03-23,1500039,ACTIVO,PEDREGAL,48575443D3CC1C9B,AC,INT30,,48575443D3CC1C9B,,2.0,38415,-16.53745575221239,48575443D3CC1C9B,CNA-ONU-4GE2WXCA,V1.7.1,348164_promo
46734,2026-03-21,NO NAVEGA. LEDS PARPADEANDO/NO AMARRA,BASICO TV + INTERNET FIBRA 250MB ($399),TIENE NIVEL DEMASIADO BAJO REQUIERE VISITA  SIN SEÑAL EN AMBOS SERVICIO DESDE LA INSTALACION,nan,2026-03-22,1500039,ACTIVO,PERIODISMO,HWTC50025FD6,AC,BASINTF250,,HWTC50025FD6,,1.0,46734,-27.441221461187205,4857544350025FD6,CNA-ONU-2GE2WXCA,V1.7.1,44777
46699,2026-03-22,NO NAVEGA. LEDS PARPADEANDO/NO AMARRA,BASICO TV + INTERNET FIBRA 250MB ($399),LOS ROJO,"GT, HA PRESENTADO VARIAS DECONEXIONES",2026-03-23,1500374,ACTIVO,VIRREY,HWTCAF8FD235,AC,BASINTF250,2026-09-03,HWTCAF8FD235,-165.0,1.0,46699,-24.412698105081898,48575443AF8FD235,MONUV411,V2.4.12,45800
38462,2026-03-22,NO NAVEGA. LEDS FIJOS/RUIDO,INTERNET FIBRA 75MB,FUERA DE LINEA,nan,2026-03-24,1500374,ACTIVO,BELO,XPONDD43A11B,AC,INT30,,XPONDD43A11B,,2.0,38462,-22.68021723122233,58504F4EDD43A11B,MN-WIFI2,V1.7.1,43913
37001,2026-03-22,NO NAVEGA. LEDS PARPADEANDO/NO AMARRA,INTERNET FIBRA 45MB (NO VIGENTE),MUY LENTO E INTERMITENTE,"ER, SE RECOMIENDA VISITA",2026-03-23,1500047,ACTIVO,MADERO,XPONDD41F06B,AC,INT10,,XPONDD41F06B,,1.0,37001,-28.189918518518684,58504F4EDD41F06B,MN-WIFI2,V1.7.1,39672
43587,2026-03-22,CAMBIO DE ACOMETIDA,BASICO TV + INTERNET FIBRA 250MB ($399),SIN COSTO CLIENTE ENTERADO PIDE JORGE,nan,2026-03-22,1500046,ACTIVO,PRADOS VERDES,HWTC50026DF2,AC,BASINTF250,2023-04-11,HWTC50026DF2,1076.0,0.0,43587,-25.8431227160494,4857544350026DF2,CNA-ONU-2GE2WXCA,V1.7.1,38415
39977,2026-03-22,NO NAVEGA. LEDS PARPADEANDO/NO AMARRA,INTERNET FIBRA 75MB,SIGUE MUY INTERMITENTE SE INF LAPSO,nan,2026-03-23,1500374,ACTIVO,VIRREY,OPTI37B0F815,AC,INT30,2024-09-01,OPTI37B0F815,567.0,1.0,39977,-18.996252302025724,4F50544937B0F815,IGD,0,46734
346146,2026-03-22,NO NAVEGA. LEDS FIJOS/RUIDO,INTERNET FIBRA 60MB,SE INF LAPSO,"GT, SE ATENDIO POR WHATS",2026-03-23,1500374,ACTIVO,VIRREY,XPONDD2BE5F6,AC,INT20,,XPONDD2BE5F6,,1.0,346146,-25.30258287292821,58504F4EDD2BE5F6,BT-213XR,V1.2.16SP,46699
36562,2026-03-22,NO NAVEGA. LEDS PARPADEANDO/NO AMARRA,INTERNET FIBRA 60MB,LOS ROJO,"ER, FUERA DE LINEA",2026-03-23,1500039,ACTIVO,PEDREGAL,4857544332C64D8B,AC,INT20,,4857544332C64D8B,,1.0,36562,-23.734137168141615,4857544332C64D8B,546M,V3R016C10S130,38462
40786,2026-03-23,NO NAVEGA. LEDS FIJOS/RUIDO,INTERNET FIBRA 60MB,REQUIERE VISITA,nan,2026-03-24,1500374,ACTIVO,VIRREY,XPONDD439C1B,AC,INT20,2022-11-05,XPONDD439C1B,1234.0,1.0,40786,-19.987292817679524,485754437423904C,HG8546M,V5R019C00S050,37001
31332,2026-03-23,NO NAVEGA. LEDS PARPADEANDO/NO AMARRA,INTERNET FIBRA 75MB,nan,"GT,OFFLINE",2026-03-24,1500374,ACTIVO,VIRREY,XPONDD3C3A70,AC,INT30,2026-02-03,XPONDD3C3A70,48.0,1.0,31332,-24.27378847413239,58504F4EDD3C3A70,MN-CATV2,V1.7.1,43587
20207,2026-03-23,NO NAVEGA. LEDS PARPADEANDO/NO AMARRA,BASICO TV + INTERNET FIBRA 60MB,nan,"ER, FUERA DE LINEA",2026-03-24,1500047,ACTIVO,PRADOS VERDES,XPONDD3031FE,AC,BASINT20,2015-02-12,XPONDD3031FE,4057.0,1.0,20207,-24.979130123456777,58504F4EDD3031FE,MN-CATV2,V1.7.1,39977
43822,2026-03-23,NO NAVEGA. LEDS PARPADEANDO/NO AMARRA,INTERNET FIBRA 75MB,LOS ROJO,"ER, FUERA DE LINEA",2026-03-26,1500039,ACTIVO,PEDREGAL,48575443D052735B,AC,INT30,,48575443D052735B,,3.0,43822,-27.466397492625475,48575443D052735B,HG8546M,V5R019C00S050,346146
44777,2026-03-23,EQUIPO DA?ADO,INTERNET FIBRA 60MB,TIT ENTERADO DE CAMBIO DE MODEM SIN COSTO SOLICITA TEC RICARDO,nan,2026-03-23,1501177,ACTIVO,NINO ARTILLERO,HWTC5002ACDA,AC,INT20,,HWTC5002ACDA,,0.0,44777,-20.67469764011801,485754435002ACDA,CNA-ONU-2GE2WXCA,V1.7.1,36562
1100,2026-03-23,NO NAVEGA. LEDS FIJOS/RUIDO,BASICO TV + INTERNET FIBRA 60MB,SEÑAL INTERMITENTE SOLCITE PASEN A SU DOMICILIO,"GT, HA PRESENTADO DESCONEXIONES",2026-03-25,1500374,ACTIVO,VIRREY,OEMT3C1D2594,AC,BASINT20,2014-08-01,OEMT3C1D2594,4252.0,2.0,1100,-20.786731123388606,58504F4EDD4C827A,MN-CATV2,V1.7.1,nan
3683,2026-03-23,NO NAVEGA. LEDS PARPADEANDO/NO AMARRA,BASICO TV + INTERNET FIBRA 60MB,EL SERVICIO SE VA CONSTANTEMENTE,"GT, HA PRESENTADO DESCONEXIONES",2026-03-26,1500374,ACTIVO,VIRREY,XPONDD2BD3CE,AC,BASINT20,2014-05-03,XPONDD2BD3CE,4342.0,3.0,3683,-22.368196746470357,58504F4EDD2BD3CE,BT-213XR,V1.2.16SP,31332
344919,2026-03-23,NO NAVEGA. LEDS FIJOS/RUIDO,INTERNET FIBRA 75MB,NO ATIENDE,"ER, PRESENTA DESCONEXIONES REQUIERE VISITA",2026-03-31,1500039,ACTIVO,PERIODISMO,XPONDD3E6D85,AC,INT30,,XPONDD3E6D85,,8.0,344919,-23.09840163934444,58504F4EDD3E6D85,MN-WIFI2,V1.7.1,20207
46137,2026-03-23,NO NAVEGA. LEDS PARPADEANDO/NO AMARRA,INTERNET FIBRA 60MB,LOS ROJO,"ER, FUERA DE LINEA",2026-03-24,1500036,ACTIVO,PRADOS VERDES,XPONDD3E63F1,AC,INT20,2025-10-12,XPONDD3E63F1,162.0,1.0,46137,-35.488859259259165,58504F4EDD3E63F1,MN-CATV2,V1.7.1,43822
37526,2026-03-23,NO NAVEGA. LEDS PARPADEANDO/NO AMARRA,INTERNET FIBRA 120MB,LOS ROJO,"GT,OFFLINE",2026-03-25,1500374,ACTIVO,BELO,XPONDD3DA011,AC,INT50,,XPONDD3DA011,,2.0,37526,-22.490638193421702,58504F4EDD3DA011,MN-CATV2,V1.7.1,38388
34918,2026-03-23,NO NAVEGA. LEDS PARPADEANDO/NO AMARRA,BASICO TV + INTERNET FIBRA 75MB,AMBOS SERVIICIOS,"ER, FUERA DE LINEA",2026-03-24,1500039,ACTIVO,PERIODISMO,XPONDD2C3576,AC,BASINT30,,XPONDD2C3576,,1.0,34918,-28.58207137978133,58504F4EDD2C3576,BT-213XR,V1.2.16SP,44777
9896,2026-03-23,NO NAVEGA. LEDS PARPADEANDO/NO AMARRA,BASICO TV + INTERNET FIBRA 250MB ($399),LOS ROJO,"ER, SE REVISA CON EL TECNICO",2026-03-24,1500039,ACTIVO,PERIODISMO,CDTCAFA3BBD6,AC,BASINTF250,2014-11-09,CDTCAFA3BBD6,4152.0,1.0,9896,-29.579844603825286,43445443AFA3BBD6,FD712GD-R850,V1.7.1,nan
35542,2026-03-23,NO NAVEGA. LEDS PARPADEANDO/NO AMARRA,INTERNET FIBRA 75MB,LOS ROJO,"ER, VARIAS DESCONEXIONES",2026-03-24,1500047,ACTIVO,PRADOS VERDES,XPONDD28CF80,AC,INT30,2019-12-06,XPONDD28CF80,2299.0,1.0,35542,-26.168896543209893,58504F4EDD28CF80,BT-213XR,V1.2.11,3683
46685,2026-03-24,EQUIPO DA?ADO,BASICO TV + INTERNET FIBRA 250MB ($399),CIENTE ENTERADO CAMBIO DE EQUIPO SIN COSTO  JORGE,"T|T OCUPABA ONU CON 4 SALIDAS DE UTP, MODEM ANTERIOR SOLO TENIA CON 2 SALIDAS POR ESO SE HIZO EL CAMBIO",2026-03-24,1500046,ACTIVO,PEDREGAL,HWTC1DD88C10,AC,BASINTF250,,HWTC1DD88C10,,0.0,46685,-20.13785226077813,485754431DD88C10,CNA-ONU-4GE2WXCA,V1.7.1,344919
372,2026-03-24,NO NAVEGA. LEDS PARPADEANDO/NO AMARRA,BASICO TV + INTERNET FIBRA 250MB ($399),LOS ROJO SIN SEÑAL EN AMBOS SERVICIOS,nan,2026-03-25,1500047,ACTIVO,MADERO,XPONDD919C86,AC,BASINTF250,,XPONDD919C86,,1.0,372,-25.145187654321038,58504F4EDD919C86,MN-CATVDUALM,V1R007C00S001,46137
372,2026-03-24,NO NAVEGA. LEDS PARPADEANDO/NO AMARRA,BASICO TV + INTERNET FIBRA 250MB ($399),LOS ROJO SIN SEÑAL EN AMBOS SERVICIOS,nan,2026-03-25,1500047,ACTIVO,MADERO,XPONDD919C86,AC,BASINTF250,,XPONDD919C86,,1.0,372,-25.145187654321038,58504F4EDD919C86,MN-CATVDUALM,V1R007C00S001,37526
8257,2026-03-24,NO NAVEGA. LEDS PARPADEANDO/NO AMARRA,BASICO TV + INTERNET FIBRA 250MB ($399),nan,"GT, TUVO DESCONEXION",2026-03-25,1500374,ACTIVO,VIRREY,XPONDD91A2C6,AC,BASINTF250,2016-12-02,XPONDD91A2C6,3399.0,1.0,8257,-23.080653775322393,58504F4EDD91A2C6,MN-CATVDUALM,V1R007C00S001,34918
40860,2026-03-24,NO NAVEGA. LEDS FIJOS/RUIDO,INTERNET FIBRA 75MB,NO SABE CUALES FOCOS LE PRENDE,"ER, FUERA DE LINEA",2026-03-26,1500039,ACTIVO,PERIODISMO,48575443D95A9BA9,AC,INT30,,48575443D95A9BA9,,2.0,40860,-40.0,48575443D95A9BA9,HG8546M,V3R017C10S125,9896
37954,2026-03-24,NO NAVEGA. LEDS PARPADEANDO/NO AMARRA,INTERNET FIBRA 75MB,NIVEL BAJO,"GT, NIVEL BAJO",2026-03-26,1500374,ACTIVO,VISTA BELLA,485754432B0D3629,AC,INT30,,485754432B0D3629,,2.0,37954,-27.260154743784902,485754432B0D3629,546M,V3R017C10S125,35542
42181,2026-03-24,NO NAVEGA. LEDS FIJOS/RUIDO,INTERNET FIBRA 60MB,|| EDWIN ||,PIDE VISITA POR FALLAS CONSTANTES,2026-03-29,5555555,ACTIVO,MADERO,OPTI37B00065,AC,INT20,2023-11-01,OPTI37B00065,874.0,5.0,42181,-20.868579506172875,4F50544937B00065,IGD,0,46685
38204,2026-03-24,NO NAVEGA. LEDS FIJOS/RUIDO,BASICO TV + INTERNET FIBRA 250MB ($399),ESTA FUERA DE LINEA,GT.OFFLINE,2026-03-26,1500374,ACTIVO,VIRREY,XPONDD91A1EE,AC,BASINTF250,,XPONDD91A1EE,,2.0,38204,-25.371682013505215,58504F4EDD91A1EE,MN-CATVDUALM,V1R007C00S001,372
43781,2026-03-24,NO NAVEGA. LEDS FIJOS/RUIDO,INTERNET FIBRA 75MB,nan,TIENE NIVEL BAJO 29.58 REQUIERE VISITA,2026-03-26,1500039,ACTIVO,PERIODISMO,48575443D0423B5B,AC,INT30,,48575443D0423B5B,,2.0,43781,-30.561854508196717,48575443D0423B5B,HG8546M,V5R019C00S050,372
46381,2026-03-24,NO NAVEGA. LEDS PARPADEANDO/NO AMARRA,BASICO TV + INTERNET FIBRA 250MB ($399),LOS ROJO,"ER, VARIAS DESCONEXIONES",2026-03-26,1500039,ACTIVO,PEDREGAL,XPONDD91AAE6,AC,BASINTF250,2026-04-02,XPONDD91AAE6,-9.0,2.0,46381,-22.633189528023493,58504F4EDD91AAE6,MN-CATVDUALM,V1R007C00S001,8257
36562,2026-03-24,NO NAVEGA. LEDS PARPADEANDO/NO AMARRA,INTERNET FIBRA 60MB,LOS ROJO,"ER, FUERA DE LINEA",2026-03-26,1500039,ACTIVO,PEDREGAL,4857544332C64D8B,AC,INT20,,4857544332C64D8B,,2.0,36562,-23.734137168141615,4857544332C64D8B,546M,V3R016C10S130,40860
40786,2026-03-24,EQUIPO DA?ADO,INTERNET FIBRA 60MB,TIT ACEPTA CAMBIO DE MODEM SIN COSTO TEC FERNANDO,nan,2026-03-25,1500374,ACTIVO,VIRREY,XPONDD439C1B,AC,INT20,2022-11-05,XPONDD439C1B,1235.0,1.0,40786,-19.987292817679524,485754437423904C,HG8546M,V5R019C00S050,37954
43069,2026-03-24,NO NAVEGA. LEDS PARPADEANDO/NO AMARRA,INTERNET FIBRA 75MB,LOS ROJO,"ER, REQUIERE VISITA",2026-03-25,1500047,ACTIVO,PRADOS VERDES,XPONDD3FCB9F,AC,INT30,2023-07-07,XPONDD3FCB9F,991.0,1.0,43069,-21.122095061728334,58504F4EDD3FCB9F,MN-WIFI2,V1.7.1,42181
32063,2026-03-24,EQUIPO DA?ADO,BASICO TV + INTERNET FIBRA 60MB,SIN COSTO TIT ENTERADO PIDE FERNANDO,nan,2026-03-25,1500374,ACTIVO,BELO,OPTI38BFC845,AC,BASINT20,,OPTI38BFC845,,1.0,32063,-22.495063819342185,58504F4EDD37C01C,MN-CATV2,V1.7.1,38204
40786,2026-03-24,NO NAVEGA. LEDS PARPADEANDO/NO AMARRA,INTERNET FIBRA 60MB,LOS ROJO,"GT, HA PRESENTADO DESCONEXIONES",2026-03-25,1500374,ACTIVO,VIRREY,XPONDD439C1B,AC,INT20,2022-11-05,XPONDD439C1B,1235.0,1.0,40786,-19.987292817679524,485754437423904C,HG8546M,V5R019C00S050,43781
46326,2026-03-24,NO NAVEGA. LEDS PARPADEANDO/NO AMARRA,BASICO TV + INTERNET FIBRA 250MB ($399),LOS ROJO AMBOS SERVICIO,GT.OFFLINE,2026-03-26,1500039,ACTIVO,PEDREGAL,XPONDD919DEE,AC,BASINTF250,,XPONDD919DEE,,2.0,46326,-25.802748279252675,58504F4EDD919DEE,MN-CATVDUALM,V1R007C00S001,46381
32334,2026-03-24,NO NAVEGA. LEDS PARPADEANDO/NO AMARRA,BASICO TV + INTERNET FIBRA 75MB,LOS ROJO,"GT. HA PRESENTADO DESCONEXIONES Y CAIDAS DE NIVEL, REQUIERE VISITA",2026-03-25,1500047,ACTIVO,PRADOS VERDES,XPONDD3FB5FF,AC,BASINT30,2017-04-10,XPONDD3FB5FF,3270.0,1.0,32334,-31.24783827160494,58504F4EDD3FB5FF,MN-CATV2,V1.7.1,36562
46055,2026-03-24,NO NAVEGA. LEDS PARPADEANDO/NO AMARRA,INTERNET FIBRA 60MB,LOS ROJO,"GT.CANCELA SERVICIO,SE ELIMINA DE OLT",2026-03-26,1500039,BAJA,PEDREGAL,nan,BA,INT20,,nan,,2.0,nan,,58504F4EDD41F123,MN-WIFI2,V1.7.1,nan
32346,2026-03-25,NO NAVEGA. LEDS PARPADEANDO/NO AMARRA,INTERNET FIBRA 60MB,LOS ROJO,GT.OFFLINE,2026-03-26,1500039,ACTIVO,PEDREGAL,XPONDD45B822,AC,INT20,2021-11-02,XPONDD45B822,1604.0,1.0,32346,-26.188096116027538,58504F4EDD45B822,MN-WIFI2,V1.7.1,43069
349012,2026-03-25,NO NAVEGA. LEDS FIJOS/RUIDO,BASICO TV + INTERNET FIBRA 250MB ($399),NO TIENE SERVICIO DE TV TAMPOCO ESTAN CORTADOS LOS CABLES EN LA ZONA DESDE AYER A LAS 10 AM,GT.OFFLINE,2026-03-26,1500046,ACTIVO,PEDREGAL,HWTCAFAB608B,AC,BASINTF250,2016-07-12,HWTCAFAB608B,3543.0,1.0,349012,-27.868598820059006,48575443AFAB608B,CNA-ONU-4GE2WXCA,V1.7.1,nan
45960,2026-03-25,NO NAVEGA. LEDS PARPADEANDO/NO AMARRA,BASICO TV + INTERNET FIBRA 250MB ($399),LOS ROJO,JE FUERA DE LINEA REQUIERE VISITA,2026-03-27,1501177,ACTIVO,RICARDO FLORES MAGON,XPONDD7EACDE,AC,BASINTF250,2025-07-11,XPONDD7EACDE,257.0,2.0,45960,-37.70651917404134,58504F4EDD7EACDE,MN-CATVDUALM,V1R007C00S001,nan
42562,2026-03-25,NO NAVEGA. LEDS PARPADEANDO/NO AMARRA,INTERNET FIBRA 75MB,CLIENTE COMENTA DESDE AYER NO TIENE SEÑAL DE INTERNET.,nan,2026-03-25,1500047,ACTIVO,PUNHUATO,4857544357820A71,AC,INT30,,4857544357820A71,,0.0,42562,-26.904736193293928,4857544357820A71,HG8546M,V5R019C00S050,46326
372,2026-03-25,CAMBIO DE ACOMETIDA,BASICO TV + INTERNET FIBRA 250MB ($399),TEC SOLICITA OS TIT ENTERADO QUE NO TIENE COSTO,nan,2026-03-25,1500047,ACTIVO,MADERO,XPONDD919C86,AC,BASINTF250,,XPONDD919C86,,0.0,372,-25.145187654321038,58504F4EDD919C86,MN-CATVDUALM,V1R007C00S001,32334
372,2026-03-25,CAMBIO DE ACOMETIDA,BASICO TV + INTERNET FIBRA 250MB ($399),TEC SOLICITA OS TIT ENTERADO QUE NO TIENE COSTO,nan,2026-03-25,1500047,ACTIVO,MADERO,XPONDD919C86,AC,BASINTF250,,XPONDD919C86,,0.0,372,-25.145187654321038,58504F4EDD919C86,MN-CATVDUALM,V1R007C00S001,nan
35926,2026-03-25,NO NAVEGA. LEDS FIJOS/RUIDO,INTERNET FIBRA 45MB (NO VIGENTE),nan,"GT,CAIDA DE NIVEL",2026-03-25,1500047,ACTIVO,PRADOS VERDES,HWTCAF3FE254,AC,INT10,2021-09-03,HWTCAF3FE254,1664.0,0.0,35926,-20.97991234567895,48575443AF3FE254,CNA-ONU-4GE2WX,V1.7.1,32346
346183,2026-03-25,NO NAVEGA. LEDS PARPADEANDO/NO AMARRA,BASICO TV + INTERNET FIBRA 250MB ($399),FOCO ROJO,GT.OFFLINE,2026-03-25,1500047,ACTIVO,PRADOS VERDES,OPTI37B0A8C5,AC,BASINTF250,,OPTI37B0A8C5,,0.0,346183,-22.074223209876507,485754435002AF86,CNA-ONU-2GE2WXCA,V1.7.1,349012
334144,2026-03-25,NO NAVEGA. LEDS PARPADEANDO/NO AMARRA,BASICO TV + INTERNET FIBRA 60MB,SIN SEÑAL EN AMBOS SERV || EDWIN ||,GT.PRESENTO DESCONEXION,2026-03-29,5555555,ACTIVO,VIRREY,XPONDD4C797A,AC,BASINT20,,XPONDD4C797A,,4.0,334144,-25.319857274401503,58504F4EDD4C797A,MN-CATV2,V1.7.1,45965
46486,2026-03-25,NO NAVEGA. LEDS PARPADEANDO/NO AMARRA,BASICO TV + INTERNET FIBRA 250MB ($399),LOS ROJO INTERNET,GT.OFFLINE,2026-03-25,1500047,ACTIVO,MADERO,CDTCAFA3B282,AC,BASINTF250,2026-06-02,CDTCAFA3B282,-69.0,0.0,46486,-24.533893333333403,43445443AFA3B282,FD712GD-R850,V1.7.1,45960
44006,2026-03-25,NO NAVEGA. LEDS PARPADEANDO/NO AMARRA,BASICO TV + INTERNET FIBRA 75MB,FOCO ROJO,"ER, REQUIERE VISITA",2026-03-26,1500039,ACTIVO,PEDREGAL,XPONDD4C79BA,AC,BASINT30,,XPONDD4C79BA,,1.0,44006,-21.902905604719763,58504F4EDD4C79BA,MN-CATV2,V1.7.1,42562
37429,2026-03-25,NO NAVEGA. LEDS PARPADEANDO/NO AMARRA,INTERNET FIBRA 60MB,nan,"ER, FUERA DE LINEA",2026-03-26,1500039,ACTIVO,PERIODISMO,XPONDD439B43,AC,INT20,,XPONDD439B43,,1.0,37429,-29.036714480874352,58504F4EDD439B43,MN-WIFI2,V1.7.1,372
349012,2026-03-25,CAMBIO DE ACOMETIDA,BASICO TV + INTERNET FIBRA 250MB ($399),TIT ACEPTA CAMBIO DE ACOMETIDA SIN COSTO TEC JORGE,nan,2026-03-26,1500046,ACTIVO,PEDREGAL,HWTCAFAB608B,AC,BASINTF250,2016-07-12,HWTCAFAB608B,3543.0,1.0,349012,-27.868598820059006,48575443AFAB608B,CNA-ONU-4GE2WXCA,V1.7.1,372
4300,2026-03-25,NO NAVEGA. LEDS PARPADEANDO/NO AMARRA,BASICO TV + INTERNET FIBRA 250MB ($399),QUEDO CON FALLA,"ER, REQUIERE VISITA",2026-03-26,1500039,ACTIVO,PEDREGAL,HWTC50026546,AC,BASINTF250,,HWTC50026546,,1.0,4300,-21.26496066863324,4857544350026546,CNA-ONU-2GE2WXCA,V1.7.1,35926
13024,2026-03-25,NO NAVEGA. LEDS PARPADEANDO/NO AMARRA,BASICO TV + INTERNET FIBRA 250MB ($399),LOS ROJO AMBOS SERVICIO,nan,2026-03-26,1500374,ACTIVO,BELO,XPONDD91AA5E,AC,BASINTF250,2015-07-01,XPONDD91AA5E,3920.0,1.0,13024,-33.06893391288088,58504F4EDD91AA5E,MN-CATVDUALM,V1R007C00S001,nan
38763,2026-03-25,NO NAVEGA. LEDS FIJOS/RUIDO,INTERNET FIBRA 75MB,INTERMITENTE,"ER, SE REALIZA CAMBIO DE ONT",2026-03-26,1500039,ACTIVO,PERIODISMO,XPONDD5EBF38,AC,INT30,2025-08-04,XPONDD5EBF38,233.0,1.0,38763,-23.158406762295076,58504F4EDD5EBF38,MN-WIFI2,V1.7.1,334144
46735,2026-03-26,NO NAVEGA. LEDS PARPADEANDO/NO AMARRA,INTERNET FIBRA 75MB,LOS ROJO,nan,2026-03-26,1500047,ACTIVO,MADERO,HWTCAF8FFBB1,AC,INT30,,HWTCAF8FFBB1,,0.0,46735,-24.396232912723466,48575443AF8FFBB1,MONUV411,V2.4.12,46486
26099,2026-03-26,NO NAVEGA. LEDS PARPADEANDO/NO AMARRA,INTERNET FIBRA 45MB (NO VIGENTE),LOS ROJO,nan,2026-03-26,1500047,ACTIVO,MADERO,XPONDD45C02A,AC,INT10,,XPONDD45C02A,,0.0,26099,-30.27260493827165,58504F4EDD45C02A,MN-WIFI2,V1.7.1,44006
46699,2026-03-26,NO NAVEGA. LEDS PARPADEANDO/NO AMARRA,BASICO TV + INTERNET FIBRA 250MB ($399),FALLA DESDE REPORTE ANTERIOR,"GT, HA PRESENTADO DESCONEXIONES",2026-03-27,1500285,ACTIVO,VIRREY,HWTCAF8FD235,AC,BASINTF250,2026-09-03,HWTCAF8FD235,-161.0,1.0,46699,-24.412698105081898,48575443AF8FD235,MONUV411,V2.4.12,37429
43069,2026-03-26,NO NAVEGA. LEDS FIJOS/RUIDO,INTERNET FIBRA 75MB,PIDE VISITA POR FALLAS CONSTANTES,nan,2026-03-26,1500047,ACTIVO,PRADOS VERDES,XPONDD3FCB9F,AC,INT30,2023-07-07,XPONDD3FCB9F,993.0,0.0,43069,-21.122095061728334,58504F4EDD3FCB9F,MN-WIFI2,V1.7.1,349012
33497,2026-03-26,CAMBIO DE ACOMETIDA,BASICO TV + INTERNET FIBRA 60MB,TIT ENTERADO DE CAMBIO DE ACOMETIDA SIN COSTO SOLICITA TEC CARLOS,nan,2026-03-26,1500036,ACTIVO,MADERO,XPONDD4C7052,AC,BASINT20,2018-03-03,XPONDD4C7052,2945.0,0.0,33497,-24.238727160493887,58504F4EDD4C7052,MN-CATV2,V1.7.1,4300
31190,2026-03-26,NO NAVEGA. LEDS PARPADEANDO/NO AMARRA,INTERNET FIBRA 60MB,LOS ROJO,GT.OFFLINE,2026-03-28,1500374,ACTIVO,VIRREY,XPONDD5EBDD0,AC,INT20,2017-11-05,XPONDD5EBDD0,3063.0,2.0,31190,-28.475848680171904,58504F4EDD5EBDD0,MN-WIFI2,V1.7.1,13024
10728,2026-03-26,NO NAVEGA. LEDS PARPADEANDO/NO AMARRA,INTERNET FIBRA 75MB,LOS ROJO,"ER, FUERA DE LINEA",2026-03-27,1500039,ACTIVO,PERIODISMO,4857544357514271,AC,INT30,,4857544357514271,,1.0,10728,-25.782730532786825,4857544357514271,HG8546M,V5R019C00S050,38763
38763,2026-03-26,EQUIPO DA?ADO,INTERNET FIBRA 75MB,TEC SOLICTA OS TIT ENTERADO QUE NO TIENE COSTO,nan,2026-03-26,1500039,ACTIVO,PERIODISMO,XPONDD5EBF38,AC,INT30,2025-08-04,XPONDD5EBF38,234.0,0.0,38763,-23.158406762295076,58504F4EDD5EBF38,MN-WIFI2,V1.7.1,46735
4911,2026-03-26,NO NAVEGA. LEDS FIJOS/RUIDO,BASICO TV + INTERNET FIBRA 60MB,TAMPOCO TIENE SERVICIO DE TV,"ER, FUERA DE LINEA",2026-03-27,1500039,ACTIVO,PERIODISMO,XPONDD6F0503,AC,BASINT20,,XPONDD6F0503,,1.0,4911,-26.745406420764997,58504F4EDD6F0503,MN-CATV2,V1R007C00S001,26099
36940,2026-03-26,NO NAVEGA. LEDS PARPADEANDO/NO AMARRA,INTERNET FIBRA 60MB,CABLE APAGADO,"ER, REQUIERE VISITA",2026-03-27,1500039,ACTIVO,PERIODISMO,HWTC5002659A,AC,INT20,2020-05-09,HWTC5002659A,2147.0,1.0,36940,-25.007557077625567,485754435002659A,CNA-ONU-2GE2WXCA,V1.7.1,46699
37727,2026-03-26,NO NAVEGA. LEDS FIJOS/RUIDO,INTERNET NAVEGA (NO VIGENTE),NO NAVEGA,"ER, REQUIERE VISITA",2026-03-27,1500039,ACTIVO,PERIODISMO,E8ED05E896B2,AC,IESE,,E8ED05E896B2,,1.0,nan,,58504F4EDD3FCB9F,MN-WIFI2,V1.7.1,43069
2269,2026-03-26,NO NAVEGA. LEDS PARPADEANDO/NO AMARRA,BASICO TV + INTERNET FIBRA 75MB,SIN SEÑAL EN NINGUN SERVICIO,"ER, FUERA DE LINEA",2026-03-26,1500039,ACTIVO,PERIODISMO,XPONDD33053E,AC,BASINT30,2014-08-02,XPONDD33053E,4254.0,0.0,2269,-18.848471653005422,58504F4EDD33053E,MN-CATV2,V1.7.1,33497
33837,2026-03-26,NO NAVEGA. LEDS PARPADEANDO/NO AMARRA,INTERNET NAVEGA (NO VIGENTE),SIN CONEXION,"ER, REQUIERE VISITA",2026-03-27,1500039,ACTIVO,PERIODISMO,C43DC76BC0E8,AC,IESE,2018-03-05,C43DC76BC0E8,2943.0,1.0,nan,,58504F4EDD5EBDD0,MN-WIFI2,V1.7.1,31190
6769,2026-03-26,NO NAVEGA. LEDS PARPADEANDO/NO AMARRA,INTERNET FIBRA 75MB,LOS ROJO,"ER, FUERA DE LINEA",2026-03-26,1500039,ACTIVO,PERIODISMO,XPONDD28C9E8,AC,INT30,,XPONDD28C9E8,,0.0,6769,-27.024030054644985,58504F4EDD28C9E8,BT-213XR,V1.2.11,10728
42904,2026-03-26,NO NAVEGA. LEDS PARPADEANDO/NO AMARRA,BASICO TV + INTERNET FIBRA 250MB ($399),EDWIN ||,"GT,HA PRESENTADO DESCONEXIONES",2026-03-29,5555555,ACTIVO,VIRREY,XPONDD3E5BA9,AC,BASINTF250,2023-02-06,XPONDD3E5BA9,1144.0,3.0,42904,-27.64477593615726,58504F4EDD3E5BA9,MN-CATV2,V1.7.1,38763
46326,2026-03-26,CAMBIO DE ACOMETIDA,BASICO TV + INTERNET FIBRA 250MB ($399),CAMBIO DE COMETIDA SIN COSTO TIT ENTERADO,nan,2026-03-26,5555555,ACTIVO,PEDREGAL,XPONDD919DEE,AC,BASINTF250,,XPONDD919DEE,,0.0,46326,-25.802748279252675,58504F4EDD919DEE,MN-CATVDUALM,V1R007C00S001,4911
15657,2026-03-26,NO NAVEGA. LEDS PARPADEANDO/NO AMARRA,INTERNET FIBRA 60MB,LOS ROJO,"ER, FUERA DE LINEA",2026-03-27,1500039,ACTIVO,PEDREGAL,XPONDD298240,AC,INT20,,XPONDD298240,,1.0,15657,-25.64502089478865,58504F4EDD298240,BT-211XR,V1.2.11,36940
45663,2026-03-26,NO NAVEGA. LEDS PARPADEANDO/NO AMARRA,BASICO TV + INTERNET FIBRA 250MB ($399),LOS ROJO,"ER, FUERA DE LINEA",2026-03-27,1500047,ACTIVO,PRADOS VERDES,HWTCAF3ABD2E,AC,BASINTF250,2025-12-09,HWTCAF3ABD2E,107.0,1.0,45663,-21.20693530864199,48575443AF3ABD2E,CNA-ONU-4GE2WXCA,V1.7.1,nan
28395,2026-03-26,NO NAVEGA. LEDS PARPADEANDO/NO AMARRA,INTERNET FIBRA 75MB,LOS ROJO,"ER, NIVEL BAJO MENOS 32.21",2026-03-31,1500039,ACTIVO,PERIODISMO,nan,AC,INT30,,nan,,5.0,28395,-31.58181181693994,58504F4EDD3C3F80,MN-CATV2,V1.7.1,2269
41374,2026-03-26,NO NAVEGA. LEDS PARPADEANDO/NO AMARRA,BASICO TV + INTERNET FIBRA 60MB,LOS ROJO,"ER, SE MANDA CONFIRMAR",2026-03-27,1500047,ACTIVO,PRADOS VERDES,XPONDD33A1AC,AC,BASINT20,,XPONDD33A1AC,,1.0,41374,-37.36635555555553,58504F4EDD33A1AC,SMT-213xR,Xpon,nan
6155,2026-03-26,NO NAVEGA. LEDS PARPADEANDO/NO AMARRA,BASICO TV + INTERNET FIBRA 60MB,nan,"ER, FUERA DE LINEA",2026-03-27,1500039,ACTIVO,PERIODISMO,OPTI38C04495,AC,BASINT20,2014-10-04,OPTI38C04495,4191.0,1.0,6155,-23.902042349726756,4F50544938C04495,IGD,0,6769
35113,2026-03-27,NO NAVEGA. LEDS FIJOS/RUIDO,BASICO TV + INTERNET FIBRA 120MB,nan,"ER, SE MANDA CONFIRMAR",2026-03-28,1500047,ACTIVO,PRADOS VERDES,XPONDD5907D0,AC,BASINT50,2019-12-01,XPONDD5907D0,2308.0,1.0,35113,-19.00606987654322,58504F4EDD5907D0,MN-CATV2,V1.7.1,42904
44434,2026-03-27,NO NAVEGA. LEDS PARPADEANDO/NO AMARRA,INTERNET FIBRA 120MB,FUERA DE LINEA,GT.OFFLINE,2026-03-28,1500374,ACTIVO,VIRREY,OPTI41FCB41D,AC,INT50,2024-10-07,OPTI41FCB41D,536.0,1.0,44434,-24.025612338858167,4F50544941FCB41D,MONUV142,V12.2.26,46326
43069,2026-03-27,NO NAVEGA. LEDS FIJOS/RUIDO,INTERNET FIBRA 75MB,nan,CLIENTE CONTINUA SIN SEÑAL SOLICITA VISITA TECNICA,2026-03-28,1500047,ACTIVO,PRADOS VERDES,XPONDD3FCB9F,AC,INT30,2023-07-07,XPONDD3FCB9F,994.0,1.0,43069,-21.122095061728334,58504F4EDD3FCB9F,MN-WIFI2,V1.7.1,15657
41325,2026-03-27,NO NAVEGA. LEDS PARPADEANDO/NO AMARRA,INTERNET FIBRA 75MB,CABLE EN MALAS CONDICIONES.,"ER, REQUIERE VISITA",2026-03-27,1500039,ACTIVO,PEDREGAL,485754431DCB5FC5,AC,INT30,,485754431DCB5FC5,,0.0,41325,-24.97869591937075,485754431DCB5FC5,HG8546M,V3R017C10S125,45663
333989,2026-03-27,NO NAVEGA. LEDS PARPADEANDO/NO AMARRA,BASICO TV + INTERNET FIBRA 75MB,LOS ROJO,GT.OFFLINE,2026-03-28,1500374,ACTIVO,VIRREY,BTPTDD26C1A2,AC,BASINT30,2013-12-12,BTPTDD26C1A2,4488.0,1.0,333989,-33.65423879680771,42545054DD26C1A2,nan,nan,nan
32346,2026-03-27,NO NAVEGA. LEDS PARPADEANDO/NO AMARRA,INTERNET FIBRA 60MB,LOS ROJO,"ER, FUERA DE LINEA",2026-03-28,1501465,ACTIVO,PEDREGAL,XPONDD45B822,AC,INT20,2021-11-02,XPONDD45B822,1606.0,1.0,32346,-26.188096116027538,58504F4EDD45B822,MN-WIFI2,V1.7.1,41374
44603,2026-03-27,NO NAVEGA. LEDS PARPADEANDO/NO AMARRA,INTERNET FIBRA 120MB,LOS ROJO,"ER, FUERA DE LINEA",2026-03-28,1501465,ACTIVO,PERIODISMO,XPONDD53012C,AC,INT50,,XPONDD53012C,,1.0,44603,-31.549588456284095,58504F4EDD53012C,MN-WIFI2,V1.7.1,6155
39101,2026-03-27,NO NAVEGA. LEDS PARPADEANDO/NO AMARRA,BASICO TV + INTERNET FIBRA 75MB,LOS ROJO,"ER, FUERA DE LINEA",2026-03-29,1500039,ACTIVO,PERIODISMO,XPONDD28C9A0,AC,BASINT30,2021-10-09,XPONDD28C9A0,1630.0,2.0,39101,-23.333265027322373,58504F4EDD28C9A0,BT-213XR,V1.2.11,35113
44459,2026-03-27,NO NAVEGA. LEDS PARPADEANDO/NO AMARRA,INTERNET FIBRA 60MB,LOS ROJO,"ER, FUERA DE LINEA",2026-03-28,1500047,ACTIVO,MADERO,OPTI41FCB615,AC,INT20,,OPTI41FCB615,,1.0,44459,-40.0,4F50544941FCB615,MONUV142,V12.2.26,44434
42098,2026-03-27,NO NAVEGA. LEDS FIJOS/RUIDO,BASICO TV + INTERNET FIBRA 60MB,nan,"ER, ESTA TRABADO, REQUIERE VISITA",2026-03-28,1500047,ACTIVO,MADERO,XPONDD395ED4,AC,BASINT20,,XPONDD395ED4,,1.0,42098,-34.70463333333329,58504F4EDD395ED4,MN-CATV2,V1.7.1,43069
344414,2026-03-27,NO NAVEGA. LEDS PARPADEANDO/NO AMARRA,INTERNET FIBRA 60MB,TIENE EL NIVEL  BAJO  LE PUEDE GENERAR OS POR FAVOR,"ER, NIVEL MENOS 28.24",2026-03-29,1500039,ACTIVO,PERIODISMO,XPONDD42BB3B,AC,INT20,,XPONDD42BB3B,,2.0,344414,-29.974166666666637,58504F4EDD42BB3B,MN-WIFIDUAL,V1R007C00S001,41325
591,2026-03-27,NO NAVEGA. LEDS PARPADEANDO/NO AMARRA,BASICO TV + INTERNET FIBRA 75MB,nan,"ER, FUERA DE LINEA",2026-03-28,1500047,ACTIVO,MADERO,XPONDD2C0B3E,AC,BASINT30,2013-11-12,XPONDD2C0B3E,4518.0,1.0,591,-28.123535802469025,58504F4EDD2C0B3E,BT-213XR,V1.2.16SP,333989
1441,2026-03-27,NO NAVEGA. LEDS PARPADEANDO/NO AMARRA,BASICO TV + INTERNET FIBRA 75MB,TIENE NIVEL BAJO|| EDWIN ||,"ER, NIVEL MENOS 30.00",2026-03-29,5555555,ACTIVO,MADERO,XPONDD355062,AC,BASINT30,,XPONDD355062,,2.0,1441,-30.093749135802437,58504F4EDD355062,MN-CATV2,V1.7.1,32346
46658,2026-03-27,NO NAVEGA. LEDS PARPADEANDO/NO AMARRA,BASICO TV + INTERNET FIBRA 250MB ($399),LOS ROJO,JE MANDO A CC,2026-03-29,1500039,ACTIVO,PEDREGAL,HWTCAF8FD241,AC,BASINTF250,,HWTCAF8FD241,,2.0,46658,-26.303305632502326,48575443AF8FD241,MONUV411,V2.4.12,44603
344530,2026-03-27,NO NAVEGA. LEDS PARPADEANDO/NO AMARRA,BASICO TV + INTERNET FIBRA 75MB,nan,SE RECONECTA,2026-03-29,1500039,ACTIVO,PEDREGAL,XPONDD6F0C23,AC,BASINT30,,XPONDD6F0C23,,2.0,344530,-29.900335545722555,58504F4EDD6F0C23,MN-CATV2,V1R007C00S001,39101
15273,2026-03-27,NO NAVEGA. LEDS PARPADEANDO/NO AMARRA,BASICO TV + INTERNET FIBRA 60MB,EDWIN ||,GT.OFFLINE,2026-03-29,5555555,ACTIVO,VIRREY,XPONDD3E57B1,AC,BASINT20,,XPONDD3E57B1,,2.0,15273,-23.661860036832515,58504F4EDD3E57B1,MN-CATV2,V1.7.1,44459
13421,2026-03-27,NO NAVEGA. LEDS PARPADEANDO/NO AMARRA,INTERNET FIBRA 75MB,SIGUE SIN SEÑAL || EDWIN ||,"GT, HA PRESENTADO DESCONEXIONES",2026-03-29,5555555,ACTIVO,BELO,48575443E68816A9,AC,INT30,2017-11-12,48575443E68816A9,3057.0,2.0,13421,-27.00011413843894,48575443E68816A9,HG8546M,V3R017C10S125,42098
42098,2026-03-27,NO NAVEGA. LEDS PARPADEANDO/NO AMARRA,BASICO TV + INTERNET FIBRA 60MB,nan,"ER, FUERA DE LINEA",2026-03-28,5555555,ACTIVO,MADERO,XPONDD395ED4,AC,BASINT20,,XPONDD395ED4,,1.0,42098,-34.70463333333329,58504F4EDD395ED4,MN-CATV2,V1.7.1,344414
2074,2026-03-27,NO NAVEGA. LEDS PARPADEANDO/NO AMARRA,BASICO TV + INTERNET FIBRA 60MB,|| EDWIN ||,"GT, SE ENVIA A CC",2026-03-29,5555555,ACTIVO,PRADOS VERDES,XPONDD4C643A,AC,BASINT20,2014-05-02,XPONDD4C643A,4347.0,2.0,2074,-20.76782049382714,58504F4EDD4C643A,MN-CATV2,V1.7.1,591
45965,2026-03-27,NO NAVEGA. LEDS PARPADEANDO/NO AMARRA,BASICO TV + INTERNET FIBRA 250MB ($399),LOS ROJO SIN SEÑAL EN AMBOS SERVICIOS,GT. SE ENVIA A CC,2026-03-28,1501177,ACTIVO,RICARDO FLORES MAGON,XPONDD7EB356,AC,BASINTF250,2025-07-11,XPONDD7EB356,259.0,1.0,45965,-25.271028761061974,58504F4EDD7EACDE,MN-CATV2,V1.7.1,1441
45730,2026-03-27,NO NAVEGA. LEDS PARPADEANDO/NO AMARRA,BASICO TV + INTERNET FIBRA 250MB ($399),AMBOS SERVICIOS,GT.OFFLINE,2026-03-30,1500503,ACTIVO,SANTIAGUITO,XPONAF19AAB0,AC,BASINTF250,,XPONAF19AAB0,,3.0,45730,-20.016202723146773,58504F4EAF19AAB0,HG102AT,V1.7.1,46658
37001,2026-03-27,NO NAVEGA. LEDS PARPADEANDO/NO AMARRA,INTERNET FIBRA 45MB (NO VIGENTE),TIENE EL NIVEL BAJO REQUIERE VISITA,"ER, NIVEL MENOS 28.24",2026-03-30,1500047,ACTIVO,MADERO,XPONDD41F06B,AC,INT10,,XPONDD41F06B,,3.0,37001,-28.189918518518684,58504F4EDD41F06B,MN-WIFI2,V1.7.1,344530
26099,2026-03-28,NO NAVEGA. LEDS PARPADEANDO/NO AMARRA,INTERNET FIBRA 45MB (NO VIGENTE),SIN ACCESO,nan,2026-03-28,5555555,ACTIVO,MADERO,XPONDD45C02A,AC,INT10,,XPONDD45C02A,,0.0,26099,-30.27260493827165,58504F4EDD45C02A,MN-WIFI2,V1.7.1,15273
42340,2026-03-28,NO NAVEGA. LEDS PARPADEANDO/NO AMARRA,INTERNET FIBRA 60MB,nan,"ER, FUERA DE LINEA",2026-03-30,1500047,ACTIVO,PUNHUATO,485754435753F071,AC,INT20,2023-09-02,485754435753F071,938.0,2.0,42340,-23.68178747534517,58504F4EDD531164,MN-WIFI2,V1.7.1,13421
6155,2026-03-28,CAMBIO DE ACOMETIDA,BASICO TV + INTERNET FIBRA 60MB,CLIENTE ENTERADO CAMBIO DE ACOMETIDA RIGO,nan,2026-03-28,5555555,ACTIVO,PERIODISMO,OPTI38C04495,AC,BASINT20,2014-10-04,OPTI38C04495,4193.0,0.0,6155,-23.902042349726756,4F50544938C04495,IGD,0,42098
44603,2026-03-28,CAMBIO DE ACOMETIDA,INTERNET FIBRA 120MB,TEC SOLICITA OS TIT ENTERADO QUE NO TIENE COSTO,nan,2026-03-28,5555555,ACTIVO,PERIODISMO,XPONDD53012C,AC,INT50,,XPONDD53012C,,0.0,44603,-31.549588456284095,58504F4EDD53012C,MN-WIFI2,V1.7.1,2074
38408,2026-03-28,NO NAVEGA. LEDS FIJOS/RUIDO,INTERNET FIBRA 120MB,nan,"ER, FUERA DE LINEA",2026-03-29,1500036,ACTIVO,PEDREGAL,XPONDD43A44B,AC,INT50,,XPONDD43A44B,,1.0,38408,-27.352315634218364,58504F4EDD43A44B,MN-WIFI2,V1.7.1,45965_M
349006,2026-03-28,NO NAVEGA. LEDS PARPADEANDO/NO AMARRA,BASICO TV + INTERNET FIBRA 45MB (NO VIGENTE),LOS ROJO|| EDWIN ||,"ER, VARIAS DESCONEXIONES",2026-03-29,5555555,ACTIVO,BELO,XPONDD52D0BC,AC,BASINT10,2016-03-12,XPONDD52D0BC,3668.0,1.0,349006,-25.690741286205284,58504F4EDD52D0BC,MN-CATV2,V1.7.1,45730
38408,2026-03-28,EQUIPO DA?ADO,INTERNET FIBRA 120MB,TEC SOLICITA,nan,2026-03-29,1500036,ACTIVO,PEDREGAL,XPONDD43A44B,AC,INT50,,XPONDD43A44B,,1.0,38408,-27.352315634218364,58504F4EDD43A44B,MN-WIFI2,V1.7.1,37001
6155,2026-03-28,NO NAVEGA. LEDS PARPADEANDO/NO AMARRA,BASICO TV + INTERNET FIBRA 60MB,LOS ROJO,"ER, VARIAS DESCONEXIONES",2026-03-29,1500039,ACTIVO,PERIODISMO,OPTI38C04495,AC,BASINT20,2014-10-04,OPTI38C04495,4193.0,1.0,6155,-23.902042349726756,4F50544938C04495,IGD,0,26099
28862,2026-03-29,NO NAVEGA. LEDS PARPADEANDO/NO AMARRA,BASICO TV + INTERNET FIBRA 75MB,nan,"ER, FUERA DE LINEA",2026-03-30,1500047,ACTIVO,PRADOS VERDES,XPON1D42EDB4,AC,BASINT30,2016-01-11,XPON1D42EDB4,3730.0,1.0,28862,-18.14388123456788,58504F4E1D42EDB4,HG102AT,V1.7.1,nan
34361,2026-03-29,NO NAVEGA. LEDS PARPADEANDO/NO AMARRA,BASICO TV + INTERNET FIBRA 250MB ($399),SIN SEÑAL,nan,2026-03-30,1500374,ACTIVO,BELO,HWTC50026846,AC,BASINTF250,,HWTC50026846,,1.0,34361,-21.424067255768243,4857544350026846,CNA-ONU-2GE2WXCA,V1.7.1,6155
31139,2026-03-29,NO NAVEGA. LEDS PARPADEANDO/NO AMARRA,BASICO TV + INTERNET FIBRA 60MB,FOCO ROJO,"ER, VARIAS DESCONEXIONES",2026-03-31,1500039,ACTIVO,PEDREGAL,XPONDD302FAE,AC,BASINT20,2017-03-05,XPONDD302FAE,3311.0,2.0,31139,-24.646139380531096,58504F4EDD302FAE,MN-CATV2,V1.7.1,44603
1293,2026-03-30,NO NAVEGA. LEDS PARPADEANDO/NO AMARRA,BASICO TV + INTERNET FIBRA 250MB ($399),CLIENTE COMENTA TIENE FALLA EN AMBOS SERVICIOS.  INTERNET Y CABLE.,"ER, FUERA DE LINEA TEC JAIME",2026-03-31,1500046,ACTIVO,PERIODISMO,HWTC1DD89324,AC,BASINTF250,,HWTC1DD89324,,1.0,1293,-21.981825478142085,485754431DD89324,CNA-ONU-4GE2WXCA,V1.7.1,38408
1293,2026-03-30,NO NAVEGA. LEDS PARPADEANDO/NO AMARRA,BASICO TV + INTERNET FIBRA 250MB ($399),CLIENTE COMENTA TIENE FALLA EN AMBOS SERVICIOS.  INTERNET Y CABLE.,"ER, FUERA DE LINEA TEC JAIME",2026-03-31,1500046,ACTIVO,PERIODISMO,HWTC1DD89324,AC,BASINTF250,,HWTC1DD89324,,1.0,1293,-21.981825478142085,485754431DD89324,CNA-ONU-4GE2WXCA,V1.7.1,43313
33453,2026-03-30,NO NAVEGA. LEDS PARPADEANDO/NO AMARRA,INTERNET FIBRA 60MB,LOS ROJO,"ER, FUERA DE LINEA",2026-04-01,1500039,ACTIVO,PERIODISMO,XPONDD3FD82F,AC,INT20,,XPONDD3FD82F,,2.0,33453,-32.59101605191247,58504F4EDD3FD82F,MN-WIFI2,V1.7.1,349006
9539,2026-03-30,NO NAVEGA. LEDS PARPADEANDO/NO AMARRA,BASICO TV + INTERNET FIBRA 75MB,LOS LOS SIN SEÑAL EN AMBOS SERVICIOS,"ER, FUERA DE LINEA",2026-04-01,1500039,ACTIVO,PERIODISMO,XPONDD7E9586,AC,BASINT30,,XPONDD7E9586,,2.0,9539,-24.05741120218585,58504F4EDD7E9586,MN-CATVDUALM,V1R007C00S001,38408
46628,2026-03-30,NO NAVEGA. LEDS FIJOS/RUIDO,BASICO TV + INTERNET FIBRA 250MB ($399),nan,PIDE VISITA,2026-04-01,1500047,ACTIVO,MADERO,HWTCAF906589,AC,BASINTF250,2026-04-03,HWTCAF906589,-4.0,2.0,46628,-25.218265598650955,48575443AF906589,MONUV411,V2.4.12,43313
42340,2026-03-30,EQUIPO DA?ADO,INTERNET FIBRA 60MB,CLIENTE ENTERADO CAMBIO DE EQUIPO SIN COSTO DANIEL,nan,2026-03-30,1500047,ACTIVO,PUNHUATO,485754435753F071,AC,INT20,2023-09-02,485754435753F071,940.0,0.0,42340,-23.68178747534517,58504F4EDD531164,MN-WIFI2,V1.7.1,6155
40206,2026-03-30,NO NAVEGA. LEDS PARPADEANDO/NO AMARRA,BASICO TV + INTERNET FIBRA 120MB,nan,MODELO DE MODEM BT213XR CAMBIO DE EQUIPO,2026-04-01,1500285,ACTIVO,VIRREY,CDTCAFA3E546,AC,BASINT50,2022-10-02,CDTCAFA3E546,1275.0,2.0,40206,-25.09238457635717,43445443AFA3E546,FD712GD-R850,V1.7.1,28862
41749,2026-03-30,NO NAVEGA. LEDS PARPADEANDO/NO AMARRA,BASICO TV + INTERNET FIBRA 250MB ($399),LOS ROJO,"ER, FUERA DE LINEA",2026-04-01,1500039,ACTIVO,PERIODISMO,CDTCAFA3E56A,AC,BASINTF250,,CDTCAFA3E56A,,2.0,41749,-24.096197062841547,43445443AFA3E56A,FD712GD-R850,V1.7.1,34361
41749,2026-03-30,NO NAVEGA. LEDS PARPADEANDO/NO AMARRA,BASICO TV + INTERNET FIBRA 250MB ($399),LOS ROJO,"ER, FUERA DE LINEA",2026-04-01,1500039,ACTIVO,PERIODISMO,CDTCAFA3E56A,AC,BASINTF250,,CDTCAFA3E56A,,2.0,41749,-24.096197062841547,43445443AFA3E56A,FD712GD-R850,V1.7.1,31139
344242,2026-03-30,NO NAVEGA. LEDS PARPADEANDO/NO AMARRA,INTERNET FIBRA 45MB (NO VIGENTE),LOS ROJO,"ER, FUERA DE LINEA",2026-04-01,1500039,ACTIVO,PEDREGAL,XPONDD53193C,AC,INT10,2017-11-05,XPONDD53193C,3067.0,2.0,344242,-24.335420353982233,58504F4EDD53193C,MN-WIFI2,V1.7.1,45161
28014,2026-03-30,NO NAVEGA. LEDS PARPADEANDO/NO AMARRA,BASICO TV + INTERNET FIBRA 250MB ($399),nan,FUERA DE LINEA REQUIERE VISITA,2026-04-02,1500285,ACTIVO,VIRREY,nan,AC,BASINTF250,2026-11-03,nan,-218.0,3.0,28014,-23.64139285714291,48575443AF912F61,MONUV411,V2.4.12,1293
46604,2026-03-31,NO NAVEGA. LEDS PARPADEANDO/NO AMARRA,BASICO TV + INTERNET FIBRA 250MB ($399),LOS ROJO,"ER, REQUIERE VISITA",2026-04-01,1500047,ACTIVO,MADERO,HWTCAF8FFEA5,AC,BASINTF250,2026-03-03,HWTCAF8FFEA5,28.0,1.0,46604,-26.296248776508946,48575443AF8FFEA5,MONUV411,V2.4.12,45161
41325,2026-03-31,NO NAVEGA. LEDS PARPADEANDO/NO AMARRA,INTERNET FIBRA 75MB,CLIENTE COMENTA QUE  NO TIENE SERVICIO DESDE AYER,"ER, FUERA DE LINEA",2026-04-01,1500039,ACTIVO,PEDREGAL,485754431DCB5FC5,AC,INT30,,485754431DCB5FC5,,1.0,41325,-24.97869591937075,485754431DCB5FC5,HG8546M,V3R017C10S125,1293
44459,2026-03-31,NO NAVEGA. LEDS PARPADEANDO/NO AMARRA,INTERNET FIBRA 60MB,LOS ROJO,"ER, FUERA DE LINEA",2026-04-01,1500047,ACTIVO,MADERO,OPTI41FCB615,AC,INT20,,OPTI41FCB615,,1.0,44459,-40.0,4F50544941FCB615,MONUV142,V12.2.26,33453
26099,2026-03-31,NO NAVEGA. LEDS PARPADEANDO/NO AMARRA,INTERNET FIBRA 45MB (NO VIGENTE),SIN CONEXION,"ER, NIVEL BAJO MENOS 28.86",2026-04-01,1500047,ACTIVO,MADERO,XPONDD45C02A,AC,INT10,,XPONDD45C02A,,1.0,26099,-30.27260493827165,58504F4EDD45C02A,MN-WIFI2,V1.7.1,9539
45636,2026-03-31,NO NAVEGA. LEDS FIJOS/RUIDO,BASICO TV + INTERNET FIBRA 250MB ($399),NO NAVEGA,nan,2026-04-01,1500503,ACTIVO,SANTIAGUITO,HWTCAF3AD5EE,AC,BASINTF250,2025-12-09,HWTCAF3AD5EE,112.0,1.0,45636,-22.270239536056504,48575443AF3AD5EE,CNA-ONU-4GE2WXCA,V1.7.1,46628
39977,2026-03-31,NO NAVEGA. LEDS PARPADEANDO/NO AMARRA,INTERNET FIBRA 75MB,LOS ROJO,"GT, PRESENTO DESCONEXION",2026-04-01,1500285,ACTIVO,VIRREY,OPTI37B0F815,AC,INT30,2024-09-01,OPTI37B0F815,576.0,1.0,39977,-18.996252302025724,4F50544937B0F815,IGD,0,nan
46747,2026-03-31,NO NAVEGA. LEDS PARPADEANDO/NO AMARRA,BASICO TV + INTERNET FIBRA 250MB ($399),TIT COMENTA QUE PERFORARON UN TUVO QUE BAJA DEL AGUA DE LA AZOTEA AL HACER LA INSTALACION,MC POR TIPO DE FALLA SE REQUIERE VISITA,,1501177,ACTIVO,EL REALITO,HWTC50026BD6,AC,BASINTF250,,HWTC50026BD6,,,46747,-21.061409883720945,43445443AFA3E546,FD712GD-R850,V1.7.1,40206
3683,2026-03-31,NO NAVEGA. LEDS PARPADEANDO/NO AMARRA,BASICO TV + INTERNET FIBRA 60MB,nan,"GT, PRESENTO DESCONEXION",2026-04-04,1500285,ACTIVO,VIRREY,XPONDD2BD3CE,AC,BASINT20,2014-05-03,XPONDD2BD3CE,4350.0,4.0,3683,-22.368196746470357,58504F4EDD2BD3CE,BT-213XR,V1.2.16SP,41749
32731,2026-03-31,NO NAVEGA. LEDS PARPADEANDO/NO AMARRA,BASICO TV + INTERNET FIBRA 250MB ($399),LOS ROJO,"ER, FUERA DE LINEA",2026-04-01,1500047,ACTIVO,PRADOS VERDES,HWTCAF3AAFEA,AC,BASINTF250,2025-08-10,HWTCAF3AAFEA,233.0,1.0,32731,-28.45889333333336,48575443AF3AAFEA,CNA-ONU-4GE2WXCA,V1.7.1,41749
36080,2026-03-31,NO NAVEGA. LEDS FIJOS/RUIDO,BASICO TV + INTERNET FIBRA 75MB,nan,"ER, FUERA DE LINEA",2026-04-02,1500039,ACTIVO,PRADOS VERDES,OPTI38C04D1D,AC,BASINT30,2019-06-12,OPTI38C04D1D,2484.0,2.0,36080,-23.272646913580243,4F50544938C04D1D,IGD,0,344242
35844,2026-03-31,NO NAVEGA. LEDS PARPADEANDO/NO AMARRA,BASICO TV + INTERNET FIBRA 250MB ($399),nan,nan,2026-04-04,1500285,ACTIVO,VIRREY,HWTC5002974A,AC,BASINTF250,,HWTC5002974A,,4.0,35844,-22.325922619047617,485754435002974A,CNA-ONU-2GE2WXCA,V1.7.1,nan
8208,2026-03-31,NO NAVEGA. LEDS PARPADEANDO/NO AMARRA,INTERNET FIBRA 75MB,nan,"ER, FUERA DE LINEA",2026-04-01,1500039,ACTIVO,PEDREGAL,XPONDD4CD9B2,AC,INT30,2024-02-07,XPONDD4CD9B2,783.0,1.0,8208,-40.0,58504F4EDD4CD9B2,MONUV411,V2.4.12,46604
43005,2026-03-31,NO NAVEGA. LEDS PARPADEANDO/NO AMARRA,BASICO TV + INTERNET FIBRA 60MB,AMBOS SERVICIOS,nan,2026-04-01,1500047,ACTIVO,MADERO,XPONDD3FC1A7,AC,BASINT20,2023-10-07,XPONDD3FC1A7,906.0,1.0,43005,-20.930567407407437,58504F4EDD3FC1A7,MN-CATV2,V1.7.1,41325
4929,2026-03-31,NO NAVEGA. LEDS PARPADEANDO/NO AMARRA,INTERNET FIBRA 60MB,LOS ROJO,"ER, FUERA DE LINEA",2026-04-03,1500039,ACTIVO,BELO,485754438B8B3D8B,AC,INT20,,485754438B8B3D8B,,3.0,4929,-24.12598429062341,485754438B8B3D8B,546M,V3R016C10S130,44459
346183,2026-03-31,NO NAVEGA. LEDS PARPADEANDO/NO AMARRA,BASICO TV + INTERNET FIBRA 250MB ($399),LOS ROJO,nan,2026-04-01,1500047,ACTIVO,PRADOS VERDES,OPTI37B0A8C5,AC,BASINTF250,,OPTI37B0A8C5,,1.0,346183,-22.074223209876507,485754435002AF86,CNA-ONU-2GE2WXCA,V1.7.1,26099
46567,2026-03-31,NO NAVEGA. LEDS PARPADEANDO/NO AMARRA,BASICO TV + INTERNET FIBRA 250MB ($399),LA SEÑAL CONTINUA MUY INESTABLE,MC POR TIPO DE FALLA SE REQUIERE VISITA,2026-04-06,1500503,ACTIVO,SANTIAGUITO,HWTCAF91200D,AC,BASINTF250,2026-10-03,HWTCAF91200D,-186.0,6.0,46567,-21.939456845238077,48575443AF3AD5EE,CNA-ONU-4GE2WXCA,V1.7.1,45636
45873,2026-03-31,NO NAVEGA. LEDS FIJOS/RUIDO,BASICO TV + INTERNET FIBRA 250MB ($399),SEÑAL MUY LENTA,"ER, SE RECOMIENDA VISITA",2026-04-01,1500039,ACTIVO,PEDREGAL,XPONDD7EAA36,AC,BASINTF250,,XPONDD7EAA36,,1.0,45873,-22.658128072763024,58504F4EDD7EAA36,MN-CATVDUALM,V1R007C00S001,39977
347865,2026-03-31,NO NAVEGA. LEDS PARPADEANDO/NO AMARRA,INTERNET FIBRA 75MB,SIN SEÑAL,nan,2026-04-01,1500047,ACTIVO,PRADOS VERDES,HWTCAFAA181D,AC,INT30,2026-09-02,HWTCAFAA181D,-155.0,1.0,347865,-20.89438666666666,48575443AFAA181D,CNA-ONU-4GE2WX,V1.7.1,46747_M
